ISO-10303-21;
HEADER;
FILE_DESCRIPTION(('KiCad electronic assembly'),'2;1');
FILE_NAME('nfc_sense_ntag.step','2026-07-31T23:10:14',('Pcbnew'),(
    'Kicad'),'Open CASCADE STEP processor 7.9','KiCad to STEP converter'
  ,'Unknown');
FILE_SCHEMA(('AUTOMOTIVE_DESIGN { 1 0 10303 214 1 1 1 1 }'));
ENDSEC;
DATA;
#1 = APPLICATION_PROTOCOL_DEFINITION('international standard',
  'automotive_design',2000,#2);
#2 = APPLICATION_CONTEXT(
  'core data for automotive mechanical design processes');
#3 = SHAPE_DEFINITION_REPRESENTATION(#4,#10);
#4 = PRODUCT_DEFINITION_SHAPE('','',#5);
#5 = PRODUCT_DEFINITION('design','',#6,#9);
#6 = PRODUCT_DEFINITION_FORMATION('','',#7);
#7 = PRODUCT('nfc_sense_ntag 1','nfc_sense_ntag 1','',(#8));
#8 = PRODUCT_CONTEXT('',#2,'mechanical');
#9 = PRODUCT_DEFINITION_CONTEXT('part definition',#2,'design');
#10 = SHAPE_REPRESENTATION('',(#11,#15,#19,#23,#27,#31,#35,#39,#43,#47,
    #51,#55,#59,#63,#67,#71),#75);
#11 = AXIS2_PLACEMENT_3D('',#12,#13,#14);
#12 = CARTESIAN_POINT('',(0.,0.,0.));
#13 = DIRECTION('',(0.,0.,1.));
#14 = DIRECTION('',(1.,0.,-0.));
#15 = AXIS2_PLACEMENT_3D('',#16,#17,#18);
#16 = CARTESIAN_POINT('',(125.5,-48.,0.796));
#17 = DIRECTION('',(0.,0.,1.));
#18 = DIRECTION('',(-1.,1.224646799147E-16,0.));
#19 = AXIS2_PLACEMENT_3D('',#20,#21,#22);
#20 = CARTESIAN_POINT('',(125.5,-46.4,0.796));
#21 = DIRECTION('',(0.,0.,1.));
#22 = DIRECTION('',(-1.,1.224646799147E-16,0.));
#23 = AXIS2_PLACEMENT_3D('',#24,#25,#26);
#24 = CARTESIAN_POINT('',(126.,-50.7,0.796));
#25 = DIRECTION('',(0.,0.,1.));
#26 = DIRECTION('',(-1.,1.224646799147E-16,0.));
#27 = AXIS2_PLACEMENT_3D('',#28,#29,#30);
#28 = CARTESIAN_POINT('',(129.5,-38.7,0.796));
#29 = DIRECTION('',(-0.,0.,1.));
#30 = DIRECTION('',(1.110223024625E-16,-1.,0.));
#31 = AXIS2_PLACEMENT_3D('',#32,#33,#34);
#32 = CARTESIAN_POINT('',(132.9,-52.5,0.796));
#33 = DIRECTION('',(0.,0.,1.));
#34 = DIRECTION('',(1.,0.,0.));
#35 = AXIS2_PLACEMENT_3D('',#36,#37,#38);
#36 = CARTESIAN_POINT('',(129.5,-46.25,0.796));
#37 = DIRECTION('',(0.,0.,1.));
#38 = DIRECTION('',(1.,0.,0.));
#39 = AXIS2_PLACEMENT_3D('',#40,#41,#42);
#40 = CARTESIAN_POINT('',(133.5,-46.4,0.796));
#41 = DIRECTION('',(0.,0.,1.));
#42 = DIRECTION('',(-1.,1.224646799147E-16,0.));
#43 = AXIS2_PLACEMENT_3D('',#44,#45,#46);
#44 = CARTESIAN_POINT('',(129.5,-40.6,0.796));
#45 = DIRECTION('',(0.,0.,1.));
#46 = DIRECTION('',(-1.,1.224646799147E-16,0.));
#47 = AXIS2_PLACEMENT_3D('',#48,#49,#50);
#48 = CARTESIAN_POINT('',(129.5,-50.3,0.796));
#49 = DIRECTION('',(0.,0.,1.));
#50 = DIRECTION('',(-1.,1.224646799147E-16,0.));
#51 = AXIS2_PLACEMENT_3D('',#52,#53,#54);
#52 = CARTESIAN_POINT('',(129.48,-52.6,0.796));
#53 = DIRECTION('',(0.,0.,1.));
#54 = DIRECTION('',(-1.,1.224646799147E-16,0.));
#55 = AXIS2_PLACEMENT_3D('',#56,#57,#58);
#56 = CARTESIAN_POINT('',(132.9,-50.7,0.796));
#57 = DIRECTION('',(0.,0.,1.));
#58 = DIRECTION('',(1.,0.,0.));
#59 = AXIS2_PLACEMENT_3D('',#60,#61,#62);
#60 = CARTESIAN_POINT('',(133.5,-48.,0.796));
#61 = DIRECTION('',(0.,0.,1.));
#62 = DIRECTION('',(-1.,1.224646799147E-16,0.));
#63 = AXIS2_PLACEMENT_3D('',#64,#65,#66);
#64 = CARTESIAN_POINT('',(126.,-52.4,0.796));
#65 = DIRECTION('',(0.,0.,1.));
#66 = DIRECTION('',(-1.,1.224646799147E-16,0.));
#67 = AXIS2_PLACEMENT_3D('',#68,#69,#70);
#68 = CARTESIAN_POINT('',(129.48,-53.7,0.796));
#69 = DIRECTION('',(0.,0.,1.));
#70 = DIRECTION('',(-1.,1.224646799147E-16,0.));
#71 = AXIS2_PLACEMENT_3D('',#72,#73,#74);
#72 = CARTESIAN_POINT('',(0.,0.,0.));
#73 = DIRECTION('',(0.,0.,1.));
#74 = DIRECTION('',(1.,0.,-0.));
#75 = ( GEOMETRIC_REPRESENTATION_CONTEXT(3) 
GLOBAL_UNCERTAINTY_ASSIGNED_CONTEXT((#79)) GLOBAL_UNIT_ASSIGNED_CONTEXT(
(#76,#77,#78)) REPRESENTATION_CONTEXT('Context #1',
  '3D Context with UNIT and UNCERTAINTY') );
#76 = ( LENGTH_UNIT() NAMED_UNIT(*) SI_UNIT(.MILLI.,.METRE.) );
#77 = ( NAMED_UNIT(*) PLANE_ANGLE_UNIT() SI_UNIT($,.RADIAN.) );
#78 = ( NAMED_UNIT(*) SI_UNIT($,.STERADIAN.) SOLID_ANGLE_UNIT() );
#79 = UNCERTAINTY_MEASURE_WITH_UNIT(LENGTH_MEASURE(1.E-07),#76,
  'distance_accuracy_value','confusion accuracy');
#80 = PRODUCT_RELATED_PRODUCT_CATEGORY('part',$,(#7));
#81 = SHAPE_DEFINITION_REPRESENTATION(#82,#88);
#82 = PRODUCT_DEFINITION_SHAPE('','',#83);
#83 = PRODUCT_DEFINITION('design','',#84,#87);
#84 = PRODUCT_DEFINITION_FORMATION('','',#85);
#85 = PRODUCT('C_0603_1608Metric','C_0603_1608Metric','',(#86));
#86 = PRODUCT_CONTEXT('',#2,'mechanical');
#87 = PRODUCT_DEFINITION_CONTEXT('part definition',#2,'design');
#88 = SHAPE_REPRESENTATION('',(#11,#89),#93);
#89 = AXIS2_PLACEMENT_3D('',#90,#91,#92);
#90 = CARTESIAN_POINT('',(0.,0.,0.));
#91 = DIRECTION('',(0.,0.,1.));
#92 = DIRECTION('',(1.,0.,-0.));
#93 = ( GEOMETRIC_REPRESENTATION_CONTEXT(3) 
GLOBAL_UNCERTAINTY_ASSIGNED_CONTEXT((#97)) GLOBAL_UNIT_ASSIGNED_CONTEXT(
(#94,#95,#96)) REPRESENTATION_CONTEXT('Context #1',
  '3D Context with UNIT and UNCERTAINTY') );
#94 = ( LENGTH_UNIT() NAMED_UNIT(*) SI_UNIT(.MILLI.,.METRE.) );
#95 = ( NAMED_UNIT(*) PLANE_ANGLE_UNIT() SI_UNIT($,.RADIAN.) );
#96 = ( NAMED_UNIT(*) SI_UNIT($,.STERADIAN.) SOLID_ANGLE_UNIT() );
#97 = UNCERTAINTY_MEASURE_WITH_UNIT(LENGTH_MEASURE(1.E-07),#94,
  'distance_accuracy_value','confusion accuracy');
#98 = CONTEXT_DEPENDENT_SHAPE_REPRESENTATION(#99,#101);
#99 = ( REPRESENTATION_RELATIONSHIP('','',#88,#10) 
REPRESENTATION_RELATIONSHIP_WITH_TRANSFORMATION(#100) 
SHAPE_REPRESENTATION_RELATIONSHIP() );
#100 = ITEM_DEFINED_TRANSFORMATION('','',#11,#15);
#101 = PRODUCT_DEFINITION_SHAPE('Placement','Placement of an item',#102
  );
#102 = NEXT_ASSEMBLY_USAGE_OCCURRENCE('2','C6','',#5,#83,$);
#103 = PRODUCT_RELATED_PRODUCT_CATEGORY('part',$,(#85));
#104 = SHAPE_DEFINITION_REPRESENTATION(#105,#111);
#105 = PRODUCT_DEFINITION_SHAPE('','',#106);
#106 = PRODUCT_DEFINITION('design','',#107,#110);
#107 = PRODUCT_DEFINITION_FORMATION('','',#108);
#108 = PRODUCT('C_0603_1608Metric','C_0603_1608Metric','',(#109));
#109 = PRODUCT_CONTEXT('',#2,'mechanical');
#110 = PRODUCT_DEFINITION_CONTEXT('part definition',#2,'design');
#111 = ADVANCED_BREP_SHAPE_REPRESENTATION('',(#11,#112),#966);
#112 = MANIFOLD_SOLID_BREP('',#113);
#113 = CLOSED_SHELL('',(#114,#190,#221,#246,#271,#295,#319,#344,#369,
    #386,#472,#504,#528,#553,#577,#602,#626,#651,#668,#754,#785,#810,
    #835,#859,#883,#908,#933,#950));
#114 = ADVANCED_FACE('',(#115),#185,.F.);
#115 = FACE_BOUND('',#116,.F.);
#116 = EDGE_LOOP('',(#117,#127,#136,#144,#153,#161,#170,#178));
#117 = ORIENTED_EDGE('',*,*,#118,.F.);
#118 = EDGE_CURVE('',#119,#121,#123,.T.);
#119 = VERTEX_POINT('',#120);
#120 = CARTESIAN_POINT('',(-0.8,-0.4,3.E-02));
#121 = VERTEX_POINT('',#122);
#122 = CARTESIAN_POINT('',(-0.8,-0.4,0.77));
#123 = LINE('',#124,#125);
#124 = CARTESIAN_POINT('',(-0.8,-0.4,0.));
#125 = VECTOR('',#126,1.);
#126 = DIRECTION('',(0.,0.,1.));
#127 = ORIENTED_EDGE('',*,*,#128,.T.);
#128 = EDGE_CURVE('',#119,#129,#131,.T.);
#129 = VERTEX_POINT('',#130);
#130 = CARTESIAN_POINT('',(-0.8,-0.37,0.));
#131 = CIRCLE('',#132,3.E-02);
#132 = AXIS2_PLACEMENT_3D('',#133,#134,#135);
#133 = CARTESIAN_POINT('',(-0.8,-0.37,3.E-02));
#134 = DIRECTION('',(1.,0.,-0.));
#135 = DIRECTION('',(0.,0.,1.));
#136 = ORIENTED_EDGE('',*,*,#137,.T.);
#137 = EDGE_CURVE('',#129,#138,#140,.T.);
#138 = VERTEX_POINT('',#139);
#139 = CARTESIAN_POINT('',(-0.8,0.37,0.));
#140 = LINE('',#141,#142);
#141 = CARTESIAN_POINT('',(-0.8,-0.4,0.));
#142 = VECTOR('',#143,1.);
#143 = DIRECTION('',(0.,1.,0.));
#144 = ORIENTED_EDGE('',*,*,#145,.F.);
#145 = EDGE_CURVE('',#146,#138,#148,.T.);
#146 = VERTEX_POINT('',#147);
#147 = CARTESIAN_POINT('',(-0.8,0.4,3.E-02));
#148 = CIRCLE('',#149,3.E-02);
#149 = AXIS2_PLACEMENT_3D('',#150,#151,#152);
#150 = CARTESIAN_POINT('',(-0.8,0.37,3.E-02));
#151 = DIRECTION('',(-1.,0.,0.));
#152 = DIRECTION('',(0.,0.,1.));
#153 = ORIENTED_EDGE('',*,*,#154,.T.);
#154 = EDGE_CURVE('',#146,#155,#157,.T.);
#155 = VERTEX_POINT('',#156);
#156 = CARTESIAN_POINT('',(-0.8,0.4,0.77));
#157 = LINE('',#158,#159);
#158 = CARTESIAN_POINT('',(-0.8,0.4,0.));
#159 = VECTOR('',#160,1.);
#160 = DIRECTION('',(0.,0.,1.));
#161 = ORIENTED_EDGE('',*,*,#162,.T.);
#162 = EDGE_CURVE('',#155,#163,#165,.T.);
#163 = VERTEX_POINT('',#164);
#164 = CARTESIAN_POINT('',(-0.8,0.37,0.8));
#165 = CIRCLE('',#166,3.E-02);
#166 = AXIS2_PLACEMENT_3D('',#167,#168,#169);
#167 = CARTESIAN_POINT('',(-0.8,0.37,0.77));
#168 = DIRECTION('',(1.,0.,-0.));
#169 = DIRECTION('',(0.,0.,1.));
#170 = ORIENTED_EDGE('',*,*,#171,.F.);
#171 = EDGE_CURVE('',#172,#163,#174,.T.);
#172 = VERTEX_POINT('',#173);
#173 = CARTESIAN_POINT('',(-0.8,-0.37,0.8));
#174 = LINE('',#175,#176);
#175 = CARTESIAN_POINT('',(-0.8,-0.4,0.8));
#176 = VECTOR('',#177,1.);
#177 = DIRECTION('',(0.,1.,0.));
#178 = ORIENTED_EDGE('',*,*,#179,.F.);
#179 = EDGE_CURVE('',#121,#172,#180,.T.);
#180 = CIRCLE('',#181,3.E-02);
#181 = AXIS2_PLACEMENT_3D('',#182,#183,#184);
#182 = CARTESIAN_POINT('',(-0.8,-0.37,0.77));
#183 = DIRECTION('',(-1.,0.,0.));
#184 = DIRECTION('',(0.,0.,1.));
#185 = PLANE('',#186);
#186 = AXIS2_PLACEMENT_3D('',#187,#188,#189);
#187 = CARTESIAN_POINT('',(-0.8,-0.4,0.));
#188 = DIRECTION('',(1.,0.,0.));
#189 = DIRECTION('',(0.,0.,1.));
#190 = ADVANCED_FACE('',(#191),#216,.F.);
#191 = FACE_BOUND('',#192,.F.);
#192 = EDGE_LOOP('',(#193,#203,#209,#210));
#193 = ORIENTED_EDGE('',*,*,#194,.F.);
#194 = EDGE_CURVE('',#195,#197,#199,.T.);
#195 = VERTEX_POINT('',#196);
#196 = CARTESIAN_POINT('',(-0.5,-0.4,3.E-02));
#197 = VERTEX_POINT('',#198);
#198 = CARTESIAN_POINT('',(-0.5,-0.4,0.77));
#199 = LINE('',#200,#201);
#200 = CARTESIAN_POINT('',(-0.5,-0.4,0.));
#201 = VECTOR('',#202,1.);
#202 = DIRECTION('',(0.,0.,1.));
#203 = ORIENTED_EDGE('',*,*,#204,.F.);
#204 = EDGE_CURVE('',#119,#195,#205,.T.);
#205 = LINE('',#206,#207);
#206 = CARTESIAN_POINT('',(-0.8,-0.4,3.E-02));
#207 = VECTOR('',#208,1.);
#208 = DIRECTION('',(1.,0.,0.));
#209 = ORIENTED_EDGE('',*,*,#118,.T.);
#210 = ORIENTED_EDGE('',*,*,#211,.T.);
#211 = EDGE_CURVE('',#121,#197,#212,.T.);
#212 = LINE('',#213,#214);
#213 = CARTESIAN_POINT('',(-0.8,-0.4,0.77));
#214 = VECTOR('',#215,1.);
#215 = DIRECTION('',(1.,0.,0.));
#216 = PLANE('',#217);
#217 = AXIS2_PLACEMENT_3D('',#218,#219,#220);
#218 = CARTESIAN_POINT('',(-0.8,-0.4,0.));
#219 = DIRECTION('',(0.,1.,0.));
#220 = DIRECTION('',(0.,-0.,1.));
#221 = ADVANCED_FACE('',(#222),#241,.T.);
#222 = FACE_BOUND('',#223,.T.);
#223 = EDGE_LOOP('',(#224,#225,#233,#240));
#224 = ORIENTED_EDGE('',*,*,#128,.T.);
#225 = ORIENTED_EDGE('',*,*,#226,.T.);
#226 = EDGE_CURVE('',#129,#227,#229,.T.);
#227 = VERTEX_POINT('',#228);
#228 = CARTESIAN_POINT('',(-0.5,-0.37,0.));
#229 = LINE('',#230,#231);
#230 = CARTESIAN_POINT('',(-0.8,-0.37,0.));
#231 = VECTOR('',#232,1.);
#232 = DIRECTION('',(1.,0.,0.));
#233 = ORIENTED_EDGE('',*,*,#234,.F.);
#234 = EDGE_CURVE('',#195,#227,#235,.T.);
#235 = CIRCLE('',#236,3.E-02);
#236 = AXIS2_PLACEMENT_3D('',#237,#238,#239);
#237 = CARTESIAN_POINT('',(-0.5,-0.37,3.E-02));
#238 = DIRECTION('',(1.,0.,-0.));
#239 = DIRECTION('',(0.,0.,1.));
#240 = ORIENTED_EDGE('',*,*,#204,.F.);
#241 = CYLINDRICAL_SURFACE('',#242,3.E-02);
#242 = AXIS2_PLACEMENT_3D('',#243,#244,#245);
#243 = CARTESIAN_POINT('',(-0.8,-0.37,3.E-02));
#244 = DIRECTION('',(1.,0.,0.));
#245 = DIRECTION('',(0.,-1.,0.));
#246 = ADVANCED_FACE('',(#247),#266,.T.);
#247 = FACE_BOUND('',#248,.T.);
#248 = EDGE_LOOP('',(#249,#250,#259,#265));
#249 = ORIENTED_EDGE('',*,*,#211,.T.);
#250 = ORIENTED_EDGE('',*,*,#251,.T.);
#251 = EDGE_CURVE('',#197,#252,#254,.T.);
#252 = VERTEX_POINT('',#253);
#253 = CARTESIAN_POINT('',(-0.5,-0.37,0.8));
#254 = CIRCLE('',#255,3.E-02);
#255 = AXIS2_PLACEMENT_3D('',#256,#257,#258);
#256 = CARTESIAN_POINT('',(-0.5,-0.37,0.77));
#257 = DIRECTION('',(-1.,0.,0.));
#258 = DIRECTION('',(0.,0.,1.));
#259 = ORIENTED_EDGE('',*,*,#260,.F.);
#260 = EDGE_CURVE('',#172,#252,#261,.T.);
#261 = LINE('',#262,#263);
#262 = CARTESIAN_POINT('',(-0.8,-0.37,0.8));
#263 = VECTOR('',#264,1.);
#264 = DIRECTION('',(1.,0.,0.));
#265 = ORIENTED_EDGE('',*,*,#179,.F.);
#266 = CYLINDRICAL_SURFACE('',#267,3.E-02);
#267 = AXIS2_PLACEMENT_3D('',#268,#269,#270);
#268 = CARTESIAN_POINT('',(-0.8,-0.37,0.77));
#269 = DIRECTION('',(1.,0.,0.));
#270 = DIRECTION('',(0.,-1.,0.));
#271 = ADVANCED_FACE('',(#272),#290,.F.);
#272 = FACE_BOUND('',#273,.F.);
#273 = EDGE_LOOP('',(#274,#275,#276,#284));
#274 = ORIENTED_EDGE('',*,*,#137,.F.);
#275 = ORIENTED_EDGE('',*,*,#226,.T.);
#276 = ORIENTED_EDGE('',*,*,#277,.T.);
#277 = EDGE_CURVE('',#227,#278,#280,.T.);
#278 = VERTEX_POINT('',#279);
#279 = CARTESIAN_POINT('',(-0.5,0.37,0.));
#280 = LINE('',#281,#282);
#281 = CARTESIAN_POINT('',(-0.5,-0.4,0.));
#282 = VECTOR('',#283,1.);
#283 = DIRECTION('',(0.,1.,0.));
#284 = ORIENTED_EDGE('',*,*,#285,.F.);
#285 = EDGE_CURVE('',#138,#278,#286,.T.);
#286 = LINE('',#287,#288);
#287 = CARTESIAN_POINT('',(-0.8,0.37,0.));
#288 = VECTOR('',#289,1.);
#289 = DIRECTION('',(1.,0.,0.));
#290 = PLANE('',#291);
#291 = AXIS2_PLACEMENT_3D('',#292,#293,#294);
#292 = CARTESIAN_POINT('',(-0.8,-0.4,0.));
#293 = DIRECTION('',(0.,0.,1.));
#294 = DIRECTION('',(1.,0.,-0.));
#295 = ADVANCED_FACE('',(#296),#314,.T.);
#296 = FACE_BOUND('',#297,.T.);
#297 = EDGE_LOOP('',(#298,#299,#300,#308));
#298 = ORIENTED_EDGE('',*,*,#171,.F.);
#299 = ORIENTED_EDGE('',*,*,#260,.T.);
#300 = ORIENTED_EDGE('',*,*,#301,.T.);
#301 = EDGE_CURVE('',#252,#302,#304,.T.);
#302 = VERTEX_POINT('',#303);
#303 = CARTESIAN_POINT('',(-0.5,0.37,0.8));
#304 = LINE('',#305,#306);
#305 = CARTESIAN_POINT('',(-0.5,-0.4,0.8));
#306 = VECTOR('',#307,1.);
#307 = DIRECTION('',(0.,1.,0.));
#308 = ORIENTED_EDGE('',*,*,#309,.F.);
#309 = EDGE_CURVE('',#163,#302,#310,.T.);
#310 = LINE('',#311,#312);
#311 = CARTESIAN_POINT('',(-0.8,0.37,0.8));
#312 = VECTOR('',#313,1.);
#313 = DIRECTION('',(1.,0.,0.));
#314 = PLANE('',#315);
#315 = AXIS2_PLACEMENT_3D('',#316,#317,#318);
#316 = CARTESIAN_POINT('',(-0.8,-0.4,0.8));
#317 = DIRECTION('',(0.,0.,1.));
#318 = DIRECTION('',(1.,0.,-0.));
#319 = ADVANCED_FACE('',(#320),#339,.T.);
#320 = FACE_BOUND('',#321,.T.);
#321 = EDGE_LOOP('',(#322,#330,#337,#338));
#322 = ORIENTED_EDGE('',*,*,#323,.T.);
#323 = EDGE_CURVE('',#146,#324,#326,.T.);
#324 = VERTEX_POINT('',#325);
#325 = CARTESIAN_POINT('',(-0.5,0.4,3.E-02));
#326 = LINE('',#327,#328);
#327 = CARTESIAN_POINT('',(-0.8,0.4,3.E-02));
#328 = VECTOR('',#329,1.);
#329 = DIRECTION('',(1.,0.,0.));
#330 = ORIENTED_EDGE('',*,*,#331,.T.);
#331 = EDGE_CURVE('',#324,#278,#332,.T.);
#332 = CIRCLE('',#333,3.E-02);
#333 = AXIS2_PLACEMENT_3D('',#334,#335,#336);
#334 = CARTESIAN_POINT('',(-0.5,0.37,3.E-02));
#335 = DIRECTION('',(-1.,0.,0.));
#336 = DIRECTION('',(0.,0.,1.));
#337 = ORIENTED_EDGE('',*,*,#285,.F.);
#338 = ORIENTED_EDGE('',*,*,#145,.F.);
#339 = CYLINDRICAL_SURFACE('',#340,3.E-02);
#340 = AXIS2_PLACEMENT_3D('',#341,#342,#343);
#341 = CARTESIAN_POINT('',(-0.8,0.37,3.E-02));
#342 = DIRECTION('',(1.,0.,0.));
#343 = DIRECTION('',(-0.,1.,0.));
#344 = ADVANCED_FACE('',(#345),#364,.T.);
#345 = FACE_BOUND('',#346,.T.);
#346 = EDGE_LOOP('',(#347,#348,#349,#358));
#347 = ORIENTED_EDGE('',*,*,#162,.T.);
#348 = ORIENTED_EDGE('',*,*,#309,.T.);
#349 = ORIENTED_EDGE('',*,*,#350,.F.);
#350 = EDGE_CURVE('',#351,#302,#353,.T.);
#351 = VERTEX_POINT('',#352);
#352 = CARTESIAN_POINT('',(-0.5,0.4,0.77));
#353 = CIRCLE('',#354,3.E-02);
#354 = AXIS2_PLACEMENT_3D('',#355,#356,#357);
#355 = CARTESIAN_POINT('',(-0.5,0.37,0.77));
#356 = DIRECTION('',(1.,0.,-0.));
#357 = DIRECTION('',(0.,0.,1.));
#358 = ORIENTED_EDGE('',*,*,#359,.F.);
#359 = EDGE_CURVE('',#155,#351,#360,.T.);
#360 = LINE('',#361,#362);
#361 = CARTESIAN_POINT('',(-0.8,0.4,0.77));
#362 = VECTOR('',#363,1.);
#363 = DIRECTION('',(1.,0.,0.));
#364 = CYLINDRICAL_SURFACE('',#365,3.E-02);
#365 = AXIS2_PLACEMENT_3D('',#366,#367,#368);
#366 = CARTESIAN_POINT('',(-0.8,0.37,0.77));
#367 = DIRECTION('',(1.,0.,0.));
#368 = DIRECTION('',(-0.,1.,0.));
#369 = ADVANCED_FACE('',(#370),#381,.T.);
#370 = FACE_BOUND('',#371,.T.);
#371 = EDGE_LOOP('',(#372,#378,#379,#380));
#372 = ORIENTED_EDGE('',*,*,#373,.F.);
#373 = EDGE_CURVE('',#324,#351,#374,.T.);
#374 = LINE('',#375,#376);
#375 = CARTESIAN_POINT('',(-0.5,0.4,0.));
#376 = VECTOR('',#377,1.);
#377 = DIRECTION('',(0.,0.,1.));
#378 = ORIENTED_EDGE('',*,*,#323,.F.);
#379 = ORIENTED_EDGE('',*,*,#154,.T.);
#380 = ORIENTED_EDGE('',*,*,#359,.T.);
#381 = PLANE('',#382);
#382 = AXIS2_PLACEMENT_3D('',#383,#384,#385);
#383 = CARTESIAN_POINT('',(-0.8,0.4,0.));
#384 = DIRECTION('',(0.,1.,0.));
#385 = DIRECTION('',(0.,-0.,1.));
#386 = ADVANCED_FACE('',(#387,#397),#467,.T.);
#387 = FACE_BOUND('',#388,.T.);
#388 = EDGE_LOOP('',(#389,#390,#391,#392,#393,#394,#395,#396));
#389 = ORIENTED_EDGE('',*,*,#194,.F.);
#390 = ORIENTED_EDGE('',*,*,#234,.T.);
#391 = ORIENTED_EDGE('',*,*,#277,.T.);
#392 = ORIENTED_EDGE('',*,*,#331,.F.);
#393 = ORIENTED_EDGE('',*,*,#373,.T.);
#394 = ORIENTED_EDGE('',*,*,#350,.T.);
#395 = ORIENTED_EDGE('',*,*,#301,.F.);
#396 = ORIENTED_EDGE('',*,*,#251,.F.);
#397 = FACE_BOUND('',#398,.T.);
#398 = EDGE_LOOP('',(#399,#410,#418,#427,#435,#444,#452,#461));
#399 = ORIENTED_EDGE('',*,*,#400,.F.);
#400 = EDGE_CURVE('',#401,#403,#405,.T.);
#401 = VERTEX_POINT('',#402);
#402 = CARTESIAN_POINT('',(-0.5,-0.37,6.E-02));
#403 = VERTEX_POINT('',#404);
#404 = CARTESIAN_POINT('',(-0.5,-0.34,3.E-02));
#405 = CIRCLE('',#406,3.E-02);
#406 = AXIS2_PLACEMENT_3D('',#407,#408,#409);
#407 = CARTESIAN_POINT('',(-0.5,-0.34,6.E-02));
#408 = DIRECTION('',(1.,0.,-0.));
#409 = DIRECTION('',(0.,0.,1.));
#410 = ORIENTED_EDGE('',*,*,#411,.T.);
#411 = EDGE_CURVE('',#401,#412,#414,.T.);
#412 = VERTEX_POINT('',#413);
#413 = CARTESIAN_POINT('',(-0.5,-0.37,0.74));
#414 = LINE('',#415,#416);
#415 = CARTESIAN_POINT('',(-0.5,-0.37,3.E-02));
#416 = VECTOR('',#417,1.);
#417 = DIRECTION('',(0.,0.,1.));
#418 = ORIENTED_EDGE('',*,*,#419,.T.);
#419 = EDGE_CURVE('',#412,#420,#422,.T.);
#420 = VERTEX_POINT('',#421);
#421 = CARTESIAN_POINT('',(-0.5,-0.34,0.77));
#422 = CIRCLE('',#423,3.E-02);
#423 = AXIS2_PLACEMENT_3D('',#424,#425,#426);
#424 = CARTESIAN_POINT('',(-0.5,-0.34,0.74));
#425 = DIRECTION('',(-1.,0.,0.));
#426 = DIRECTION('',(0.,0.,1.));
#427 = ORIENTED_EDGE('',*,*,#428,.T.);
#428 = EDGE_CURVE('',#420,#429,#431,.T.);
#429 = VERTEX_POINT('',#430);
#430 = CARTESIAN_POINT('',(-0.5,0.34,0.77));
#431 = LINE('',#432,#433);
#432 = CARTESIAN_POINT('',(-0.5,-0.37,0.77));
#433 = VECTOR('',#434,1.);
#434 = DIRECTION('',(0.,1.,0.));
#435 = ORIENTED_EDGE('',*,*,#436,.F.);
#436 = EDGE_CURVE('',#437,#429,#439,.T.);
#437 = VERTEX_POINT('',#438);
#438 = CARTESIAN_POINT('',(-0.5,0.37,0.74));
#439 = CIRCLE('',#440,3.E-02);
#440 = AXIS2_PLACEMENT_3D('',#441,#442,#443);
#441 = CARTESIAN_POINT('',(-0.5,0.34,0.74));
#442 = DIRECTION('',(1.,0.,-0.));
#443 = DIRECTION('',(0.,0.,1.));
#444 = ORIENTED_EDGE('',*,*,#445,.F.);
#445 = EDGE_CURVE('',#446,#437,#448,.T.);
#446 = VERTEX_POINT('',#447);
#447 = CARTESIAN_POINT('',(-0.5,0.37,6.E-02));
#448 = LINE('',#449,#450);
#449 = CARTESIAN_POINT('',(-0.5,0.37,3.E-02));
#450 = VECTOR('',#451,1.);
#451 = DIRECTION('',(0.,0.,1.));
#452 = ORIENTED_EDGE('',*,*,#453,.T.);
#453 = EDGE_CURVE('',#446,#454,#456,.T.);
#454 = VERTEX_POINT('',#455);
#455 = CARTESIAN_POINT('',(-0.5,0.34,3.E-02));
#456 = CIRCLE('',#457,3.E-02);
#457 = AXIS2_PLACEMENT_3D('',#458,#459,#460);
#458 = CARTESIAN_POINT('',(-0.5,0.34,6.E-02));
#459 = DIRECTION('',(-1.,0.,0.));
#460 = DIRECTION('',(0.,0.,1.));
#461 = ORIENTED_EDGE('',*,*,#462,.F.);
#462 = EDGE_CURVE('',#403,#454,#463,.T.);
#463 = LINE('',#464,#465);
#464 = CARTESIAN_POINT('',(-0.5,-0.37,3.E-02));
#465 = VECTOR('',#466,1.);
#466 = DIRECTION('',(0.,1.,0.));
#467 = PLANE('',#468);
#468 = AXIS2_PLACEMENT_3D('',#469,#470,#471);
#469 = CARTESIAN_POINT('',(-0.5,-0.4,0.));
#470 = DIRECTION('',(1.,0.,0.));
#471 = DIRECTION('',(0.,0.,1.));
#472 = ADVANCED_FACE('',(#473),#499,.T.);
#473 = FACE_BOUND('',#474,.T.);
#474 = EDGE_LOOP('',(#475,#476,#484,#493));
#475 = ORIENTED_EDGE('',*,*,#400,.T.);
#476 = ORIENTED_EDGE('',*,*,#477,.T.);
#477 = EDGE_CURVE('',#403,#478,#480,.T.);
#478 = VERTEX_POINT('',#479);
#479 = CARTESIAN_POINT('',(0.5,-0.34,3.E-02));
#480 = LINE('',#481,#482);
#481 = CARTESIAN_POINT('',(-0.5,-0.34,3.E-02));
#482 = VECTOR('',#483,1.);
#483 = DIRECTION('',(1.,0.,0.));
#484 = ORIENTED_EDGE('',*,*,#485,.F.);
#485 = EDGE_CURVE('',#486,#478,#488,.T.);
#486 = VERTEX_POINT('',#487);
#487 = CARTESIAN_POINT('',(0.5,-0.37,6.E-02));
#488 = CIRCLE('',#489,3.E-02);
#489 = AXIS2_PLACEMENT_3D('',#490,#491,#492);
#490 = CARTESIAN_POINT('',(0.5,-0.34,6.E-02));
#491 = DIRECTION('',(1.,0.,-0.));
#492 = DIRECTION('',(0.,0.,1.));
#493 = ORIENTED_EDGE('',*,*,#494,.F.);
#494 = EDGE_CURVE('',#401,#486,#495,.T.);
#495 = LINE('',#496,#497);
#496 = CARTESIAN_POINT('',(-0.5,-0.37,6.E-02));
#497 = VECTOR('',#498,1.);
#498 = DIRECTION('',(1.,0.,0.));
#499 = CYLINDRICAL_SURFACE('',#500,3.E-02);
#500 = AXIS2_PLACEMENT_3D('',#501,#502,#503);
#501 = CARTESIAN_POINT('',(-0.5,-0.34,6.E-02));
#502 = DIRECTION('',(1.,0.,0.));
#503 = DIRECTION('',(0.,-1.,0.));
#504 = ADVANCED_FACE('',(#505),#523,.F.);
#505 = FACE_BOUND('',#506,.F.);
#506 = EDGE_LOOP('',(#507,#508,#509,#517));
#507 = ORIENTED_EDGE('',*,*,#462,.F.);
#508 = ORIENTED_EDGE('',*,*,#477,.T.);
#509 = ORIENTED_EDGE('',*,*,#510,.T.);
#510 = EDGE_CURVE('',#478,#511,#513,.T.);
#511 = VERTEX_POINT('',#512);
#512 = CARTESIAN_POINT('',(0.5,0.34,3.E-02));
#513 = LINE('',#514,#515);
#514 = CARTESIAN_POINT('',(0.5,-0.37,3.E-02));
#515 = VECTOR('',#516,1.);
#516 = DIRECTION('',(0.,1.,0.));
#517 = ORIENTED_EDGE('',*,*,#518,.F.);
#518 = EDGE_CURVE('',#454,#511,#519,.T.);
#519 = LINE('',#520,#521);
#520 = CARTESIAN_POINT('',(-0.5,0.34,3.E-02));
#521 = VECTOR('',#522,1.);
#522 = DIRECTION('',(1.,0.,0.));
#523 = PLANE('',#524);
#524 = AXIS2_PLACEMENT_3D('',#525,#526,#527);
#525 = CARTESIAN_POINT('',(-0.5,-0.37,3.E-02));
#526 = DIRECTION('',(0.,0.,1.));
#527 = DIRECTION('',(1.,0.,-0.));
#528 = ADVANCED_FACE('',(#529),#548,.T.);
#529 = FACE_BOUND('',#530,.T.);
#530 = EDGE_LOOP('',(#531,#539,#546,#547));
#531 = ORIENTED_EDGE('',*,*,#532,.T.);
#532 = EDGE_CURVE('',#446,#533,#535,.T.);
#533 = VERTEX_POINT('',#534);
#534 = CARTESIAN_POINT('',(0.5,0.37,6.E-02));
#535 = LINE('',#536,#537);
#536 = CARTESIAN_POINT('',(-0.5,0.37,6.E-02));
#537 = VECTOR('',#538,1.);
#538 = DIRECTION('',(1.,0.,0.));
#539 = ORIENTED_EDGE('',*,*,#540,.T.);
#540 = EDGE_CURVE('',#533,#511,#541,.T.);
#541 = CIRCLE('',#542,3.E-02);
#542 = AXIS2_PLACEMENT_3D('',#543,#544,#545);
#543 = CARTESIAN_POINT('',(0.5,0.34,6.E-02));
#544 = DIRECTION('',(-1.,0.,0.));
#545 = DIRECTION('',(0.,0.,1.));
#546 = ORIENTED_EDGE('',*,*,#518,.F.);
#547 = ORIENTED_EDGE('',*,*,#453,.F.);
#548 = CYLINDRICAL_SURFACE('',#549,3.E-02);
#549 = AXIS2_PLACEMENT_3D('',#550,#551,#552);
#550 = CARTESIAN_POINT('',(-0.5,0.34,6.E-02));
#551 = DIRECTION('',(1.,0.,0.));
#552 = DIRECTION('',(-0.,1.,0.));
#553 = ADVANCED_FACE('',(#554),#572,.T.);
#554 = FACE_BOUND('',#555,.T.);
#555 = EDGE_LOOP('',(#556,#564,#565,#566));
#556 = ORIENTED_EDGE('',*,*,#557,.F.);
#557 = EDGE_CURVE('',#533,#558,#560,.T.);
#558 = VERTEX_POINT('',#559);
#559 = CARTESIAN_POINT('',(0.5,0.37,0.74));
#560 = LINE('',#561,#562);
#561 = CARTESIAN_POINT('',(0.5,0.37,3.E-02));
#562 = VECTOR('',#563,1.);
#563 = DIRECTION('',(0.,0.,1.));
#564 = ORIENTED_EDGE('',*,*,#532,.F.);
#565 = ORIENTED_EDGE('',*,*,#445,.T.);
#566 = ORIENTED_EDGE('',*,*,#567,.T.);
#567 = EDGE_CURVE('',#437,#558,#568,.T.);
#568 = LINE('',#569,#570);
#569 = CARTESIAN_POINT('',(-0.5,0.37,0.74));
#570 = VECTOR('',#571,1.);
#571 = DIRECTION('',(1.,0.,0.));
#572 = PLANE('',#573);
#573 = AXIS2_PLACEMENT_3D('',#574,#575,#576);
#574 = CARTESIAN_POINT('',(-0.5,0.37,3.E-02));
#575 = DIRECTION('',(0.,1.,0.));
#576 = DIRECTION('',(0.,-0.,1.));
#577 = ADVANCED_FACE('',(#578),#597,.T.);
#578 = FACE_BOUND('',#579,.T.);
#579 = EDGE_LOOP('',(#580,#581,#589,#596));
#580 = ORIENTED_EDGE('',*,*,#436,.T.);
#581 = ORIENTED_EDGE('',*,*,#582,.T.);
#582 = EDGE_CURVE('',#429,#583,#585,.T.);
#583 = VERTEX_POINT('',#584);
#584 = CARTESIAN_POINT('',(0.5,0.34,0.77));
#585 = LINE('',#586,#587);
#586 = CARTESIAN_POINT('',(-0.5,0.34,0.77));
#587 = VECTOR('',#588,1.);
#588 = DIRECTION('',(1.,0.,0.));
#589 = ORIENTED_EDGE('',*,*,#590,.F.);
#590 = EDGE_CURVE('',#558,#583,#591,.T.);
#591 = CIRCLE('',#592,3.E-02);
#592 = AXIS2_PLACEMENT_3D('',#593,#594,#595);
#593 = CARTESIAN_POINT('',(0.5,0.34,0.74));
#594 = DIRECTION('',(1.,0.,-0.));
#595 = DIRECTION('',(0.,0.,1.));
#596 = ORIENTED_EDGE('',*,*,#567,.F.);
#597 = CYLINDRICAL_SURFACE('',#598,3.E-02);
#598 = AXIS2_PLACEMENT_3D('',#599,#600,#601);
#599 = CARTESIAN_POINT('',(-0.5,0.34,0.74));
#600 = DIRECTION('',(1.,0.,0.));
#601 = DIRECTION('',(-0.,1.,0.));
#602 = ADVANCED_FACE('',(#603),#621,.T.);
#603 = FACE_BOUND('',#604,.T.);
#604 = EDGE_LOOP('',(#605,#606,#614,#620));
#605 = ORIENTED_EDGE('',*,*,#428,.F.);
#606 = ORIENTED_EDGE('',*,*,#607,.T.);
#607 = EDGE_CURVE('',#420,#608,#610,.T.);
#608 = VERTEX_POINT('',#609);
#609 = CARTESIAN_POINT('',(0.5,-0.34,0.77));
#610 = LINE('',#611,#612);
#611 = CARTESIAN_POINT('',(-0.5,-0.34,0.77));
#612 = VECTOR('',#613,1.);
#613 = DIRECTION('',(1.,0.,0.));
#614 = ORIENTED_EDGE('',*,*,#615,.T.);
#615 = EDGE_CURVE('',#608,#583,#616,.T.);
#616 = LINE('',#617,#618);
#617 = CARTESIAN_POINT('',(0.5,-0.37,0.77));
#618 = VECTOR('',#619,1.);
#619 = DIRECTION('',(0.,1.,0.));
#620 = ORIENTED_EDGE('',*,*,#582,.F.);
#621 = PLANE('',#622);
#622 = AXIS2_PLACEMENT_3D('',#623,#624,#625);
#623 = CARTESIAN_POINT('',(-0.5,-0.37,0.77));
#624 = DIRECTION('',(0.,0.,1.));
#625 = DIRECTION('',(1.,0.,-0.));
#626 = ADVANCED_FACE('',(#627),#646,.T.);
#627 = FACE_BOUND('',#628,.T.);
#628 = EDGE_LOOP('',(#629,#637,#644,#645));
#629 = ORIENTED_EDGE('',*,*,#630,.T.);
#630 = EDGE_CURVE('',#412,#631,#633,.T.);
#631 = VERTEX_POINT('',#632);
#632 = CARTESIAN_POINT('',(0.5,-0.37,0.74));
#633 = LINE('',#634,#635);
#634 = CARTESIAN_POINT('',(-0.5,-0.37,0.74));
#635 = VECTOR('',#636,1.);
#636 = DIRECTION('',(1.,0.,0.));
#637 = ORIENTED_EDGE('',*,*,#638,.T.);
#638 = EDGE_CURVE('',#631,#608,#639,.T.);
#639 = CIRCLE('',#640,3.E-02);
#640 = AXIS2_PLACEMENT_3D('',#641,#642,#643);
#641 = CARTESIAN_POINT('',(0.5,-0.34,0.74));
#642 = DIRECTION('',(-1.,0.,0.));
#643 = DIRECTION('',(0.,0.,1.));
#644 = ORIENTED_EDGE('',*,*,#607,.F.);
#645 = ORIENTED_EDGE('',*,*,#419,.F.);
#646 = CYLINDRICAL_SURFACE('',#647,3.E-02);
#647 = AXIS2_PLACEMENT_3D('',#648,#649,#650);
#648 = CARTESIAN_POINT('',(-0.5,-0.34,0.74));
#649 = DIRECTION('',(1.,0.,0.));
#650 = DIRECTION('',(0.,-1.,0.));
#651 = ADVANCED_FACE('',(#652),#663,.F.);
#652 = FACE_BOUND('',#653,.F.);
#653 = EDGE_LOOP('',(#654,#660,#661,#662));
#654 = ORIENTED_EDGE('',*,*,#655,.F.);
#655 = EDGE_CURVE('',#486,#631,#656,.T.);
#656 = LINE('',#657,#658);
#657 = CARTESIAN_POINT('',(0.5,-0.37,3.E-02));
#658 = VECTOR('',#659,1.);
#659 = DIRECTION('',(0.,0.,1.));
#660 = ORIENTED_EDGE('',*,*,#494,.F.);
#661 = ORIENTED_EDGE('',*,*,#411,.T.);
#662 = ORIENTED_EDGE('',*,*,#630,.T.);
#663 = PLANE('',#664);
#664 = AXIS2_PLACEMENT_3D('',#665,#666,#667);
#665 = CARTESIAN_POINT('',(-0.5,-0.37,3.E-02));
#666 = DIRECTION('',(0.,1.,0.));
#667 = DIRECTION('',(0.,-0.,1.));
#668 = ADVANCED_FACE('',(#669,#739),#749,.F.);
#669 = FACE_BOUND('',#670,.F.);
#670 = EDGE_LOOP('',(#671,#681,#690,#698,#707,#715,#724,#732));
#671 = ORIENTED_EDGE('',*,*,#672,.F.);
#672 = EDGE_CURVE('',#673,#675,#677,.T.);
#673 = VERTEX_POINT('',#674);
#674 = CARTESIAN_POINT('',(0.5,-0.4,3.E-02));
#675 = VERTEX_POINT('',#676);
#676 = CARTESIAN_POINT('',(0.5,-0.4,0.77));
#677 = LINE('',#678,#679);
#678 = CARTESIAN_POINT('',(0.5,-0.4,0.));
#679 = VECTOR('',#680,1.);
#680 = DIRECTION('',(0.,0.,1.));
#681 = ORIENTED_EDGE('',*,*,#682,.T.);
#682 = EDGE_CURVE('',#673,#683,#685,.T.);
#683 = VERTEX_POINT('',#684);
#684 = CARTESIAN_POINT('',(0.5,-0.37,0.));
#685 = CIRCLE('',#686,3.E-02);
#686 = AXIS2_PLACEMENT_3D('',#687,#688,#689);
#687 = CARTESIAN_POINT('',(0.5,-0.37,3.E-02));
#688 = DIRECTION('',(1.,0.,-0.));
#689 = DIRECTION('',(0.,0.,1.));
#690 = ORIENTED_EDGE('',*,*,#691,.T.);
#691 = EDGE_CURVE('',#683,#692,#694,.T.);
#692 = VERTEX_POINT('',#693);
#693 = CARTESIAN_POINT('',(0.5,0.37,0.));
#694 = LINE('',#695,#696);
#695 = CARTESIAN_POINT('',(0.5,-0.4,0.));
#696 = VECTOR('',#697,1.);
#697 = DIRECTION('',(0.,1.,0.));
#698 = ORIENTED_EDGE('',*,*,#699,.F.);
#699 = EDGE_CURVE('',#700,#692,#702,.T.);
#700 = VERTEX_POINT('',#701);
#701 = CARTESIAN_POINT('',(0.5,0.4,3.E-02));
#702 = CIRCLE('',#703,3.E-02);
#703 = AXIS2_PLACEMENT_3D('',#704,#705,#706);
#704 = CARTESIAN_POINT('',(0.5,0.37,3.E-02));
#705 = DIRECTION('',(-1.,0.,0.));
#706 = DIRECTION('',(0.,0.,1.));
#707 = ORIENTED_EDGE('',*,*,#708,.T.);
#708 = EDGE_CURVE('',#700,#709,#711,.T.);
#709 = VERTEX_POINT('',#710);
#710 = CARTESIAN_POINT('',(0.5,0.4,0.77));
#711 = LINE('',#712,#713);
#712 = CARTESIAN_POINT('',(0.5,0.4,0.));
#713 = VECTOR('',#714,1.);
#714 = DIRECTION('',(0.,0.,1.));
#715 = ORIENTED_EDGE('',*,*,#716,.T.);
#716 = EDGE_CURVE('',#709,#717,#719,.T.);
#717 = VERTEX_POINT('',#718);
#718 = CARTESIAN_POINT('',(0.5,0.37,0.8));
#719 = CIRCLE('',#720,3.E-02);
#720 = AXIS2_PLACEMENT_3D('',#721,#722,#723);
#721 = CARTESIAN_POINT('',(0.5,0.37,0.77));
#722 = DIRECTION('',(1.,0.,-0.));
#723 = DIRECTION('',(0.,0.,1.));
#724 = ORIENTED_EDGE('',*,*,#725,.F.);
#725 = EDGE_CURVE('',#726,#717,#728,.T.);
#726 = VERTEX_POINT('',#727);
#727 = CARTESIAN_POINT('',(0.5,-0.37,0.8));
#728 = LINE('',#729,#730);
#729 = CARTESIAN_POINT('',(0.5,-0.4,0.8));
#730 = VECTOR('',#731,1.);
#731 = DIRECTION('',(0.,1.,0.));
#732 = ORIENTED_EDGE('',*,*,#733,.F.);
#733 = EDGE_CURVE('',#675,#726,#734,.T.);
#734 = CIRCLE('',#735,3.E-02);
#735 = AXIS2_PLACEMENT_3D('',#736,#737,#738);
#736 = CARTESIAN_POINT('',(0.5,-0.37,0.77));
#737 = DIRECTION('',(-1.,0.,0.));
#738 = DIRECTION('',(0.,0.,1.));
#739 = FACE_BOUND('',#740,.F.);
#740 = EDGE_LOOP('',(#741,#742,#743,#744,#745,#746,#747,#748));
#741 = ORIENTED_EDGE('',*,*,#485,.F.);
#742 = ORIENTED_EDGE('',*,*,#655,.T.);
#743 = ORIENTED_EDGE('',*,*,#638,.T.);
#744 = ORIENTED_EDGE('',*,*,#615,.T.);
#745 = ORIENTED_EDGE('',*,*,#590,.F.);
#746 = ORIENTED_EDGE('',*,*,#557,.F.);
#747 = ORIENTED_EDGE('',*,*,#540,.T.);
#748 = ORIENTED_EDGE('',*,*,#510,.F.);
#749 = PLANE('',#750);
#750 = AXIS2_PLACEMENT_3D('',#751,#752,#753);
#751 = CARTESIAN_POINT('',(0.5,-0.4,0.));
#752 = DIRECTION('',(1.,0.,0.));
#753 = DIRECTION('',(0.,0.,1.));
#754 = ADVANCED_FACE('',(#755),#780,.F.);
#755 = FACE_BOUND('',#756,.F.);
#756 = EDGE_LOOP('',(#757,#767,#773,#774));
#757 = ORIENTED_EDGE('',*,*,#758,.F.);
#758 = EDGE_CURVE('',#759,#761,#763,.T.);
#759 = VERTEX_POINT('',#760);
#760 = CARTESIAN_POINT('',(0.8,-0.4,3.E-02));
#761 = VERTEX_POINT('',#762);
#762 = CARTESIAN_POINT('',(0.8,-0.4,0.77));
#763 = LINE('',#764,#765);
#764 = CARTESIAN_POINT('',(0.8,-0.4,0.));
#765 = VECTOR('',#766,1.);
#766 = DIRECTION('',(0.,0.,1.));
#767 = ORIENTED_EDGE('',*,*,#768,.F.);
#768 = EDGE_CURVE('',#673,#759,#769,.T.);
#769 = LINE('',#770,#771);
#770 = CARTESIAN_POINT('',(0.5,-0.4,3.E-02));
#771 = VECTOR('',#772,1.);
#772 = DIRECTION('',(1.,0.,0.));
#773 = ORIENTED_EDGE('',*,*,#672,.T.);
#774 = ORIENTED_EDGE('',*,*,#775,.T.);
#775 = EDGE_CURVE('',#675,#761,#776,.T.);
#776 = LINE('',#777,#778);
#777 = CARTESIAN_POINT('',(0.5,-0.4,0.77));
#778 = VECTOR('',#779,1.);
#779 = DIRECTION('',(1.,0.,0.));
#780 = PLANE('',#781);
#781 = AXIS2_PLACEMENT_3D('',#782,#783,#784);
#782 = CARTESIAN_POINT('',(0.5,-0.4,0.));
#783 = DIRECTION('',(0.,1.,0.));
#784 = DIRECTION('',(0.,-0.,1.));
#785 = ADVANCED_FACE('',(#786),#805,.T.);
#786 = FACE_BOUND('',#787,.T.);
#787 = EDGE_LOOP('',(#788,#789,#797,#804));
#788 = ORIENTED_EDGE('',*,*,#682,.T.);
#789 = ORIENTED_EDGE('',*,*,#790,.T.);
#790 = EDGE_CURVE('',#683,#791,#793,.T.);
#791 = VERTEX_POINT('',#792);
#792 = CARTESIAN_POINT('',(0.8,-0.37,0.));
#793 = LINE('',#794,#795);
#794 = CARTESIAN_POINT('',(0.5,-0.37,0.));
#795 = VECTOR('',#796,1.);
#796 = DIRECTION('',(1.,0.,0.));
#797 = ORIENTED_EDGE('',*,*,#798,.F.);
#798 = EDGE_CURVE('',#759,#791,#799,.T.);
#799 = CIRCLE('',#800,3.E-02);
#800 = AXIS2_PLACEMENT_3D('',#801,#802,#803);
#801 = CARTESIAN_POINT('',(0.8,-0.37,3.E-02));
#802 = DIRECTION('',(1.,0.,-0.));
#803 = DIRECTION('',(0.,0.,1.));
#804 = ORIENTED_EDGE('',*,*,#768,.F.);
#805 = CYLINDRICAL_SURFACE('',#806,3.E-02);
#806 = AXIS2_PLACEMENT_3D('',#807,#808,#809);
#807 = CARTESIAN_POINT('',(0.5,-0.37,3.E-02));
#808 = DIRECTION('',(1.,0.,0.));
#809 = DIRECTION('',(0.,-1.,0.));
#810 = ADVANCED_FACE('',(#811),#830,.T.);
#811 = FACE_BOUND('',#812,.T.);
#812 = EDGE_LOOP('',(#813,#814,#823,#829));
#813 = ORIENTED_EDGE('',*,*,#775,.T.);
#814 = ORIENTED_EDGE('',*,*,#815,.T.);
#815 = EDGE_CURVE('',#761,#816,#818,.T.);
#816 = VERTEX_POINT('',#817);
#817 = CARTESIAN_POINT('',(0.8,-0.37,0.8));
#818 = CIRCLE('',#819,3.E-02);
#819 = AXIS2_PLACEMENT_3D('',#820,#821,#822);
#820 = CARTESIAN_POINT('',(0.8,-0.37,0.77));
#821 = DIRECTION('',(-1.,0.,0.));
#822 = DIRECTION('',(0.,0.,1.));
#823 = ORIENTED_EDGE('',*,*,#824,.F.);
#824 = EDGE_CURVE('',#726,#816,#825,.T.);
#825 = LINE('',#826,#827);
#826 = CARTESIAN_POINT('',(0.5,-0.37,0.8));
#827 = VECTOR('',#828,1.);
#828 = DIRECTION('',(1.,0.,0.));
#829 = ORIENTED_EDGE('',*,*,#733,.F.);
#830 = CYLINDRICAL_SURFACE('',#831,3.E-02);
#831 = AXIS2_PLACEMENT_3D('',#832,#833,#834);
#832 = CARTESIAN_POINT('',(0.5,-0.37,0.77));
#833 = DIRECTION('',(1.,0.,0.));
#834 = DIRECTION('',(0.,-1.,0.));
#835 = ADVANCED_FACE('',(#836),#854,.F.);
#836 = FACE_BOUND('',#837,.F.);
#837 = EDGE_LOOP('',(#838,#839,#840,#848));
#838 = ORIENTED_EDGE('',*,*,#691,.F.);
#839 = ORIENTED_EDGE('',*,*,#790,.T.);
#840 = ORIENTED_EDGE('',*,*,#841,.T.);
#841 = EDGE_CURVE('',#791,#842,#844,.T.);
#842 = VERTEX_POINT('',#843);
#843 = CARTESIAN_POINT('',(0.8,0.37,0.));
#844 = LINE('',#845,#846);
#845 = CARTESIAN_POINT('',(0.8,-0.4,0.));
#846 = VECTOR('',#847,1.);
#847 = DIRECTION('',(0.,1.,0.));
#848 = ORIENTED_EDGE('',*,*,#849,.F.);
#849 = EDGE_CURVE('',#692,#842,#850,.T.);
#850 = LINE('',#851,#852);
#851 = CARTESIAN_POINT('',(0.5,0.37,0.));
#852 = VECTOR('',#853,1.);
#853 = DIRECTION('',(1.,0.,0.));
#854 = PLANE('',#855);
#855 = AXIS2_PLACEMENT_3D('',#856,#857,#858);
#856 = CARTESIAN_POINT('',(0.5,-0.4,0.));
#857 = DIRECTION('',(0.,0.,1.));
#858 = DIRECTION('',(1.,0.,-0.));
#859 = ADVANCED_FACE('',(#860),#878,.T.);
#860 = FACE_BOUND('',#861,.T.);
#861 = EDGE_LOOP('',(#862,#863,#864,#872));
#862 = ORIENTED_EDGE('',*,*,#725,.F.);
#863 = ORIENTED_EDGE('',*,*,#824,.T.);
#864 = ORIENTED_EDGE('',*,*,#865,.T.);
#865 = EDGE_CURVE('',#816,#866,#868,.T.);
#866 = VERTEX_POINT('',#867);
#867 = CARTESIAN_POINT('',(0.8,0.37,0.8));
#868 = LINE('',#869,#870);
#869 = CARTESIAN_POINT('',(0.8,-0.4,0.8));
#870 = VECTOR('',#871,1.);
#871 = DIRECTION('',(0.,1.,0.));
#872 = ORIENTED_EDGE('',*,*,#873,.F.);
#873 = EDGE_CURVE('',#717,#866,#874,.T.);
#874 = LINE('',#875,#876);
#875 = CARTESIAN_POINT('',(0.5,0.37,0.8));
#876 = VECTOR('',#877,1.);
#877 = DIRECTION('',(1.,0.,0.));
#878 = PLANE('',#879);
#879 = AXIS2_PLACEMENT_3D('',#880,#881,#882);
#880 = CARTESIAN_POINT('',(0.5,-0.4,0.8));
#881 = DIRECTION('',(0.,0.,1.));
#882 = DIRECTION('',(1.,0.,-0.));
#883 = ADVANCED_FACE('',(#884),#903,.T.);
#884 = FACE_BOUND('',#885,.T.);
#885 = EDGE_LOOP('',(#886,#894,#901,#902));
#886 = ORIENTED_EDGE('',*,*,#887,.T.);
#887 = EDGE_CURVE('',#700,#888,#890,.T.);
#888 = VERTEX_POINT('',#889);
#889 = CARTESIAN_POINT('',(0.8,0.4,3.E-02));
#890 = LINE('',#891,#892);
#891 = CARTESIAN_POINT('',(0.5,0.4,3.E-02));
#892 = VECTOR('',#893,1.);
#893 = DIRECTION('',(1.,0.,0.));
#894 = ORIENTED_EDGE('',*,*,#895,.T.);
#895 = EDGE_CURVE('',#888,#842,#896,.T.);
#896 = CIRCLE('',#897,3.E-02);
#897 = AXIS2_PLACEMENT_3D('',#898,#899,#900);
#898 = CARTESIAN_POINT('',(0.8,0.37,3.E-02));
#899 = DIRECTION('',(-1.,0.,0.));
#900 = DIRECTION('',(0.,0.,1.));
#901 = ORIENTED_EDGE('',*,*,#849,.F.);
#902 = ORIENTED_EDGE('',*,*,#699,.F.);
#903 = CYLINDRICAL_SURFACE('',#904,3.E-02);
#904 = AXIS2_PLACEMENT_3D('',#905,#906,#907);
#905 = CARTESIAN_POINT('',(0.5,0.37,3.E-02));
#906 = DIRECTION('',(1.,0.,0.));
#907 = DIRECTION('',(-0.,1.,0.));
#908 = ADVANCED_FACE('',(#909),#928,.T.);
#909 = FACE_BOUND('',#910,.T.);
#910 = EDGE_LOOP('',(#911,#912,#913,#922));
#911 = ORIENTED_EDGE('',*,*,#716,.T.);
#912 = ORIENTED_EDGE('',*,*,#873,.T.);
#913 = ORIENTED_EDGE('',*,*,#914,.F.);
#914 = EDGE_CURVE('',#915,#866,#917,.T.);
#915 = VERTEX_POINT('',#916);
#916 = CARTESIAN_POINT('',(0.8,0.4,0.77));
#917 = CIRCLE('',#918,3.E-02);
#918 = AXIS2_PLACEMENT_3D('',#919,#920,#921);
#919 = CARTESIAN_POINT('',(0.8,0.37,0.77));
#920 = DIRECTION('',(1.,0.,-0.));
#921 = DIRECTION('',(0.,0.,1.));
#922 = ORIENTED_EDGE('',*,*,#923,.F.);
#923 = EDGE_CURVE('',#709,#915,#924,.T.);
#924 = LINE('',#925,#926);
#925 = CARTESIAN_POINT('',(0.5,0.4,0.77));
#926 = VECTOR('',#927,1.);
#927 = DIRECTION('',(1.,0.,0.));
#928 = CYLINDRICAL_SURFACE('',#929,3.E-02);
#929 = AXIS2_PLACEMENT_3D('',#930,#931,#932);
#930 = CARTESIAN_POINT('',(0.5,0.37,0.77));
#931 = DIRECTION('',(1.,0.,0.));
#932 = DIRECTION('',(-0.,1.,0.));
#933 = ADVANCED_FACE('',(#934),#945,.T.);
#934 = FACE_BOUND('',#935,.T.);
#935 = EDGE_LOOP('',(#936,#942,#943,#944));
#936 = ORIENTED_EDGE('',*,*,#937,.F.);
#937 = EDGE_CURVE('',#888,#915,#938,.T.);
#938 = LINE('',#939,#940);
#939 = CARTESIAN_POINT('',(0.8,0.4,0.));
#940 = VECTOR('',#941,1.);
#941 = DIRECTION('',(0.,0.,1.));
#942 = ORIENTED_EDGE('',*,*,#887,.F.);
#943 = ORIENTED_EDGE('',*,*,#708,.T.);
#944 = ORIENTED_EDGE('',*,*,#923,.T.);
#945 = PLANE('',#946);
#946 = AXIS2_PLACEMENT_3D('',#947,#948,#949);
#947 = CARTESIAN_POINT('',(0.5,0.4,0.));
#948 = DIRECTION('',(0.,1.,0.));
#949 = DIRECTION('',(0.,-0.,1.));
#950 = ADVANCED_FACE('',(#951),#961,.T.);
#951 = FACE_BOUND('',#952,.T.);
#952 = EDGE_LOOP('',(#953,#954,#955,#956,#957,#958,#959,#960));
#953 = ORIENTED_EDGE('',*,*,#758,.F.);
#954 = ORIENTED_EDGE('',*,*,#798,.T.);
#955 = ORIENTED_EDGE('',*,*,#841,.T.);
#956 = ORIENTED_EDGE('',*,*,#895,.F.);
#957 = ORIENTED_EDGE('',*,*,#937,.T.);
#958 = ORIENTED_EDGE('',*,*,#914,.T.);
#959 = ORIENTED_EDGE('',*,*,#865,.F.);
#960 = ORIENTED_EDGE('',*,*,#815,.F.);
#961 = PLANE('',#962);
#962 = AXIS2_PLACEMENT_3D('',#963,#964,#965);
#963 = CARTESIAN_POINT('',(0.8,-0.4,0.));
#964 = DIRECTION('',(1.,0.,0.));
#965 = DIRECTION('',(0.,0.,1.));
#966 = ( GEOMETRIC_REPRESENTATION_CONTEXT(3) 
GLOBAL_UNCERTAINTY_ASSIGNED_CONTEXT((#970)) GLOBAL_UNIT_ASSIGNED_CONTEXT
((#967,#968,#969)) REPRESENTATION_CONTEXT('Context #1',
  '3D Context with UNIT and UNCERTAINTY') );
#967 = ( LENGTH_UNIT() NAMED_UNIT(*) SI_UNIT(.MILLI.,.METRE.) );
#968 = ( NAMED_UNIT(*) PLANE_ANGLE_UNIT() SI_UNIT($,.RADIAN.) );
#969 = ( NAMED_UNIT(*) SI_UNIT($,.STERADIAN.) SOLID_ANGLE_UNIT() );
#970 = UNCERTAINTY_MEASURE_WITH_UNIT(LENGTH_MEASURE(1.E-07),#967,
  'distance_accuracy_value','confusion accuracy');
#971 = CONTEXT_DEPENDENT_SHAPE_REPRESENTATION(#972,#974);
#972 = ( REPRESENTATION_RELATIONSHIP('','',#111,#88) 
REPRESENTATION_RELATIONSHIP_WITH_TRANSFORMATION(#973) 
SHAPE_REPRESENTATION_RELATIONSHIP() );
#973 = ITEM_DEFINED_TRANSFORMATION('','',#11,#89);
#974 = PRODUCT_DEFINITION_SHAPE('Placement','Placement of an item',#975
  );
#975 = NEXT_ASSEMBLY_USAGE_OCCURRENCE('1','=>[0:1:1:3]','',#83,#106,$);
#976 = PRODUCT_RELATED_PRODUCT_CATEGORY('part',$,(#108));
#977 = CONTEXT_DEPENDENT_SHAPE_REPRESENTATION(#978,#980);
#978 = ( REPRESENTATION_RELATIONSHIP('','',#88,#10) 
REPRESENTATION_RELATIONSHIP_WITH_TRANSFORMATION(#979) 
SHAPE_REPRESENTATION_RELATIONSHIP() );
#979 = ITEM_DEFINED_TRANSFORMATION('','',#11,#19);
#980 = PRODUCT_DEFINITION_SHAPE('Placement','Placement of an item',#981
  );
#981 = NEXT_ASSEMBLY_USAGE_OCCURRENCE('3','C7','',#5,#83,$);
#982 = CONTEXT_DEPENDENT_SHAPE_REPRESENTATION(#983,#985);
#983 = ( REPRESENTATION_RELATIONSHIP('','',#88,#10) 
REPRESENTATION_RELATIONSHIP_WITH_TRANSFORMATION(#984) 
SHAPE_REPRESENTATION_RELATIONSHIP() );
#984 = ITEM_DEFINED_TRANSFORMATION('','',#11,#23);
#985 = PRODUCT_DEFINITION_SHAPE('Placement','Placement of an item',#986
  );
#986 = NEXT_ASSEMBLY_USAGE_OCCURRENCE('4','C2','',#5,#83,$);
#987 = SHAPE_DEFINITION_REPRESENTATION(#988,#994);
#988 = PRODUCT_DEFINITION_SHAPE('','',#989);
#989 = PRODUCT_DEFINITION('design','',#990,#993);
#990 = PRODUCT_DEFINITION_FORMATION('','',#991);
#991 = PRODUCT('WSON-6-1EP_2x2mm_P0.65mm_EP1x1.6mm',
  'WSON-6-1EP_2x2mm_P0.65mm_EP1x1.6mm','',(#992));
#992 = PRODUCT_CONTEXT('',#2,'mechanical');
#993 = PRODUCT_DEFINITION_CONTEXT('part definition',#2,'design');
#994 = SHAPE_REPRESENTATION('',(#11,#995),#999);
#995 = AXIS2_PLACEMENT_3D('',#996,#997,#998);
#996 = CARTESIAN_POINT('',(0.,0.,0.));
#997 = DIRECTION('',(0.,0.,1.));
#998 = DIRECTION('',(1.,0.,-0.));
#999 = ( GEOMETRIC_REPRESENTATION_CONTEXT(3) 
GLOBAL_UNCERTAINTY_ASSIGNED_CONTEXT((#1003)) 
GLOBAL_UNIT_ASSIGNED_CONTEXT((#1000,#1001,#1002)) REPRESENTATION_CONTEXT
('Context #1','3D Context with UNIT and UNCERTAINTY') );
#1000 = ( LENGTH_UNIT() NAMED_UNIT(*) SI_UNIT(.MILLI.,.METRE.) );
#1001 = ( NAMED_UNIT(*) PLANE_ANGLE_UNIT() SI_UNIT($,.RADIAN.) );
#1002 = ( NAMED_UNIT(*) SI_UNIT($,.STERADIAN.) SOLID_ANGLE_UNIT() );
#1003 = UNCERTAINTY_MEASURE_WITH_UNIT(LENGTH_MEASURE(1.E-07),#1000,
  'distance_accuracy_value','confusion accuracy');
#1004 = CONTEXT_DEPENDENT_SHAPE_REPRESENTATION(#1005,#1007);
#1005 = ( REPRESENTATION_RELATIONSHIP('','',#994,#10) 
REPRESENTATION_RELATIONSHIP_WITH_TRANSFORMATION(#1006) 
SHAPE_REPRESENTATION_RELATIONSHIP() );
#1006 = ITEM_DEFINED_TRANSFORMATION('','',#11,#27);
#1007 = PRODUCT_DEFINITION_SHAPE('Placement','Placement of an item',
  #1008);
#1008 = NEXT_ASSEMBLY_USAGE_OCCURRENCE('6','U1','',#5,#989,$);
#1009 = PRODUCT_RELATED_PRODUCT_CATEGORY('part',$,(#991));
#1010 = SHAPE_DEFINITION_REPRESENTATION(#1011,#1017);
#1011 = PRODUCT_DEFINITION_SHAPE('','',#1012);
#1012 = PRODUCT_DEFINITION('design','',#1013,#1016);
#1013 = PRODUCT_DEFINITION_FORMATION('','',#1014);
#1014 = PRODUCT('WSON_6_1EP_2x2mm_P065mm_EP1x16mm',
  'WSON_6_1EP_2x2mm_P065mm_EP1x16mm','',(#1015));
#1015 = PRODUCT_CONTEXT('',#2,'mechanical');
#1016 = PRODUCT_DEFINITION_CONTEXT('part definition',#2,'design');
#1017 = ADVANCED_BREP_SHAPE_REPRESENTATION('',(#11,#1018),#2576);
#1018 = MANIFOLD_SOLID_BREP('',#1019);
#1019 = CLOSED_SHELL('',(#1020,#1060,#1099,#1123,#1381,#1398,#1415,#1427
    ,#1527,#1567,#1591,#1624,#1664,#1688,#1721,#1761,#1785,#1818,#1842,
    #1935,#1975,#1999,#2032,#2072,#2096,#2129,#2169,#2193,#2226,#2243,
    #2260,#2277,#2294,#2317,#2334,#2346,#2363,#2375,#2392,#2404,#2421,
    #2438,#2455,#2472,#2484,#2501,#2513,#2530,#2542,#2567));
#1020 = ADVANCED_FACE('',(#1021),#1055,.F.);
#1021 = FACE_BOUND('',#1022,.F.);
#1022 = EDGE_LOOP('',(#1023,#1033,#1041,#1049));
#1023 = ORIENTED_EDGE('',*,*,#1024,.F.);
#1024 = EDGE_CURVE('',#1025,#1027,#1029,.T.);
#1025 = VERTEX_POINT('',#1026);
#1026 = CARTESIAN_POINT('',(-0.5,0.55,0.));
#1027 = VERTEX_POINT('',#1028);
#1028 = CARTESIAN_POINT('',(-0.5,-0.8,0.));
#1029 = LINE('',#1030,#1031);
#1030 = CARTESIAN_POINT('',(-0.5,0.55,0.));
#1031 = VECTOR('',#1032,1.);
#1032 = DIRECTION('',(-2.22044604925E-16,-1.,0.));
#1033 = ORIENTED_EDGE('',*,*,#1034,.T.);
#1034 = EDGE_CURVE('',#1025,#1035,#1037,.T.);
#1035 = VERTEX_POINT('',#1036);
#1036 = CARTESIAN_POINT('',(-0.5,0.55,2.E-02));
#1037 = LINE('',#1038,#1039);
#1038 = CARTESIAN_POINT('',(-0.5,0.55,0.));
#1039 = VECTOR('',#1040,1.);
#1040 = DIRECTION('',(0.,0.,1.));
#1041 = ORIENTED_EDGE('',*,*,#1042,.F.);
#1042 = EDGE_CURVE('',#1043,#1035,#1045,.T.);
#1043 = VERTEX_POINT('',#1044);
#1044 = CARTESIAN_POINT('',(-0.5,-0.8,2.E-02));
#1045 = LINE('',#1046,#1047);
#1046 = CARTESIAN_POINT('',(-0.5,0.77,2.E-02));
#1047 = VECTOR('',#1048,1.);
#1048 = DIRECTION('',(2.22044604925E-16,1.,0.));
#1049 = ORIENTED_EDGE('',*,*,#1050,.F.);
#1050 = EDGE_CURVE('',#1027,#1043,#1051,.T.);
#1051 = LINE('',#1052,#1053);
#1052 = CARTESIAN_POINT('',(-0.5,-0.8,0.));
#1053 = VECTOR('',#1054,1.);
#1054 = DIRECTION('',(0.,0.,1.));
#1055 = PLANE('',#1056);
#1056 = AXIS2_PLACEMENT_3D('',#1057,#1058,#1059);
#1057 = CARTESIAN_POINT('',(-0.5,0.55,0.));
#1058 = DIRECTION('',(1.,-2.22044604925E-16,0.));
#1059 = DIRECTION('',(-2.22044604925E-16,-1.,0.));
#1060 = ADVANCED_FACE('',(#1061),#1094,.F.);
#1061 = FACE_BOUND('',#1062,.F.);
#1062 = EDGE_LOOP('',(#1063,#1064,#1072,#1080,#1088));
#1063 = ORIENTED_EDGE('',*,*,#1024,.T.);
#1064 = ORIENTED_EDGE('',*,*,#1065,.T.);
#1065 = EDGE_CURVE('',#1027,#1066,#1068,.T.);
#1066 = VERTEX_POINT('',#1067);
#1067 = CARTESIAN_POINT('',(0.5,-0.8,0.));
#1068 = LINE('',#1069,#1070);
#1069 = CARTESIAN_POINT('',(-0.5,-0.8,0.));
#1070 = VECTOR('',#1071,1.);
#1071 = DIRECTION('',(1.,-2.22044604925E-16,0.));
#1072 = ORIENTED_EDGE('',*,*,#1073,.T.);
#1073 = EDGE_CURVE('',#1066,#1074,#1076,.T.);
#1074 = VERTEX_POINT('',#1075);
#1075 = CARTESIAN_POINT('',(0.5,0.8,0.));
#1076 = LINE('',#1077,#1078);
#1077 = CARTESIAN_POINT('',(0.5,-0.8,0.));
#1078 = VECTOR('',#1079,1.);
#1079 = DIRECTION('',(2.22044604925E-16,1.,0.));
#1080 = ORIENTED_EDGE('',*,*,#1081,.T.);
#1081 = EDGE_CURVE('',#1074,#1082,#1084,.T.);
#1082 = VERTEX_POINT('',#1083);
#1083 = CARTESIAN_POINT('',(-0.25,0.8,0.));
#1084 = LINE('',#1085,#1086);
#1085 = CARTESIAN_POINT('',(0.5,0.8,0.));
#1086 = VECTOR('',#1087,1.);
#1087 = DIRECTION('',(-1.,2.22044604925E-16,0.));
#1088 = ORIENTED_EDGE('',*,*,#1089,.T.);
#1089 = EDGE_CURVE('',#1082,#1025,#1090,.T.);
#1090 = LINE('',#1091,#1092);
#1091 = CARTESIAN_POINT('',(-0.25,0.8,0.));
#1092 = VECTOR('',#1093,1.);
#1093 = DIRECTION('',(-0.707106781187,-0.707106781187,0.));
#1094 = PLANE('',#1095);
#1095 = AXIS2_PLACEMENT_3D('',#1096,#1097,#1098);
#1096 = CARTESIAN_POINT('',(1.705086933244E-02,-2.574455067433E-02,0.));
#1097 = DIRECTION('',(0.,0.,1.));
#1098 = DIRECTION('',(-2.22044604925E-16,-1.,0.));
#1099 = ADVANCED_FACE('',(#1100),#1118,.F.);
#1100 = FACE_BOUND('',#1101,.F.);
#1101 = EDGE_LOOP('',(#1102,#1103,#1104,#1112));
#1102 = ORIENTED_EDGE('',*,*,#1065,.F.);
#1103 = ORIENTED_EDGE('',*,*,#1050,.T.);
#1104 = ORIENTED_EDGE('',*,*,#1105,.F.);
#1105 = EDGE_CURVE('',#1106,#1043,#1108,.T.);
#1106 = VERTEX_POINT('',#1107);
#1107 = CARTESIAN_POINT('',(0.5,-0.8,2.E-02));
#1108 = LINE('',#1109,#1110);
#1109 = CARTESIAN_POINT('',(-0.745,-0.8,2.E-02));
#1110 = VECTOR('',#1111,1.);
#1111 = DIRECTION('',(-1.,2.22044604925E-16,0.));
#1112 = ORIENTED_EDGE('',*,*,#1113,.F.);
#1113 = EDGE_CURVE('',#1066,#1106,#1114,.T.);
#1114 = LINE('',#1115,#1116);
#1115 = CARTESIAN_POINT('',(0.5,-0.8,0.));
#1116 = VECTOR('',#1117,1.);
#1117 = DIRECTION('',(0.,0.,1.));
#1118 = PLANE('',#1119);
#1119 = AXIS2_PLACEMENT_3D('',#1120,#1121,#1122);
#1120 = CARTESIAN_POINT('',(-0.5,-0.8,0.));
#1121 = DIRECTION('',(2.22044604925E-16,1.,0.));
#1122 = DIRECTION('',(1.,-2.22044604925E-16,0.));
#1123 = ADVANCED_FACE('',(#1124,#1350),#1376,.F.);
#1124 = FACE_BOUND('',#1125,.F.);
#1125 = EDGE_LOOP('',(#1126,#1136,#1144,#1152,#1160,#1168,#1176,#1184,
    #1192,#1200,#1208,#1216,#1224,#1232,#1240,#1248,#1256,#1264,#1272,
    #1280,#1288,#1296,#1304,#1312,#1320,#1328,#1336,#1344));
#1126 = ORIENTED_EDGE('',*,*,#1127,.F.);
#1127 = EDGE_CURVE('',#1128,#1130,#1132,.T.);
#1128 = VERTEX_POINT('',#1129);
#1129 = CARTESIAN_POINT('',(0.99,0.99,2.E-02));
#1130 = VERTEX_POINT('',#1131);
#1131 = CARTESIAN_POINT('',(0.99,0.8,2.E-02));
#1132 = LINE('',#1133,#1134);
#1133 = CARTESIAN_POINT('',(0.99,0.99,2.E-02));
#1134 = VECTOR('',#1135,1.);
#1135 = DIRECTION('',(-2.22044604925E-16,-1.,0.));
#1136 = ORIENTED_EDGE('',*,*,#1137,.F.);
#1137 = EDGE_CURVE('',#1138,#1128,#1140,.T.);
#1138 = VERTEX_POINT('',#1139);
#1139 = CARTESIAN_POINT('',(-0.99,0.99,2.E-02));
#1140 = LINE('',#1141,#1142);
#1141 = CARTESIAN_POINT('',(-0.99,0.99,2.E-02));
#1142 = VECTOR('',#1143,1.);
#1143 = DIRECTION('',(1.,-2.22044604925E-16,0.));
#1144 = ORIENTED_EDGE('',*,*,#1145,.T.);
#1145 = EDGE_CURVE('',#1138,#1146,#1148,.T.);
#1146 = VERTEX_POINT('',#1147);
#1147 = CARTESIAN_POINT('',(-0.99,0.8,2.E-02));
#1148 = LINE('',#1149,#1150);
#1149 = CARTESIAN_POINT('',(-0.99,0.99,2.E-02));
#1150 = VECTOR('',#1151,1.);
#1151 = DIRECTION('',(-2.22044604925E-16,-1.,0.));
#1152 = ORIENTED_EDGE('',*,*,#1153,.T.);
#1153 = EDGE_CURVE('',#1146,#1154,#1156,.T.);
#1154 = VERTEX_POINT('',#1155);
#1155 = CARTESIAN_POINT('',(-0.75,0.8,2.E-02));
#1156 = LINE('',#1157,#1158);
#1157 = CARTESIAN_POINT('',(-0.87,0.8,2.E-02));
#1158 = VECTOR('',#1159,1.);
#1159 = DIRECTION('',(1.,-4.669739647545E-16,0.));
#1160 = ORIENTED_EDGE('',*,*,#1161,.T.);
#1161 = EDGE_CURVE('',#1154,#1162,#1164,.T.);
#1162 = VERTEX_POINT('',#1163);
#1163 = CARTESIAN_POINT('',(-0.75,0.5,2.E-02));
#1164 = LINE('',#1165,#1166);
#1165 = CARTESIAN_POINT('',(-0.75,0.745,2.E-02));
#1166 = VECTOR('',#1167,1.);
#1167 = DIRECTION('',(-4.669739647545E-16,-1.,0.));
#1168 = ORIENTED_EDGE('',*,*,#1169,.T.);
#1169 = EDGE_CURVE('',#1162,#1170,#1172,.T.);
#1170 = VERTEX_POINT('',#1171);
#1171 = CARTESIAN_POINT('',(-0.99,0.5,2.E-02));
#1172 = LINE('',#1173,#1174);
#1173 = CARTESIAN_POINT('',(-0.995,0.5,2.E-02));
#1174 = VECTOR('',#1175,1.);
#1175 = DIRECTION('',(-1.,4.669739647545E-16,0.));
#1176 = ORIENTED_EDGE('',*,*,#1177,.T.);
#1177 = EDGE_CURVE('',#1170,#1178,#1180,.T.);
#1178 = VERTEX_POINT('',#1179);
#1179 = CARTESIAN_POINT('',(-0.99,0.15,2.E-02));
#1180 = LINE('',#1181,#1182);
#1181 = CARTESIAN_POINT('',(-0.99,0.99,2.E-02));
#1182 = VECTOR('',#1183,1.);
#1183 = DIRECTION('',(-2.22044604925E-16,-1.,0.));
#1184 = ORIENTED_EDGE('',*,*,#1185,.T.);
#1185 = EDGE_CURVE('',#1178,#1186,#1188,.T.);
#1186 = VERTEX_POINT('',#1187);
#1187 = CARTESIAN_POINT('',(-0.75,0.15,2.E-02));
#1188 = LINE('',#1189,#1190);
#1189 = CARTESIAN_POINT('',(-0.87,0.15,2.E-02));
#1190 = VECTOR('',#1191,1.);
#1191 = DIRECTION('',(1.,-4.669739647545E-16,0.));
#1192 = ORIENTED_EDGE('',*,*,#1193,.T.);
#1193 = EDGE_CURVE('',#1186,#1194,#1196,.T.);
#1194 = VERTEX_POINT('',#1195);
#1195 = CARTESIAN_POINT('',(-0.75,-0.15,2.E-02));
#1196 = LINE('',#1197,#1198);
#1197 = CARTESIAN_POINT('',(-0.75,0.42,2.E-02));
#1198 = VECTOR('',#1199,1.);
#1199 = DIRECTION('',(-4.669739647545E-16,-1.,0.));
#1200 = ORIENTED_EDGE('',*,*,#1201,.T.);
#1201 = EDGE_CURVE('',#1194,#1202,#1204,.T.);
#1202 = VERTEX_POINT('',#1203);
#1203 = CARTESIAN_POINT('',(-0.99,-0.15,2.E-02));
#1204 = LINE('',#1205,#1206);
#1205 = CARTESIAN_POINT('',(-0.995,-0.15,2.E-02));
#1206 = VECTOR('',#1207,1.);
#1207 = DIRECTION('',(-1.,4.669739647545E-16,0.));
#1208 = ORIENTED_EDGE('',*,*,#1209,.T.);
#1209 = EDGE_CURVE('',#1202,#1210,#1212,.T.);
#1210 = VERTEX_POINT('',#1211);
#1211 = CARTESIAN_POINT('',(-0.99,-0.5,2.E-02));
#1212 = LINE('',#1213,#1214);
#1213 = CARTESIAN_POINT('',(-0.99,0.99,2.E-02));
#1214 = VECTOR('',#1215,1.);
#1215 = DIRECTION('',(-2.22044604925E-16,-1.,0.));
#1216 = ORIENTED_EDGE('',*,*,#1217,.T.);
#1217 = EDGE_CURVE('',#1210,#1218,#1220,.T.);
#1218 = VERTEX_POINT('',#1219);
#1219 = CARTESIAN_POINT('',(-0.75,-0.5,2.E-02));
#1220 = LINE('',#1221,#1222);
#1221 = CARTESIAN_POINT('',(-0.87,-0.5,2.E-02));
#1222 = VECTOR('',#1223,1.);
#1223 = DIRECTION('',(1.,-4.669739647545E-16,0.));
#1224 = ORIENTED_EDGE('',*,*,#1225,.T.);
#1225 = EDGE_CURVE('',#1218,#1226,#1228,.T.);
#1226 = VERTEX_POINT('',#1227);
#1227 = CARTESIAN_POINT('',(-0.75,-0.8,2.E-02));
#1228 = LINE('',#1229,#1230);
#1229 = CARTESIAN_POINT('',(-0.75,9.5E-02,2.E-02));
#1230 = VECTOR('',#1231,1.);
#1231 = DIRECTION('',(-4.669739647545E-16,-1.,0.));
#1232 = ORIENTED_EDGE('',*,*,#1233,.T.);
#1233 = EDGE_CURVE('',#1226,#1234,#1236,.T.);
#1234 = VERTEX_POINT('',#1235);
#1235 = CARTESIAN_POINT('',(-0.99,-0.8,2.E-02));
#1236 = LINE('',#1237,#1238);
#1237 = CARTESIAN_POINT('',(-0.995,-0.8,2.E-02));
#1238 = VECTOR('',#1239,1.);
#1239 = DIRECTION('',(-1.,4.669739647545E-16,0.));
#1240 = ORIENTED_EDGE('',*,*,#1241,.T.);
#1241 = EDGE_CURVE('',#1234,#1242,#1244,.T.);
#1242 = VERTEX_POINT('',#1243);
#1243 = CARTESIAN_POINT('',(-0.99,-0.99,2.E-02));
#1244 = LINE('',#1245,#1246);
#1245 = CARTESIAN_POINT('',(-0.99,0.99,2.E-02));
#1246 = VECTOR('',#1247,1.);
#1247 = DIRECTION('',(-2.22044604925E-16,-1.,0.));
#1248 = ORIENTED_EDGE('',*,*,#1249,.T.);
#1249 = EDGE_CURVE('',#1242,#1250,#1252,.T.);
#1250 = VERTEX_POINT('',#1251);
#1251 = CARTESIAN_POINT('',(0.99,-0.99,2.E-02));
#1252 = LINE('',#1253,#1254);
#1253 = CARTESIAN_POINT('',(-0.99,-0.99,2.E-02));
#1254 = VECTOR('',#1255,1.);
#1255 = DIRECTION('',(1.,-2.22044604925E-16,0.));
#1256 = ORIENTED_EDGE('',*,*,#1257,.F.);
#1257 = EDGE_CURVE('',#1258,#1250,#1260,.T.);
#1258 = VERTEX_POINT('',#1259);
#1259 = CARTESIAN_POINT('',(0.99,-0.8,2.E-02));
#1260 = LINE('',#1261,#1262);
#1261 = CARTESIAN_POINT('',(0.99,0.99,2.E-02));
#1262 = VECTOR('',#1263,1.);
#1263 = DIRECTION('',(-2.22044604925E-16,-1.,0.));
#1264 = ORIENTED_EDGE('',*,*,#1265,.T.);
#1265 = EDGE_CURVE('',#1258,#1266,#1268,.T.);
#1266 = VERTEX_POINT('',#1267);
#1267 = CARTESIAN_POINT('',(0.75,-0.8,2.E-02));
#1268 = LINE('',#1269,#1270);
#1269 = CARTESIAN_POINT('',(-0.12,-0.8,2.E-02));
#1270 = VECTOR('',#1271,1.);
#1271 = DIRECTION('',(-1.,3.445092848398E-16,0.));
#1272 = ORIENTED_EDGE('',*,*,#1273,.T.);
#1273 = EDGE_CURVE('',#1266,#1274,#1276,.T.);
#1274 = VERTEX_POINT('',#1275);
#1275 = CARTESIAN_POINT('',(0.75,-0.5,2.E-02));
#1276 = LINE('',#1277,#1278);
#1277 = CARTESIAN_POINT('',(0.75,0.245,2.E-02));
#1278 = VECTOR('',#1279,1.);
#1279 = DIRECTION('',(3.445092848398E-16,1.,0.));
#1280 = ORIENTED_EDGE('',*,*,#1281,.T.);
#1281 = EDGE_CURVE('',#1274,#1282,#1284,.T.);
#1282 = VERTEX_POINT('',#1283);
#1283 = CARTESIAN_POINT('',(0.99,-0.5,2.E-02));
#1284 = LINE('',#1285,#1286);
#1285 = CARTESIAN_POINT('',(5.E-03,-0.5,2.E-02));
#1286 = VECTOR('',#1287,1.);
#1287 = DIRECTION('',(1.,-3.445092848398E-16,0.));
#1288 = ORIENTED_EDGE('',*,*,#1289,.F.);
#1289 = EDGE_CURVE('',#1290,#1282,#1292,.T.);
#1290 = VERTEX_POINT('',#1291);
#1291 = CARTESIAN_POINT('',(0.99,-0.15,2.E-02));
#1292 = LINE('',#1293,#1294);
#1293 = CARTESIAN_POINT('',(0.99,0.99,2.E-02));
#1294 = VECTOR('',#1295,1.);
#1295 = DIRECTION('',(-2.22044604925E-16,-1.,0.));
#1296 = ORIENTED_EDGE('',*,*,#1297,.T.);
#1297 = EDGE_CURVE('',#1290,#1298,#1300,.T.);
#1298 = VERTEX_POINT('',#1299);
#1299 = CARTESIAN_POINT('',(0.75,-0.15,2.E-02));
#1300 = LINE('',#1301,#1302);
#1301 = CARTESIAN_POINT('',(-0.12,-0.15,2.E-02));
#1302 = VECTOR('',#1303,1.);
#1303 = DIRECTION('',(-1.,3.445092848398E-16,0.));
#1304 = ORIENTED_EDGE('',*,*,#1305,.T.);
#1305 = EDGE_CURVE('',#1298,#1306,#1308,.T.);
#1306 = VERTEX_POINT('',#1307);
#1307 = CARTESIAN_POINT('',(0.75,0.15,2.E-02));
#1308 = LINE('',#1309,#1310);
#1309 = CARTESIAN_POINT('',(0.75,0.57,2.E-02));
#1310 = VECTOR('',#1311,1.);
#1311 = DIRECTION('',(3.445092848398E-16,1.,0.));
#1312 = ORIENTED_EDGE('',*,*,#1313,.T.);
#1313 = EDGE_CURVE('',#1306,#1314,#1316,.T.);
#1314 = VERTEX_POINT('',#1315);
#1315 = CARTESIAN_POINT('',(0.99,0.15,2.E-02));
#1316 = LINE('',#1317,#1318);
#1317 = CARTESIAN_POINT('',(5.E-03,0.15,2.E-02));
#1318 = VECTOR('',#1319,1.);
#1319 = DIRECTION('',(1.,-3.445092848398E-16,0.));
#1320 = ORIENTED_EDGE('',*,*,#1321,.F.);
#1321 = EDGE_CURVE('',#1322,#1314,#1324,.T.);
#1322 = VERTEX_POINT('',#1323);
#1323 = CARTESIAN_POINT('',(0.99,0.5,2.E-02));
#1324 = LINE('',#1325,#1326);
#1325 = CARTESIAN_POINT('',(0.99,0.99,2.E-02));
#1326 = VECTOR('',#1327,1.);
#1327 = DIRECTION('',(-2.22044604925E-16,-1.,0.));
#1328 = ORIENTED_EDGE('',*,*,#1329,.T.);
#1329 = EDGE_CURVE('',#1322,#1330,#1332,.T.);
#1330 = VERTEX_POINT('',#1331);
#1331 = CARTESIAN_POINT('',(0.75,0.5,2.E-02));
#1332 = LINE('',#1333,#1334);
#1333 = CARTESIAN_POINT('',(-0.12,0.5,2.E-02));
#1334 = VECTOR('',#1335,1.);
#1335 = DIRECTION('',(-1.,3.445092848398E-16,0.));
#1336 = ORIENTED_EDGE('',*,*,#1337,.T.);
#1337 = EDGE_CURVE('',#1330,#1338,#1340,.T.);
#1338 = VERTEX_POINT('',#1339);
#1339 = CARTESIAN_POINT('',(0.75,0.8,2.E-02));
#1340 = LINE('',#1341,#1342);
#1341 = CARTESIAN_POINT('',(0.75,0.895,2.E-02));
#1342 = VECTOR('',#1343,1.);
#1343 = DIRECTION('',(3.445092848398E-16,1.,0.));
#1344 = ORIENTED_EDGE('',*,*,#1345,.T.);
#1345 = EDGE_CURVE('',#1338,#1130,#1346,.T.);
#1346 = LINE('',#1347,#1348);
#1347 = CARTESIAN_POINT('',(5.E-03,0.8,2.E-02));
#1348 = VECTOR('',#1349,1.);
#1349 = DIRECTION('',(1.,-3.445092848398E-16,0.));
#1350 = FACE_BOUND('',#1351,.F.);
#1351 = EDGE_LOOP('',(#1352,#1353,#1354,#1362,#1370));
#1352 = ORIENTED_EDGE('',*,*,#1105,.T.);
#1353 = ORIENTED_EDGE('',*,*,#1042,.T.);
#1354 = ORIENTED_EDGE('',*,*,#1355,.T.);
#1355 = EDGE_CURVE('',#1035,#1356,#1358,.T.);
#1356 = VERTEX_POINT('',#1357);
#1357 = CARTESIAN_POINT('',(-0.25,0.8,2.E-02));
#1358 = LINE('',#1359,#1360);
#1359 = CARTESIAN_POINT('',(-0.3875,0.6625,2.E-02));
#1360 = VECTOR('',#1361,1.);
#1361 = DIRECTION('',(0.707106781187,0.707106781187,0.));
#1362 = ORIENTED_EDGE('',*,*,#1363,.T.);
#1363 = EDGE_CURVE('',#1356,#1364,#1366,.T.);
#1364 = VERTEX_POINT('',#1365);
#1365 = CARTESIAN_POINT('',(0.5,0.8,2.E-02));
#1366 = LINE('',#1367,#1368);
#1367 = CARTESIAN_POINT('',(-0.245,0.8,2.E-02));
#1368 = VECTOR('',#1369,1.);
#1369 = DIRECTION('',(1.,-2.22044604925E-16,0.));
#1370 = ORIENTED_EDGE('',*,*,#1371,.T.);
#1371 = EDGE_CURVE('',#1364,#1106,#1372,.T.);
#1372 = LINE('',#1373,#1374);
#1373 = CARTESIAN_POINT('',(0.5,9.5E-02,2.E-02));
#1374 = VECTOR('',#1375,1.);
#1375 = DIRECTION('',(-2.22044604925E-16,-1.,0.));
#1376 = PLANE('',#1377);
#1377 = AXIS2_PLACEMENT_3D('',#1378,#1379,#1380);
#1378 = CARTESIAN_POINT('',(-0.99,0.99,2.E-02));
#1379 = DIRECTION('',(0.,0.,1.));
#1380 = DIRECTION('',(-2.22044604925E-16,-1.,0.));
#1381 = ADVANCED_FACE('',(#1382),#1393,.F.);
#1382 = FACE_BOUND('',#1383,.F.);
#1383 = EDGE_LOOP('',(#1384,#1385,#1391,#1392));
#1384 = ORIENTED_EDGE('',*,*,#1089,.F.);
#1385 = ORIENTED_EDGE('',*,*,#1386,.T.);
#1386 = EDGE_CURVE('',#1082,#1356,#1387,.T.);
#1387 = LINE('',#1388,#1389);
#1388 = CARTESIAN_POINT('',(-0.25,0.8,0.));
#1389 = VECTOR('',#1390,1.);
#1390 = DIRECTION('',(0.,0.,1.));
#1391 = ORIENTED_EDGE('',*,*,#1355,.F.);
#1392 = ORIENTED_EDGE('',*,*,#1034,.F.);
#1393 = PLANE('',#1394);
#1394 = AXIS2_PLACEMENT_3D('',#1395,#1396,#1397);
#1395 = CARTESIAN_POINT('',(-0.25,0.8,0.));
#1396 = DIRECTION('',(0.707106781187,-0.707106781187,0.));
#1397 = DIRECTION('',(-0.707106781187,-0.707106781187,0.));
#1398 = ADVANCED_FACE('',(#1399),#1410,.F.);
#1399 = FACE_BOUND('',#1400,.F.);
#1400 = EDGE_LOOP('',(#1401,#1402,#1403,#1404));
#1401 = ORIENTED_EDGE('',*,*,#1073,.F.);
#1402 = ORIENTED_EDGE('',*,*,#1113,.T.);
#1403 = ORIENTED_EDGE('',*,*,#1371,.F.);
#1404 = ORIENTED_EDGE('',*,*,#1405,.F.);
#1405 = EDGE_CURVE('',#1074,#1364,#1406,.T.);
#1406 = LINE('',#1407,#1408);
#1407 = CARTESIAN_POINT('',(0.5,0.8,0.));
#1408 = VECTOR('',#1409,1.);
#1409 = DIRECTION('',(0.,0.,1.));
#1410 = PLANE('',#1411);
#1411 = AXIS2_PLACEMENT_3D('',#1412,#1413,#1414);
#1412 = CARTESIAN_POINT('',(0.5,-0.8,0.));
#1413 = DIRECTION('',(-1.,2.22044604925E-16,0.));
#1414 = DIRECTION('',(2.22044604925E-16,1.,0.));
#1415 = ADVANCED_FACE('',(#1416),#1422,.F.);
#1416 = FACE_BOUND('',#1417,.F.);
#1417 = EDGE_LOOP('',(#1418,#1419,#1420,#1421));
#1418 = ORIENTED_EDGE('',*,*,#1081,.F.);
#1419 = ORIENTED_EDGE('',*,*,#1405,.T.);
#1420 = ORIENTED_EDGE('',*,*,#1363,.F.);
#1421 = ORIENTED_EDGE('',*,*,#1386,.F.);
#1422 = PLANE('',#1423);
#1423 = AXIS2_PLACEMENT_3D('',#1424,#1425,#1426);
#1424 = CARTESIAN_POINT('',(0.5,0.8,0.));
#1425 = DIRECTION('',(-2.22044604925E-16,-1.,0.));
#1426 = DIRECTION('',(-1.,2.22044604925E-16,0.));
#1427 = ADVANCED_FACE('',(#1428),#1522,.T.);
#1428 = FACE_BOUND('',#1429,.T.);
#1429 = EDGE_LOOP('',(#1430,#1431,#1439,#1447,#1453,#1454,#1462,#1470,
    #1476,#1477,#1485,#1493,#1499,#1500,#1508,#1516));
#1430 = ORIENTED_EDGE('',*,*,#1127,.F.);
#1431 = ORIENTED_EDGE('',*,*,#1432,.T.);
#1432 = EDGE_CURVE('',#1128,#1433,#1435,.T.);
#1433 = VERTEX_POINT('',#1434);
#1434 = CARTESIAN_POINT('',(0.99,0.99,0.82));
#1435 = LINE('',#1436,#1437);
#1436 = CARTESIAN_POINT('',(0.99,0.99,2.E-02));
#1437 = VECTOR('',#1438,1.);
#1438 = DIRECTION('',(0.,0.,1.));
#1439 = ORIENTED_EDGE('',*,*,#1440,.T.);
#1440 = EDGE_CURVE('',#1433,#1441,#1443,.T.);
#1441 = VERTEX_POINT('',#1442);
#1442 = CARTESIAN_POINT('',(0.99,-0.99,0.82));
#1443 = LINE('',#1444,#1445);
#1444 = CARTESIAN_POINT('',(0.99,0.99,0.82));
#1445 = VECTOR('',#1446,1.);
#1446 = DIRECTION('',(-2.22044604925E-16,-1.,0.));
#1447 = ORIENTED_EDGE('',*,*,#1448,.F.);
#1448 = EDGE_CURVE('',#1250,#1441,#1449,.T.);
#1449 = LINE('',#1450,#1451);
#1450 = CARTESIAN_POINT('',(0.99,-0.99,2.E-02));
#1451 = VECTOR('',#1452,1.);
#1452 = DIRECTION('',(0.,0.,1.));
#1453 = ORIENTED_EDGE('',*,*,#1257,.F.);
#1454 = ORIENTED_EDGE('',*,*,#1455,.T.);
#1455 = EDGE_CURVE('',#1258,#1456,#1458,.T.);
#1456 = VERTEX_POINT('',#1457);
#1457 = CARTESIAN_POINT('',(0.99,-0.8,0.2));
#1458 = LINE('',#1459,#1460);
#1459 = CARTESIAN_POINT('',(0.99,-0.8,1.E-02));
#1460 = VECTOR('',#1461,1.);
#1461 = DIRECTION('',(0.,0.,1.));
#1462 = ORIENTED_EDGE('',*,*,#1463,.F.);
#1463 = EDGE_CURVE('',#1464,#1456,#1466,.T.);
#1464 = VERTEX_POINT('',#1465);
#1465 = CARTESIAN_POINT('',(0.99,-0.5,0.2));
#1466 = LINE('',#1467,#1468);
#1467 = CARTESIAN_POINT('',(0.99,0.17,0.2));
#1468 = VECTOR('',#1469,1.);
#1469 = DIRECTION('',(-2.22044604925E-16,-1.,0.));
#1470 = ORIENTED_EDGE('',*,*,#1471,.T.);
#1471 = EDGE_CURVE('',#1464,#1282,#1472,.T.);
#1472 = LINE('',#1473,#1474);
#1473 = CARTESIAN_POINT('',(0.99,-0.5,1.E-02));
#1474 = VECTOR('',#1475,1.);
#1475 = DIRECTION('',(0.,-0.,-1.));
#1476 = ORIENTED_EDGE('',*,*,#1289,.F.);
#1477 = ORIENTED_EDGE('',*,*,#1478,.T.);
#1478 = EDGE_CURVE('',#1290,#1479,#1481,.T.);
#1479 = VERTEX_POINT('',#1480);
#1480 = CARTESIAN_POINT('',(0.99,-0.15,0.2));
#1481 = LINE('',#1482,#1483);
#1482 = CARTESIAN_POINT('',(0.99,-0.15,1.E-02));
#1483 = VECTOR('',#1484,1.);
#1484 = DIRECTION('',(0.,0.,1.));
#1485 = ORIENTED_EDGE('',*,*,#1486,.F.);
#1486 = EDGE_CURVE('',#1487,#1479,#1489,.T.);
#1487 = VERTEX_POINT('',#1488);
#1488 = CARTESIAN_POINT('',(0.99,0.15,0.2));
#1489 = LINE('',#1490,#1491);
#1490 = CARTESIAN_POINT('',(0.99,0.495,0.2));
#1491 = VECTOR('',#1492,1.);
#1492 = DIRECTION('',(-2.22044604925E-16,-1.,0.));
#1493 = ORIENTED_EDGE('',*,*,#1494,.T.);
#1494 = EDGE_CURVE('',#1487,#1314,#1495,.T.);
#1495 = LINE('',#1496,#1497);
#1496 = CARTESIAN_POINT('',(0.99,0.15,1.E-02));
#1497 = VECTOR('',#1498,1.);
#1498 = DIRECTION('',(0.,-0.,-1.));
#1499 = ORIENTED_EDGE('',*,*,#1321,.F.);
#1500 = ORIENTED_EDGE('',*,*,#1501,.T.);
#1501 = EDGE_CURVE('',#1322,#1502,#1504,.T.);
#1502 = VERTEX_POINT('',#1503);
#1503 = CARTESIAN_POINT('',(0.99,0.5,0.2));
#1504 = LINE('',#1505,#1506);
#1505 = CARTESIAN_POINT('',(0.99,0.5,1.E-02));
#1506 = VECTOR('',#1507,1.);
#1507 = DIRECTION('',(0.,0.,1.));
#1508 = ORIENTED_EDGE('',*,*,#1509,.F.);
#1509 = EDGE_CURVE('',#1510,#1502,#1512,.T.);
#1510 = VERTEX_POINT('',#1511);
#1511 = CARTESIAN_POINT('',(0.99,0.8,0.2));
#1512 = LINE('',#1513,#1514);
#1513 = CARTESIAN_POINT('',(0.99,0.82,0.2));
#1514 = VECTOR('',#1515,1.);
#1515 = DIRECTION('',(-2.22044604925E-16,-1.,0.));
#1516 = ORIENTED_EDGE('',*,*,#1517,.T.);
#1517 = EDGE_CURVE('',#1510,#1130,#1518,.T.);
#1518 = LINE('',#1519,#1520);
#1519 = CARTESIAN_POINT('',(0.99,0.8,1.E-02));
#1520 = VECTOR('',#1521,1.);
#1521 = DIRECTION('',(0.,-0.,-1.));
#1522 = PLANE('',#1523);
#1523 = AXIS2_PLACEMENT_3D('',#1524,#1525,#1526);
#1524 = CARTESIAN_POINT('',(0.99,0.99,2.E-02));
#1525 = DIRECTION('',(1.,-2.22044604925E-16,0.));
#1526 = DIRECTION('',(0.,0.,1.));
#1527 = ADVANCED_FACE('',(#1528),#1562,.F.);
#1528 = FACE_BOUND('',#1529,.F.);
#1529 = EDGE_LOOP('',(#1530,#1540,#1548,#1554,#1555,#1556));
#1530 = ORIENTED_EDGE('',*,*,#1531,.F.);
#1531 = EDGE_CURVE('',#1532,#1534,#1536,.T.);
#1532 = VERTEX_POINT('',#1533);
#1533 = CARTESIAN_POINT('',(1.,0.8,0.));
#1534 = VERTEX_POINT('',#1535);
#1535 = CARTESIAN_POINT('',(0.75,0.8,0.));
#1536 = LINE('',#1537,#1538);
#1537 = CARTESIAN_POINT('',(1.,0.8,0.));
#1538 = VECTOR('',#1539,1.);
#1539 = DIRECTION('',(-1.,3.445092848398E-16,0.));
#1540 = ORIENTED_EDGE('',*,*,#1541,.T.);
#1541 = EDGE_CURVE('',#1532,#1542,#1544,.T.);
#1542 = VERTEX_POINT('',#1543);
#1543 = CARTESIAN_POINT('',(1.,0.8,0.2));
#1544 = LINE('',#1545,#1546);
#1545 = CARTESIAN_POINT('',(1.,0.8,0.));
#1546 = VECTOR('',#1547,1.);
#1547 = DIRECTION('',(0.,0.,1.));
#1548 = ORIENTED_EDGE('',*,*,#1549,.T.);
#1549 = EDGE_CURVE('',#1542,#1510,#1550,.T.);
#1550 = LINE('',#1551,#1552);
#1551 = CARTESIAN_POINT('',(1.,0.8,0.2));
#1552 = VECTOR('',#1553,1.);
#1553 = DIRECTION('',(-1.,3.445092848398E-16,0.));
#1554 = ORIENTED_EDGE('',*,*,#1517,.T.);
#1555 = ORIENTED_EDGE('',*,*,#1345,.F.);
#1556 = ORIENTED_EDGE('',*,*,#1557,.F.);
#1557 = EDGE_CURVE('',#1534,#1338,#1558,.T.);
#1558 = LINE('',#1559,#1560);
#1559 = CARTESIAN_POINT('',(0.75,0.8,0.));
#1560 = VECTOR('',#1561,1.);
#1561 = DIRECTION('',(0.,0.,1.));
#1562 = PLANE('',#1563);
#1563 = AXIS2_PLACEMENT_3D('',#1564,#1565,#1566);
#1564 = CARTESIAN_POINT('',(1.,0.8,0.));
#1565 = DIRECTION('',(-3.445092848398E-16,-1.,0.));
#1566 = DIRECTION('',(-1.,3.445092848398E-16,0.));
#1567 = ADVANCED_FACE('',(#1568),#1586,.F.);
#1568 = FACE_BOUND('',#1569,.F.);
#1569 = EDGE_LOOP('',(#1570,#1578,#1579,#1580));
#1570 = ORIENTED_EDGE('',*,*,#1571,.F.);
#1571 = EDGE_CURVE('',#1534,#1572,#1574,.T.);
#1572 = VERTEX_POINT('',#1573);
#1573 = CARTESIAN_POINT('',(0.75,0.5,0.));
#1574 = LINE('',#1575,#1576);
#1575 = CARTESIAN_POINT('',(0.75,0.8,0.));
#1576 = VECTOR('',#1577,1.);
#1577 = DIRECTION('',(-3.445092848398E-16,-1.,0.));
#1578 = ORIENTED_EDGE('',*,*,#1557,.T.);
#1579 = ORIENTED_EDGE('',*,*,#1337,.F.);
#1580 = ORIENTED_EDGE('',*,*,#1581,.F.);
#1581 = EDGE_CURVE('',#1572,#1330,#1582,.T.);
#1582 = LINE('',#1583,#1584);
#1583 = CARTESIAN_POINT('',(0.75,0.5,0.));
#1584 = VECTOR('',#1585,1.);
#1585 = DIRECTION('',(0.,0.,1.));
#1586 = PLANE('',#1587);
#1587 = AXIS2_PLACEMENT_3D('',#1588,#1589,#1590);
#1588 = CARTESIAN_POINT('',(0.75,0.8,0.));
#1589 = DIRECTION('',(1.,-3.445092848398E-16,0.));
#1590 = DIRECTION('',(-3.445092848398E-16,-1.,0.));
#1591 = ADVANCED_FACE('',(#1592),#1619,.F.);
#1592 = FACE_BOUND('',#1593,.F.);
#1593 = EDGE_LOOP('',(#1594,#1602,#1603,#1604,#1605,#1613));
#1594 = ORIENTED_EDGE('',*,*,#1595,.F.);
#1595 = EDGE_CURVE('',#1572,#1596,#1598,.T.);
#1596 = VERTEX_POINT('',#1597);
#1597 = CARTESIAN_POINT('',(1.,0.5,0.));
#1598 = LINE('',#1599,#1600);
#1599 = CARTESIAN_POINT('',(0.75,0.5,0.));
#1600 = VECTOR('',#1601,1.);
#1601 = DIRECTION('',(1.,-3.445092848398E-16,0.));
#1602 = ORIENTED_EDGE('',*,*,#1581,.T.);
#1603 = ORIENTED_EDGE('',*,*,#1329,.F.);
#1604 = ORIENTED_EDGE('',*,*,#1501,.T.);
#1605 = ORIENTED_EDGE('',*,*,#1606,.T.);
#1606 = EDGE_CURVE('',#1502,#1607,#1609,.T.);
#1607 = VERTEX_POINT('',#1608);
#1608 = CARTESIAN_POINT('',(1.,0.5,0.2));
#1609 = LINE('',#1610,#1611);
#1610 = CARTESIAN_POINT('',(0.75,0.5,0.2));
#1611 = VECTOR('',#1612,1.);
#1612 = DIRECTION('',(1.,-3.445092848398E-16,0.));
#1613 = ORIENTED_EDGE('',*,*,#1614,.F.);
#1614 = EDGE_CURVE('',#1596,#1607,#1615,.T.);
#1615 = LINE('',#1616,#1617);
#1616 = CARTESIAN_POINT('',(1.,0.5,0.));
#1617 = VECTOR('',#1618,1.);
#1618 = DIRECTION('',(0.,0.,1.));
#1619 = PLANE('',#1620);
#1620 = AXIS2_PLACEMENT_3D('',#1621,#1622,#1623);
#1621 = CARTESIAN_POINT('',(0.75,0.5,0.));
#1622 = DIRECTION('',(3.445092848398E-16,1.,0.));
#1623 = DIRECTION('',(1.,-3.445092848398E-16,0.));
#1624 = ADVANCED_FACE('',(#1625),#1659,.F.);
#1625 = FACE_BOUND('',#1626,.F.);
#1626 = EDGE_LOOP('',(#1627,#1637,#1645,#1651,#1652,#1653));
#1627 = ORIENTED_EDGE('',*,*,#1628,.F.);
#1628 = EDGE_CURVE('',#1629,#1631,#1633,.T.);
#1629 = VERTEX_POINT('',#1630);
#1630 = CARTESIAN_POINT('',(1.,0.15,0.));
#1631 = VERTEX_POINT('',#1632);
#1632 = CARTESIAN_POINT('',(0.75,0.15,0.));
#1633 = LINE('',#1634,#1635);
#1634 = CARTESIAN_POINT('',(1.,0.15,0.));
#1635 = VECTOR('',#1636,1.);
#1636 = DIRECTION('',(-1.,3.445092848398E-16,0.));
#1637 = ORIENTED_EDGE('',*,*,#1638,.T.);
#1638 = EDGE_CURVE('',#1629,#1639,#1641,.T.);
#1639 = VERTEX_POINT('',#1640);
#1640 = CARTESIAN_POINT('',(1.,0.15,0.2));
#1641 = LINE('',#1642,#1643);
#1642 = CARTESIAN_POINT('',(1.,0.15,0.));
#1643 = VECTOR('',#1644,1.);
#1644 = DIRECTION('',(0.,0.,1.));
#1645 = ORIENTED_EDGE('',*,*,#1646,.T.);
#1646 = EDGE_CURVE('',#1639,#1487,#1647,.T.);
#1647 = LINE('',#1648,#1649);
#1648 = CARTESIAN_POINT('',(1.,0.15,0.2));
#1649 = VECTOR('',#1650,1.);
#1650 = DIRECTION('',(-1.,3.445092848398E-16,0.));
#1651 = ORIENTED_EDGE('',*,*,#1494,.T.);
#1652 = ORIENTED_EDGE('',*,*,#1313,.F.);
#1653 = ORIENTED_EDGE('',*,*,#1654,.F.);
#1654 = EDGE_CURVE('',#1631,#1306,#1655,.T.);
#1655 = LINE('',#1656,#1657);
#1656 = CARTESIAN_POINT('',(0.75,0.15,0.));
#1657 = VECTOR('',#1658,1.);
#1658 = DIRECTION('',(0.,0.,1.));
#1659 = PLANE('',#1660);
#1660 = AXIS2_PLACEMENT_3D('',#1661,#1662,#1663);
#1661 = CARTESIAN_POINT('',(1.,0.15,0.));
#1662 = DIRECTION('',(-3.445092848398E-16,-1.,0.));
#1663 = DIRECTION('',(-1.,3.445092848398E-16,0.));
#1664 = ADVANCED_FACE('',(#1665),#1683,.F.);
#1665 = FACE_BOUND('',#1666,.F.);
#1666 = EDGE_LOOP('',(#1667,#1675,#1676,#1677));
#1667 = ORIENTED_EDGE('',*,*,#1668,.F.);
#1668 = EDGE_CURVE('',#1631,#1669,#1671,.T.);
#1669 = VERTEX_POINT('',#1670);
#1670 = CARTESIAN_POINT('',(0.75,-0.15,0.));
#1671 = LINE('',#1672,#1673);
#1672 = CARTESIAN_POINT('',(0.75,0.15,0.));
#1673 = VECTOR('',#1674,1.);
#1674 = DIRECTION('',(-3.445092848398E-16,-1.,0.));
#1675 = ORIENTED_EDGE('',*,*,#1654,.T.);
#1676 = ORIENTED_EDGE('',*,*,#1305,.F.);
#1677 = ORIENTED_EDGE('',*,*,#1678,.F.);
#1678 = EDGE_CURVE('',#1669,#1298,#1679,.T.);
#1679 = LINE('',#1680,#1681);
#1680 = CARTESIAN_POINT('',(0.75,-0.15,0.));
#1681 = VECTOR('',#1682,1.);
#1682 = DIRECTION('',(0.,0.,1.));
#1683 = PLANE('',#1684);
#1684 = AXIS2_PLACEMENT_3D('',#1685,#1686,#1687);
#1685 = CARTESIAN_POINT('',(0.75,0.15,0.));
#1686 = DIRECTION('',(1.,-3.445092848398E-16,0.));
#1687 = DIRECTION('',(-3.445092848398E-16,-1.,0.));
#1688 = ADVANCED_FACE('',(#1689),#1716,.F.);
#1689 = FACE_BOUND('',#1690,.F.);
#1690 = EDGE_LOOP('',(#1691,#1699,#1700,#1701,#1702,#1710));
#1691 = ORIENTED_EDGE('',*,*,#1692,.F.);
#1692 = EDGE_CURVE('',#1669,#1693,#1695,.T.);
#1693 = VERTEX_POINT('',#1694);
#1694 = CARTESIAN_POINT('',(1.,-0.15,0.));
#1695 = LINE('',#1696,#1697);
#1696 = CARTESIAN_POINT('',(0.75,-0.15,0.));
#1697 = VECTOR('',#1698,1.);
#1698 = DIRECTION('',(1.,-3.445092848398E-16,0.));
#1699 = ORIENTED_EDGE('',*,*,#1678,.T.);
#1700 = ORIENTED_EDGE('',*,*,#1297,.F.);
#1701 = ORIENTED_EDGE('',*,*,#1478,.T.);
#1702 = ORIENTED_EDGE('',*,*,#1703,.T.);
#1703 = EDGE_CURVE('',#1479,#1704,#1706,.T.);
#1704 = VERTEX_POINT('',#1705);
#1705 = CARTESIAN_POINT('',(1.,-0.15,0.2));
#1706 = LINE('',#1707,#1708);
#1707 = CARTESIAN_POINT('',(0.75,-0.15,0.2));
#1708 = VECTOR('',#1709,1.);
#1709 = DIRECTION('',(1.,-3.445092848398E-16,0.));
#1710 = ORIENTED_EDGE('',*,*,#1711,.F.);
#1711 = EDGE_CURVE('',#1693,#1704,#1712,.T.);
#1712 = LINE('',#1713,#1714);
#1713 = CARTESIAN_POINT('',(1.,-0.15,0.));
#1714 = VECTOR('',#1715,1.);
#1715 = DIRECTION('',(0.,0.,1.));
#1716 = PLANE('',#1717);
#1717 = AXIS2_PLACEMENT_3D('',#1718,#1719,#1720);
#1718 = CARTESIAN_POINT('',(0.75,-0.15,0.));
#1719 = DIRECTION('',(3.445092848398E-16,1.,0.));
#1720 = DIRECTION('',(1.,-3.445092848398E-16,0.));
#1721 = ADVANCED_FACE('',(#1722),#1756,.F.);
#1722 = FACE_BOUND('',#1723,.F.);
#1723 = EDGE_LOOP('',(#1724,#1734,#1742,#1748,#1749,#1750));
#1724 = ORIENTED_EDGE('',*,*,#1725,.F.);
#1725 = EDGE_CURVE('',#1726,#1728,#1730,.T.);
#1726 = VERTEX_POINT('',#1727);
#1727 = CARTESIAN_POINT('',(1.,-0.5,0.));
#1728 = VERTEX_POINT('',#1729);
#1729 = CARTESIAN_POINT('',(0.75,-0.5,0.));
#1730 = LINE('',#1731,#1732);
#1731 = CARTESIAN_POINT('',(1.,-0.5,0.));
#1732 = VECTOR('',#1733,1.);
#1733 = DIRECTION('',(-1.,3.445092848398E-16,0.));
#1734 = ORIENTED_EDGE('',*,*,#1735,.T.);
#1735 = EDGE_CURVE('',#1726,#1736,#1738,.T.);
#1736 = VERTEX_POINT('',#1737);
#1737 = CARTESIAN_POINT('',(1.,-0.5,0.2));
#1738 = LINE('',#1739,#1740);
#1739 = CARTESIAN_POINT('',(1.,-0.5,0.));
#1740 = VECTOR('',#1741,1.);
#1741 = DIRECTION('',(0.,0.,1.));
#1742 = ORIENTED_EDGE('',*,*,#1743,.T.);
#1743 = EDGE_CURVE('',#1736,#1464,#1744,.T.);
#1744 = LINE('',#1745,#1746);
#1745 = CARTESIAN_POINT('',(1.,-0.5,0.2));
#1746 = VECTOR('',#1747,1.);
#1747 = DIRECTION('',(-1.,3.445092848398E-16,0.));
#1748 = ORIENTED_EDGE('',*,*,#1471,.T.);
#1749 = ORIENTED_EDGE('',*,*,#1281,.F.);
#1750 = ORIENTED_EDGE('',*,*,#1751,.F.);
#1751 = EDGE_CURVE('',#1728,#1274,#1752,.T.);
#1752 = LINE('',#1753,#1754);
#1753 = CARTESIAN_POINT('',(0.75,-0.5,0.));
#1754 = VECTOR('',#1755,1.);
#1755 = DIRECTION('',(0.,0.,1.));
#1756 = PLANE('',#1757);
#1757 = AXIS2_PLACEMENT_3D('',#1758,#1759,#1760);
#1758 = CARTESIAN_POINT('',(1.,-0.5,0.));
#1759 = DIRECTION('',(-3.445092848398E-16,-1.,0.));
#1760 = DIRECTION('',(-1.,3.445092848398E-16,0.));
#1761 = ADVANCED_FACE('',(#1762),#1780,.F.);
#1762 = FACE_BOUND('',#1763,.F.);
#1763 = EDGE_LOOP('',(#1764,#1772,#1773,#1774));
#1764 = ORIENTED_EDGE('',*,*,#1765,.F.);
#1765 = EDGE_CURVE('',#1728,#1766,#1768,.T.);
#1766 = VERTEX_POINT('',#1767);
#1767 = CARTESIAN_POINT('',(0.75,-0.8,0.));
#1768 = LINE('',#1769,#1770);
#1769 = CARTESIAN_POINT('',(0.75,-0.5,0.));
#1770 = VECTOR('',#1771,1.);
#1771 = DIRECTION('',(-3.445092848398E-16,-1.,0.));
#1772 = ORIENTED_EDGE('',*,*,#1751,.T.);
#1773 = ORIENTED_EDGE('',*,*,#1273,.F.);
#1774 = ORIENTED_EDGE('',*,*,#1775,.F.);
#1775 = EDGE_CURVE('',#1766,#1266,#1776,.T.);
#1776 = LINE('',#1777,#1778);
#1777 = CARTESIAN_POINT('',(0.75,-0.8,0.));
#1778 = VECTOR('',#1779,1.);
#1779 = DIRECTION('',(0.,0.,1.));
#1780 = PLANE('',#1781);
#1781 = AXIS2_PLACEMENT_3D('',#1782,#1783,#1784);
#1782 = CARTESIAN_POINT('',(0.75,-0.5,0.));
#1783 = DIRECTION('',(1.,-3.445092848398E-16,0.));
#1784 = DIRECTION('',(-3.445092848398E-16,-1.,0.));
#1785 = ADVANCED_FACE('',(#1786),#1813,.F.);
#1786 = FACE_BOUND('',#1787,.F.);
#1787 = EDGE_LOOP('',(#1788,#1796,#1797,#1798,#1799,#1807));
#1788 = ORIENTED_EDGE('',*,*,#1789,.F.);
#1789 = EDGE_CURVE('',#1766,#1790,#1792,.T.);
#1790 = VERTEX_POINT('',#1791);
#1791 = CARTESIAN_POINT('',(1.,-0.8,0.));
#1792 = LINE('',#1793,#1794);
#1793 = CARTESIAN_POINT('',(0.75,-0.8,0.));
#1794 = VECTOR('',#1795,1.);
#1795 = DIRECTION('',(1.,-3.445092848398E-16,0.));
#1796 = ORIENTED_EDGE('',*,*,#1775,.T.);
#1797 = ORIENTED_EDGE('',*,*,#1265,.F.);
#1798 = ORIENTED_EDGE('',*,*,#1455,.T.);
#1799 = ORIENTED_EDGE('',*,*,#1800,.T.);
#1800 = EDGE_CURVE('',#1456,#1801,#1803,.T.);
#1801 = VERTEX_POINT('',#1802);
#1802 = CARTESIAN_POINT('',(1.,-0.8,0.2));
#1803 = LINE('',#1804,#1805);
#1804 = CARTESIAN_POINT('',(0.75,-0.8,0.2));
#1805 = VECTOR('',#1806,1.);
#1806 = DIRECTION('',(1.,-3.445092848398E-16,0.));
#1807 = ORIENTED_EDGE('',*,*,#1808,.F.);
#1808 = EDGE_CURVE('',#1790,#1801,#1809,.T.);
#1809 = LINE('',#1810,#1811);
#1810 = CARTESIAN_POINT('',(1.,-0.8,0.));
#1811 = VECTOR('',#1812,1.);
#1812 = DIRECTION('',(0.,0.,1.));
#1813 = PLANE('',#1814);
#1814 = AXIS2_PLACEMENT_3D('',#1815,#1816,#1817);
#1815 = CARTESIAN_POINT('',(0.75,-0.8,0.));
#1816 = DIRECTION('',(3.445092848398E-16,1.,0.));
#1817 = DIRECTION('',(1.,-3.445092848398E-16,0.));
#1818 = ADVANCED_FACE('',(#1819),#1837,.T.);
#1819 = FACE_BOUND('',#1820,.T.);
#1820 = EDGE_LOOP('',(#1821,#1829,#1830,#1831));
#1821 = ORIENTED_EDGE('',*,*,#1822,.F.);
#1822 = EDGE_CURVE('',#1242,#1823,#1825,.T.);
#1823 = VERTEX_POINT('',#1824);
#1824 = CARTESIAN_POINT('',(-0.99,-0.99,0.82));
#1825 = LINE('',#1826,#1827);
#1826 = CARTESIAN_POINT('',(-0.99,-0.99,2.E-02));
#1827 = VECTOR('',#1828,1.);
#1828 = DIRECTION('',(0.,0.,1.));
#1829 = ORIENTED_EDGE('',*,*,#1249,.T.);
#1830 = ORIENTED_EDGE('',*,*,#1448,.T.);
#1831 = ORIENTED_EDGE('',*,*,#1832,.F.);
#1832 = EDGE_CURVE('',#1823,#1441,#1833,.T.);
#1833 = LINE('',#1834,#1835);
#1834 = CARTESIAN_POINT('',(-0.99,-0.99,0.82));
#1835 = VECTOR('',#1836,1.);
#1836 = DIRECTION('',(1.,-2.22044604925E-16,0.));
#1837 = PLANE('',#1838);
#1838 = AXIS2_PLACEMENT_3D('',#1839,#1840,#1841);
#1839 = CARTESIAN_POINT('',(-0.99,-0.99,2.E-02));
#1840 = DIRECTION('',(-2.22044604925E-16,-1.,0.));
#1841 = DIRECTION('',(0.,0.,1.));
#1842 = ADVANCED_FACE('',(#1843),#1930,.F.);
#1843 = FACE_BOUND('',#1844,.F.);
#1844 = EDGE_LOOP('',(#1845,#1846,#1854,#1860,#1861,#1862,#1870,#1878,
    #1884,#1885,#1893,#1901,#1907,#1908,#1916,#1924));
#1845 = ORIENTED_EDGE('',*,*,#1145,.F.);
#1846 = ORIENTED_EDGE('',*,*,#1847,.T.);
#1847 = EDGE_CURVE('',#1138,#1848,#1850,.T.);
#1848 = VERTEX_POINT('',#1849);
#1849 = CARTESIAN_POINT('',(-0.99,0.99,0.82));
#1850 = LINE('',#1851,#1852);
#1851 = CARTESIAN_POINT('',(-0.99,0.99,2.E-02));
#1852 = VECTOR('',#1853,1.);
#1853 = DIRECTION('',(0.,0.,1.));
#1854 = ORIENTED_EDGE('',*,*,#1855,.T.);
#1855 = EDGE_CURVE('',#1848,#1823,#1856,.T.);
#1856 = LINE('',#1857,#1858);
#1857 = CARTESIAN_POINT('',(-0.99,0.99,0.82));
#1858 = VECTOR('',#1859,1.);
#1859 = DIRECTION('',(-2.22044604925E-16,-1.,0.));
#1860 = ORIENTED_EDGE('',*,*,#1822,.F.);
#1861 = ORIENTED_EDGE('',*,*,#1241,.F.);
#1862 = ORIENTED_EDGE('',*,*,#1863,.T.);
#1863 = EDGE_CURVE('',#1234,#1864,#1866,.T.);
#1864 = VERTEX_POINT('',#1865);
#1865 = CARTESIAN_POINT('',(-0.99,-0.8,0.2));
#1866 = LINE('',#1867,#1868);
#1867 = CARTESIAN_POINT('',(-0.99,-0.8,1.E-02));
#1868 = VECTOR('',#1869,1.);
#1869 = DIRECTION('',(0.,0.,1.));
#1870 = ORIENTED_EDGE('',*,*,#1871,.F.);
#1871 = EDGE_CURVE('',#1872,#1864,#1874,.T.);
#1872 = VERTEX_POINT('',#1873);
#1873 = CARTESIAN_POINT('',(-0.99,-0.5,0.2));
#1874 = LINE('',#1875,#1876);
#1875 = CARTESIAN_POINT('',(-0.99,0.17,0.2));
#1876 = VECTOR('',#1877,1.);
#1877 = DIRECTION('',(-2.22044604925E-16,-1.,0.));
#1878 = ORIENTED_EDGE('',*,*,#1879,.T.);
#1879 = EDGE_CURVE('',#1872,#1210,#1880,.T.);
#1880 = LINE('',#1881,#1882);
#1881 = CARTESIAN_POINT('',(-0.99,-0.5,1.E-02));
#1882 = VECTOR('',#1883,1.);
#1883 = DIRECTION('',(0.,-0.,-1.));
#1884 = ORIENTED_EDGE('',*,*,#1209,.F.);
#1885 = ORIENTED_EDGE('',*,*,#1886,.T.);
#1886 = EDGE_CURVE('',#1202,#1887,#1889,.T.);
#1887 = VERTEX_POINT('',#1888);
#1888 = CARTESIAN_POINT('',(-0.99,-0.15,0.2));
#1889 = LINE('',#1890,#1891);
#1890 = CARTESIAN_POINT('',(-0.99,-0.15,1.E-02));
#1891 = VECTOR('',#1892,1.);
#1892 = DIRECTION('',(0.,0.,1.));
#1893 = ORIENTED_EDGE('',*,*,#1894,.F.);
#1894 = EDGE_CURVE('',#1895,#1887,#1897,.T.);
#1895 = VERTEX_POINT('',#1896);
#1896 = CARTESIAN_POINT('',(-0.99,0.15,0.2));
#1897 = LINE('',#1898,#1899);
#1898 = CARTESIAN_POINT('',(-0.99,0.495,0.2));
#1899 = VECTOR('',#1900,1.);
#1900 = DIRECTION('',(-2.22044604925E-16,-1.,0.));
#1901 = ORIENTED_EDGE('',*,*,#1902,.T.);
#1902 = EDGE_CURVE('',#1895,#1178,#1903,.T.);
#1903 = LINE('',#1904,#1905);
#1904 = CARTESIAN_POINT('',(-0.99,0.15,1.E-02));
#1905 = VECTOR('',#1906,1.);
#1906 = DIRECTION('',(0.,-0.,-1.));
#1907 = ORIENTED_EDGE('',*,*,#1177,.F.);
#1908 = ORIENTED_EDGE('',*,*,#1909,.T.);
#1909 = EDGE_CURVE('',#1170,#1910,#1912,.T.);
#1910 = VERTEX_POINT('',#1911);
#1911 = CARTESIAN_POINT('',(-0.99,0.5,0.2));
#1912 = LINE('',#1913,#1914);
#1913 = CARTESIAN_POINT('',(-0.99,0.5,1.E-02));
#1914 = VECTOR('',#1915,1.);
#1915 = DIRECTION('',(0.,0.,1.));
#1916 = ORIENTED_EDGE('',*,*,#1917,.F.);
#1917 = EDGE_CURVE('',#1918,#1910,#1920,.T.);
#1918 = VERTEX_POINT('',#1919);
#1919 = CARTESIAN_POINT('',(-0.99,0.8,0.2));
#1920 = LINE('',#1921,#1922);
#1921 = CARTESIAN_POINT('',(-0.99,0.82,0.2));
#1922 = VECTOR('',#1923,1.);
#1923 = DIRECTION('',(-2.22044604925E-16,-1.,0.));
#1924 = ORIENTED_EDGE('',*,*,#1925,.T.);
#1925 = EDGE_CURVE('',#1918,#1146,#1926,.T.);
#1926 = LINE('',#1927,#1928);
#1927 = CARTESIAN_POINT('',(-0.99,0.8,1.E-02));
#1928 = VECTOR('',#1929,1.);
#1929 = DIRECTION('',(0.,-0.,-1.));
#1930 = PLANE('',#1931);
#1931 = AXIS2_PLACEMENT_3D('',#1932,#1933,#1934);
#1932 = CARTESIAN_POINT('',(-0.99,0.99,2.E-02));
#1933 = DIRECTION('',(1.,-2.22044604925E-16,0.));
#1934 = DIRECTION('',(0.,0.,1.));
#1935 = ADVANCED_FACE('',(#1936),#1970,.F.);
#1936 = FACE_BOUND('',#1937,.F.);
#1937 = EDGE_LOOP('',(#1938,#1948,#1956,#1962,#1963,#1964));
#1938 = ORIENTED_EDGE('',*,*,#1939,.F.);
#1939 = EDGE_CURVE('',#1940,#1942,#1944,.T.);
#1940 = VERTEX_POINT('',#1941);
#1941 = CARTESIAN_POINT('',(-1.,-0.8,0.));
#1942 = VERTEX_POINT('',#1943);
#1943 = CARTESIAN_POINT('',(-0.75,-0.8,0.));
#1944 = LINE('',#1945,#1946);
#1945 = CARTESIAN_POINT('',(-1.,-0.8,0.));
#1946 = VECTOR('',#1947,1.);
#1947 = DIRECTION('',(1.,-4.669739647545E-16,0.));
#1948 = ORIENTED_EDGE('',*,*,#1949,.T.);
#1949 = EDGE_CURVE('',#1940,#1950,#1952,.T.);
#1950 = VERTEX_POINT('',#1951);
#1951 = CARTESIAN_POINT('',(-1.,-0.8,0.2));
#1952 = LINE('',#1953,#1954);
#1953 = CARTESIAN_POINT('',(-1.,-0.8,0.));
#1954 = VECTOR('',#1955,1.);
#1955 = DIRECTION('',(0.,0.,1.));
#1956 = ORIENTED_EDGE('',*,*,#1957,.T.);
#1957 = EDGE_CURVE('',#1950,#1864,#1958,.T.);
#1958 = LINE('',#1959,#1960);
#1959 = CARTESIAN_POINT('',(-1.,-0.8,0.2));
#1960 = VECTOR('',#1961,1.);
#1961 = DIRECTION('',(1.,-4.669739647545E-16,0.));
#1962 = ORIENTED_EDGE('',*,*,#1863,.F.);
#1963 = ORIENTED_EDGE('',*,*,#1233,.F.);
#1964 = ORIENTED_EDGE('',*,*,#1965,.F.);
#1965 = EDGE_CURVE('',#1942,#1226,#1966,.T.);
#1966 = LINE('',#1967,#1968);
#1967 = CARTESIAN_POINT('',(-0.75,-0.8,0.));
#1968 = VECTOR('',#1969,1.);
#1969 = DIRECTION('',(0.,0.,1.));
#1970 = PLANE('',#1971);
#1971 = AXIS2_PLACEMENT_3D('',#1972,#1973,#1974);
#1972 = CARTESIAN_POINT('',(-1.,-0.8,0.));
#1973 = DIRECTION('',(4.669739647545E-16,1.,0.));
#1974 = DIRECTION('',(1.,-4.669739647545E-16,0.));
#1975 = ADVANCED_FACE('',(#1976),#1994,.F.);
#1976 = FACE_BOUND('',#1977,.F.);
#1977 = EDGE_LOOP('',(#1978,#1986,#1987,#1988));
#1978 = ORIENTED_EDGE('',*,*,#1979,.F.);
#1979 = EDGE_CURVE('',#1942,#1980,#1982,.T.);
#1980 = VERTEX_POINT('',#1981);
#1981 = CARTESIAN_POINT('',(-0.75,-0.5,0.));
#1982 = LINE('',#1983,#1984);
#1983 = CARTESIAN_POINT('',(-0.75,-0.8,0.));
#1984 = VECTOR('',#1985,1.);
#1985 = DIRECTION('',(4.669739647545E-16,1.,0.));
#1986 = ORIENTED_EDGE('',*,*,#1965,.T.);
#1987 = ORIENTED_EDGE('',*,*,#1225,.F.);
#1988 = ORIENTED_EDGE('',*,*,#1989,.F.);
#1989 = EDGE_CURVE('',#1980,#1218,#1990,.T.);
#1990 = LINE('',#1991,#1992);
#1991 = CARTESIAN_POINT('',(-0.75,-0.5,0.));
#1992 = VECTOR('',#1993,1.);
#1993 = DIRECTION('',(0.,0.,1.));
#1994 = PLANE('',#1995);
#1995 = AXIS2_PLACEMENT_3D('',#1996,#1997,#1998);
#1996 = CARTESIAN_POINT('',(-0.75,-0.8,0.));
#1997 = DIRECTION('',(-1.,4.669739647545E-16,0.));
#1998 = DIRECTION('',(4.669739647545E-16,1.,0.));
#1999 = ADVANCED_FACE('',(#2000),#2027,.F.);
#2000 = FACE_BOUND('',#2001,.F.);
#2001 = EDGE_LOOP('',(#2002,#2010,#2011,#2012,#2013,#2021));
#2002 = ORIENTED_EDGE('',*,*,#2003,.F.);
#2003 = EDGE_CURVE('',#1980,#2004,#2006,.T.);
#2004 = VERTEX_POINT('',#2005);
#2005 = CARTESIAN_POINT('',(-1.,-0.5,0.));
#2006 = LINE('',#2007,#2008);
#2007 = CARTESIAN_POINT('',(-0.75,-0.5,0.));
#2008 = VECTOR('',#2009,1.);
#2009 = DIRECTION('',(-1.,4.669739647545E-16,0.));
#2010 = ORIENTED_EDGE('',*,*,#1989,.T.);
#2011 = ORIENTED_EDGE('',*,*,#1217,.F.);
#2012 = ORIENTED_EDGE('',*,*,#1879,.F.);
#2013 = ORIENTED_EDGE('',*,*,#2014,.T.);
#2014 = EDGE_CURVE('',#1872,#2015,#2017,.T.);
#2015 = VERTEX_POINT('',#2016);
#2016 = CARTESIAN_POINT('',(-1.,-0.5,0.2));
#2017 = LINE('',#2018,#2019);
#2018 = CARTESIAN_POINT('',(-0.75,-0.5,0.2));
#2019 = VECTOR('',#2020,1.);
#2020 = DIRECTION('',(-1.,4.669739647545E-16,0.));
#2021 = ORIENTED_EDGE('',*,*,#2022,.F.);
#2022 = EDGE_CURVE('',#2004,#2015,#2023,.T.);
#2023 = LINE('',#2024,#2025);
#2024 = CARTESIAN_POINT('',(-1.,-0.5,0.));
#2025 = VECTOR('',#2026,1.);
#2026 = DIRECTION('',(0.,0.,1.));
#2027 = PLANE('',#2028);
#2028 = AXIS2_PLACEMENT_3D('',#2029,#2030,#2031);
#2029 = CARTESIAN_POINT('',(-0.75,-0.5,0.));
#2030 = DIRECTION('',(-4.669739647545E-16,-1.,0.));
#2031 = DIRECTION('',(-1.,4.669739647545E-16,0.));
#2032 = ADVANCED_FACE('',(#2033),#2067,.F.);
#2033 = FACE_BOUND('',#2034,.F.);
#2034 = EDGE_LOOP('',(#2035,#2045,#2053,#2059,#2060,#2061));
#2035 = ORIENTED_EDGE('',*,*,#2036,.F.);
#2036 = EDGE_CURVE('',#2037,#2039,#2041,.T.);
#2037 = VERTEX_POINT('',#2038);
#2038 = CARTESIAN_POINT('',(-1.,-0.15,0.));
#2039 = VERTEX_POINT('',#2040);
#2040 = CARTESIAN_POINT('',(-0.75,-0.15,0.));
#2041 = LINE('',#2042,#2043);
#2042 = CARTESIAN_POINT('',(-1.,-0.15,0.));
#2043 = VECTOR('',#2044,1.);
#2044 = DIRECTION('',(1.,-4.669739647545E-16,0.));
#2045 = ORIENTED_EDGE('',*,*,#2046,.T.);
#2046 = EDGE_CURVE('',#2037,#2047,#2049,.T.);
#2047 = VERTEX_POINT('',#2048);
#2048 = CARTESIAN_POINT('',(-1.,-0.15,0.2));
#2049 = LINE('',#2050,#2051);
#2050 = CARTESIAN_POINT('',(-1.,-0.15,0.));
#2051 = VECTOR('',#2052,1.);
#2052 = DIRECTION('',(0.,0.,1.));
#2053 = ORIENTED_EDGE('',*,*,#2054,.T.);
#2054 = EDGE_CURVE('',#2047,#1887,#2055,.T.);
#2055 = LINE('',#2056,#2057);
#2056 = CARTESIAN_POINT('',(-1.,-0.15,0.2));
#2057 = VECTOR('',#2058,1.);
#2058 = DIRECTION('',(1.,-4.669739647545E-16,0.));
#2059 = ORIENTED_EDGE('',*,*,#1886,.F.);
#2060 = ORIENTED_EDGE('',*,*,#1201,.F.);
#2061 = ORIENTED_EDGE('',*,*,#2062,.F.);
#2062 = EDGE_CURVE('',#2039,#1194,#2063,.T.);
#2063 = LINE('',#2064,#2065);
#2064 = CARTESIAN_POINT('',(-0.75,-0.15,0.));
#2065 = VECTOR('',#2066,1.);
#2066 = DIRECTION('',(0.,0.,1.));
#2067 = PLANE('',#2068);
#2068 = AXIS2_PLACEMENT_3D('',#2069,#2070,#2071);
#2069 = CARTESIAN_POINT('',(-1.,-0.15,0.));
#2070 = DIRECTION('',(4.669739647545E-16,1.,0.));
#2071 = DIRECTION('',(1.,-4.669739647545E-16,0.));
#2072 = ADVANCED_FACE('',(#2073),#2091,.F.);
#2073 = FACE_BOUND('',#2074,.F.);
#2074 = EDGE_LOOP('',(#2075,#2083,#2084,#2085));
#2075 = ORIENTED_EDGE('',*,*,#2076,.F.);
#2076 = EDGE_CURVE('',#2039,#2077,#2079,.T.);
#2077 = VERTEX_POINT('',#2078);
#2078 = CARTESIAN_POINT('',(-0.75,0.15,0.));
#2079 = LINE('',#2080,#2081);
#2080 = CARTESIAN_POINT('',(-0.75,-0.15,0.));
#2081 = VECTOR('',#2082,1.);
#2082 = DIRECTION('',(4.669739647545E-16,1.,0.));
#2083 = ORIENTED_EDGE('',*,*,#2062,.T.);
#2084 = ORIENTED_EDGE('',*,*,#1193,.F.);
#2085 = ORIENTED_EDGE('',*,*,#2086,.F.);
#2086 = EDGE_CURVE('',#2077,#1186,#2087,.T.);
#2087 = LINE('',#2088,#2089);
#2088 = CARTESIAN_POINT('',(-0.75,0.15,0.));
#2089 = VECTOR('',#2090,1.);
#2090 = DIRECTION('',(0.,0.,1.));
#2091 = PLANE('',#2092);
#2092 = AXIS2_PLACEMENT_3D('',#2093,#2094,#2095);
#2093 = CARTESIAN_POINT('',(-0.75,-0.15,0.));
#2094 = DIRECTION('',(-1.,4.669739647545E-16,0.));
#2095 = DIRECTION('',(4.669739647545E-16,1.,0.));
#2096 = ADVANCED_FACE('',(#2097),#2124,.F.);
#2097 = FACE_BOUND('',#2098,.F.);
#2098 = EDGE_LOOP('',(#2099,#2107,#2108,#2109,#2110,#2118));
#2099 = ORIENTED_EDGE('',*,*,#2100,.F.);
#2100 = EDGE_CURVE('',#2077,#2101,#2103,.T.);
#2101 = VERTEX_POINT('',#2102);
#2102 = CARTESIAN_POINT('',(-1.,0.15,0.));
#2103 = LINE('',#2104,#2105);
#2104 = CARTESIAN_POINT('',(-0.75,0.15,0.));
#2105 = VECTOR('',#2106,1.);
#2106 = DIRECTION('',(-1.,4.669739647545E-16,0.));
#2107 = ORIENTED_EDGE('',*,*,#2086,.T.);
#2108 = ORIENTED_EDGE('',*,*,#1185,.F.);
#2109 = ORIENTED_EDGE('',*,*,#1902,.F.);
#2110 = ORIENTED_EDGE('',*,*,#2111,.T.);
#2111 = EDGE_CURVE('',#1895,#2112,#2114,.T.);
#2112 = VERTEX_POINT('',#2113);
#2113 = CARTESIAN_POINT('',(-1.,0.15,0.2));
#2114 = LINE('',#2115,#2116);
#2115 = CARTESIAN_POINT('',(-0.75,0.15,0.2));
#2116 = VECTOR('',#2117,1.);
#2117 = DIRECTION('',(-1.,4.669739647545E-16,0.));
#2118 = ORIENTED_EDGE('',*,*,#2119,.F.);
#2119 = EDGE_CURVE('',#2101,#2112,#2120,.T.);
#2120 = LINE('',#2121,#2122);
#2121 = CARTESIAN_POINT('',(-1.,0.15,0.));
#2122 = VECTOR('',#2123,1.);
#2123 = DIRECTION('',(0.,0.,1.));
#2124 = PLANE('',#2125);
#2125 = AXIS2_PLACEMENT_3D('',#2126,#2127,#2128);
#2126 = CARTESIAN_POINT('',(-0.75,0.15,0.));
#2127 = DIRECTION('',(-4.669739647545E-16,-1.,0.));
#2128 = DIRECTION('',(-1.,4.669739647545E-16,0.));
#2129 = ADVANCED_FACE('',(#2130),#2164,.F.);
#2130 = FACE_BOUND('',#2131,.F.);
#2131 = EDGE_LOOP('',(#2132,#2142,#2150,#2156,#2157,#2158));
#2132 = ORIENTED_EDGE('',*,*,#2133,.F.);
#2133 = EDGE_CURVE('',#2134,#2136,#2138,.T.);
#2134 = VERTEX_POINT('',#2135);
#2135 = CARTESIAN_POINT('',(-1.,0.5,0.));
#2136 = VERTEX_POINT('',#2137);
#2137 = CARTESIAN_POINT('',(-0.75,0.5,0.));
#2138 = LINE('',#2139,#2140);
#2139 = CARTESIAN_POINT('',(-1.,0.5,0.));
#2140 = VECTOR('',#2141,1.);
#2141 = DIRECTION('',(1.,-4.669739647545E-16,0.));
#2142 = ORIENTED_EDGE('',*,*,#2143,.T.);
#2143 = EDGE_CURVE('',#2134,#2144,#2146,.T.);
#2144 = VERTEX_POINT('',#2145);
#2145 = CARTESIAN_POINT('',(-1.,0.5,0.2));
#2146 = LINE('',#2147,#2148);
#2147 = CARTESIAN_POINT('',(-1.,0.5,0.));
#2148 = VECTOR('',#2149,1.);
#2149 = DIRECTION('',(0.,0.,1.));
#2150 = ORIENTED_EDGE('',*,*,#2151,.T.);
#2151 = EDGE_CURVE('',#2144,#1910,#2152,.T.);
#2152 = LINE('',#2153,#2154);
#2153 = CARTESIAN_POINT('',(-1.,0.5,0.2));
#2154 = VECTOR('',#2155,1.);
#2155 = DIRECTION('',(1.,-4.669739647545E-16,0.));
#2156 = ORIENTED_EDGE('',*,*,#1909,.F.);
#2157 = ORIENTED_EDGE('',*,*,#1169,.F.);
#2158 = ORIENTED_EDGE('',*,*,#2159,.F.);
#2159 = EDGE_CURVE('',#2136,#1162,#2160,.T.);
#2160 = LINE('',#2161,#2162);
#2161 = CARTESIAN_POINT('',(-0.75,0.5,0.));
#2162 = VECTOR('',#2163,1.);
#2163 = DIRECTION('',(0.,0.,1.));
#2164 = PLANE('',#2165);
#2165 = AXIS2_PLACEMENT_3D('',#2166,#2167,#2168);
#2166 = CARTESIAN_POINT('',(-1.,0.5,0.));
#2167 = DIRECTION('',(4.669739647545E-16,1.,0.));
#2168 = DIRECTION('',(1.,-4.669739647545E-16,0.));
#2169 = ADVANCED_FACE('',(#2170),#2188,.F.);
#2170 = FACE_BOUND('',#2171,.F.);
#2171 = EDGE_LOOP('',(#2172,#2180,#2181,#2182));
#2172 = ORIENTED_EDGE('',*,*,#2173,.F.);
#2173 = EDGE_CURVE('',#2136,#2174,#2176,.T.);
#2174 = VERTEX_POINT('',#2175);
#2175 = CARTESIAN_POINT('',(-0.75,0.8,0.));
#2176 = LINE('',#2177,#2178);
#2177 = CARTESIAN_POINT('',(-0.75,0.5,0.));
#2178 = VECTOR('',#2179,1.);
#2179 = DIRECTION('',(4.669739647545E-16,1.,0.));
#2180 = ORIENTED_EDGE('',*,*,#2159,.T.);
#2181 = ORIENTED_EDGE('',*,*,#1161,.F.);
#2182 = ORIENTED_EDGE('',*,*,#2183,.F.);
#2183 = EDGE_CURVE('',#2174,#1154,#2184,.T.);
#2184 = LINE('',#2185,#2186);
#2185 = CARTESIAN_POINT('',(-0.75,0.8,0.));
#2186 = VECTOR('',#2187,1.);
#2187 = DIRECTION('',(0.,0.,1.));
#2188 = PLANE('',#2189);
#2189 = AXIS2_PLACEMENT_3D('',#2190,#2191,#2192);
#2190 = CARTESIAN_POINT('',(-0.75,0.5,0.));
#2191 = DIRECTION('',(-1.,4.669739647545E-16,0.));
#2192 = DIRECTION('',(4.669739647545E-16,1.,0.));
#2193 = ADVANCED_FACE('',(#2194),#2221,.F.);
#2194 = FACE_BOUND('',#2195,.F.);
#2195 = EDGE_LOOP('',(#2196,#2204,#2205,#2206,#2207,#2215));
#2196 = ORIENTED_EDGE('',*,*,#2197,.F.);
#2197 = EDGE_CURVE('',#2174,#2198,#2200,.T.);
#2198 = VERTEX_POINT('',#2199);
#2199 = CARTESIAN_POINT('',(-1.,0.8,0.));
#2200 = LINE('',#2201,#2202);
#2201 = CARTESIAN_POINT('',(-0.75,0.8,0.));
#2202 = VECTOR('',#2203,1.);
#2203 = DIRECTION('',(-1.,4.669739647545E-16,0.));
#2204 = ORIENTED_EDGE('',*,*,#2183,.T.);
#2205 = ORIENTED_EDGE('',*,*,#1153,.F.);
#2206 = ORIENTED_EDGE('',*,*,#1925,.F.);
#2207 = ORIENTED_EDGE('',*,*,#2208,.T.);
#2208 = EDGE_CURVE('',#1918,#2209,#2211,.T.);
#2209 = VERTEX_POINT('',#2210);
#2210 = CARTESIAN_POINT('',(-1.,0.8,0.2));
#2211 = LINE('',#2212,#2213);
#2212 = CARTESIAN_POINT('',(-0.75,0.8,0.2));
#2213 = VECTOR('',#2214,1.);
#2214 = DIRECTION('',(-1.,4.669739647545E-16,0.));
#2215 = ORIENTED_EDGE('',*,*,#2216,.F.);
#2216 = EDGE_CURVE('',#2198,#2209,#2217,.T.);
#2217 = LINE('',#2218,#2219);
#2218 = CARTESIAN_POINT('',(-1.,0.8,0.));
#2219 = VECTOR('',#2220,1.);
#2220 = DIRECTION('',(0.,0.,1.));
#2221 = PLANE('',#2222);
#2222 = AXIS2_PLACEMENT_3D('',#2223,#2224,#2225);
#2223 = CARTESIAN_POINT('',(-0.75,0.8,0.));
#2224 = DIRECTION('',(-4.669739647545E-16,-1.,0.));
#2225 = DIRECTION('',(-1.,4.669739647545E-16,0.));
#2226 = ADVANCED_FACE('',(#2227),#2238,.F.);
#2227 = FACE_BOUND('',#2228,.F.);
#2228 = EDGE_LOOP('',(#2229,#2230,#2231,#2232));
#2229 = ORIENTED_EDGE('',*,*,#1847,.F.);
#2230 = ORIENTED_EDGE('',*,*,#1137,.T.);
#2231 = ORIENTED_EDGE('',*,*,#1432,.T.);
#2232 = ORIENTED_EDGE('',*,*,#2233,.F.);
#2233 = EDGE_CURVE('',#1848,#1433,#2234,.T.);
#2234 = LINE('',#2235,#2236);
#2235 = CARTESIAN_POINT('',(-0.99,0.99,0.82));
#2236 = VECTOR('',#2237,1.);
#2237 = DIRECTION('',(1.,-2.22044604925E-16,0.));
#2238 = PLANE('',#2239);
#2239 = AXIS2_PLACEMENT_3D('',#2240,#2241,#2242);
#2240 = CARTESIAN_POINT('',(-0.99,0.99,2.E-02));
#2241 = DIRECTION('',(-2.22044604925E-16,-1.,0.));
#2242 = DIRECTION('',(0.,0.,1.));
#2243 = ADVANCED_FACE('',(#2244),#2255,.T.);
#2244 = FACE_BOUND('',#2245,.T.);
#2245 = EDGE_LOOP('',(#2246,#2252,#2253,#2254));
#2246 = ORIENTED_EDGE('',*,*,#2247,.T.);
#2247 = EDGE_CURVE('',#1607,#1542,#2248,.T.);
#2248 = LINE('',#2249,#2250);
#2249 = CARTESIAN_POINT('',(1.,0.5,0.2));
#2250 = VECTOR('',#2251,1.);
#2251 = DIRECTION('',(3.445092848398E-16,1.,0.));
#2252 = ORIENTED_EDGE('',*,*,#1549,.T.);
#2253 = ORIENTED_EDGE('',*,*,#1509,.T.);
#2254 = ORIENTED_EDGE('',*,*,#1606,.T.);
#2255 = PLANE('',#2256);
#2256 = AXIS2_PLACEMENT_3D('',#2257,#2258,#2259);
#2257 = CARTESIAN_POINT('',(0.875,0.65,0.2));
#2258 = DIRECTION('',(0.,0.,1.));
#2259 = DIRECTION('',(3.445092848398E-16,1.,-0.));
#2260 = ADVANCED_FACE('',(#2261),#2272,.T.);
#2261 = FACE_BOUND('',#2262,.T.);
#2262 = EDGE_LOOP('',(#2263,#2269,#2270,#2271));
#2263 = ORIENTED_EDGE('',*,*,#2264,.T.);
#2264 = EDGE_CURVE('',#1704,#1639,#2265,.T.);
#2265 = LINE('',#2266,#2267);
#2266 = CARTESIAN_POINT('',(1.,-0.15,0.2));
#2267 = VECTOR('',#2268,1.);
#2268 = DIRECTION('',(3.445092848398E-16,1.,0.));
#2269 = ORIENTED_EDGE('',*,*,#1646,.T.);
#2270 = ORIENTED_EDGE('',*,*,#1486,.T.);
#2271 = ORIENTED_EDGE('',*,*,#1703,.T.);
#2272 = PLANE('',#2273);
#2273 = AXIS2_PLACEMENT_3D('',#2274,#2275,#2276);
#2274 = CARTESIAN_POINT('',(0.875,-1.942890293094E-16,0.2));
#2275 = DIRECTION('',(0.,0.,1.));
#2276 = DIRECTION('',(3.445092848398E-16,1.,-0.));
#2277 = ADVANCED_FACE('',(#2278),#2289,.T.);
#2278 = FACE_BOUND('',#2279,.T.);
#2279 = EDGE_LOOP('',(#2280,#2286,#2287,#2288));
#2280 = ORIENTED_EDGE('',*,*,#2281,.T.);
#2281 = EDGE_CURVE('',#1801,#1736,#2282,.T.);
#2282 = LINE('',#2283,#2284);
#2283 = CARTESIAN_POINT('',(1.,-0.8,0.2));
#2284 = VECTOR('',#2285,1.);
#2285 = DIRECTION('',(3.445092848398E-16,1.,0.));
#2286 = ORIENTED_EDGE('',*,*,#1743,.T.);
#2287 = ORIENTED_EDGE('',*,*,#1463,.T.);
#2288 = ORIENTED_EDGE('',*,*,#1800,.T.);
#2289 = PLANE('',#2290);
#2290 = AXIS2_PLACEMENT_3D('',#2291,#2292,#2293);
#2291 = CARTESIAN_POINT('',(0.875,-0.65,0.2));
#2292 = DIRECTION('',(0.,0.,1.));
#2293 = DIRECTION('',(3.445092848398E-16,1.,-0.));
#2294 = ADVANCED_FACE('',(#2295,#2301),#2312,.T.);
#2295 = FACE_BOUND('',#2296,.T.);
#2296 = EDGE_LOOP('',(#2297,#2298,#2299,#2300));
#2297 = ORIENTED_EDGE('',*,*,#2233,.F.);
#2298 = ORIENTED_EDGE('',*,*,#1855,.T.);
#2299 = ORIENTED_EDGE('',*,*,#1832,.T.);
#2300 = ORIENTED_EDGE('',*,*,#1440,.F.);
#2301 = FACE_BOUND('',#2302,.T.);
#2302 = EDGE_LOOP('',(#2303));
#2303 = ORIENTED_EDGE('',*,*,#2304,.T.);
#2304 = EDGE_CURVE('',#2305,#2305,#2307,.T.);
#2305 = VERTEX_POINT('',#2306);
#2306 = CARTESIAN_POINT('',(-0.65,0.525,0.82));
#2307 = CIRCLE('',#2308,0.125);
#2308 = AXIS2_PLACEMENT_3D('',#2309,#2310,#2311);
#2309 = CARTESIAN_POINT('',(-0.65,0.65,0.82));
#2310 = DIRECTION('',(-0.,0.,-1.));
#2311 = DIRECTION('',(-2.22044604925E-16,-1.,0.));
#2312 = PLANE('',#2313);
#2313 = AXIS2_PLACEMENT_3D('',#2314,#2315,#2316);
#2314 = CARTESIAN_POINT('',(-0.99,0.99,0.82));
#2315 = DIRECTION('',(0.,0.,1.));
#2316 = DIRECTION('',(-2.22044604925E-16,-1.,0.));
#2317 = ADVANCED_FACE('',(#2318),#2329,.F.);
#2318 = FACE_BOUND('',#2319,.F.);
#2319 = EDGE_LOOP('',(#2320,#2321,#2322,#2323));
#2320 = ORIENTED_EDGE('',*,*,#1531,.T.);
#2321 = ORIENTED_EDGE('',*,*,#1571,.T.);
#2322 = ORIENTED_EDGE('',*,*,#1595,.T.);
#2323 = ORIENTED_EDGE('',*,*,#2324,.T.);
#2324 = EDGE_CURVE('',#1596,#1532,#2325,.T.);
#2325 = LINE('',#2326,#2327);
#2326 = CARTESIAN_POINT('',(1.,0.5,0.));
#2327 = VECTOR('',#2328,1.);
#2328 = DIRECTION('',(3.445092848398E-16,1.,0.));
#2329 = PLANE('',#2330);
#2330 = AXIS2_PLACEMENT_3D('',#2331,#2332,#2333);
#2331 = CARTESIAN_POINT('',(0.875,0.65,0.));
#2332 = DIRECTION('',(0.,0.,1.));
#2333 = DIRECTION('',(3.445092848398E-16,1.,-0.));
#2334 = ADVANCED_FACE('',(#2335),#2341,.F.);
#2335 = FACE_BOUND('',#2336,.F.);
#2336 = EDGE_LOOP('',(#2337,#2338,#2339,#2340));
#2337 = ORIENTED_EDGE('',*,*,#1614,.T.);
#2338 = ORIENTED_EDGE('',*,*,#2247,.T.);
#2339 = ORIENTED_EDGE('',*,*,#1541,.F.);
#2340 = ORIENTED_EDGE('',*,*,#2324,.F.);
#2341 = PLANE('',#2342);
#2342 = AXIS2_PLACEMENT_3D('',#2343,#2344,#2345);
#2343 = CARTESIAN_POINT('',(1.,0.5,0.));
#2344 = DIRECTION('',(-1.,3.445092848398E-16,0.));
#2345 = DIRECTION('',(3.445092848398E-16,1.,0.));
#2346 = ADVANCED_FACE('',(#2347),#2358,.F.);
#2347 = FACE_BOUND('',#2348,.F.);
#2348 = EDGE_LOOP('',(#2349,#2350,#2351,#2352));
#2349 = ORIENTED_EDGE('',*,*,#1628,.T.);
#2350 = ORIENTED_EDGE('',*,*,#1668,.T.);
#2351 = ORIENTED_EDGE('',*,*,#1692,.T.);
#2352 = ORIENTED_EDGE('',*,*,#2353,.T.);
#2353 = EDGE_CURVE('',#1693,#1629,#2354,.T.);
#2354 = LINE('',#2355,#2356);
#2355 = CARTESIAN_POINT('',(1.,-0.15,0.));
#2356 = VECTOR('',#2357,1.);
#2357 = DIRECTION('',(3.445092848398E-16,1.,0.));
#2358 = PLANE('',#2359);
#2359 = AXIS2_PLACEMENT_3D('',#2360,#2361,#2362);
#2360 = CARTESIAN_POINT('',(0.875,-1.942890293094E-16,0.));
#2361 = DIRECTION('',(0.,0.,1.));
#2362 = DIRECTION('',(3.445092848398E-16,1.,-0.));
#2363 = ADVANCED_FACE('',(#2364),#2370,.F.);
#2364 = FACE_BOUND('',#2365,.F.);
#2365 = EDGE_LOOP('',(#2366,#2367,#2368,#2369));
#2366 = ORIENTED_EDGE('',*,*,#1711,.T.);
#2367 = ORIENTED_EDGE('',*,*,#2264,.T.);
#2368 = ORIENTED_EDGE('',*,*,#1638,.F.);
#2369 = ORIENTED_EDGE('',*,*,#2353,.F.);
#2370 = PLANE('',#2371);
#2371 = AXIS2_PLACEMENT_3D('',#2372,#2373,#2374);
#2372 = CARTESIAN_POINT('',(1.,-0.15,0.));
#2373 = DIRECTION('',(-1.,3.445092848398E-16,0.));
#2374 = DIRECTION('',(3.445092848398E-16,1.,0.));
#2375 = ADVANCED_FACE('',(#2376),#2387,.F.);
#2376 = FACE_BOUND('',#2377,.F.);
#2377 = EDGE_LOOP('',(#2378,#2379,#2380,#2381));
#2378 = ORIENTED_EDGE('',*,*,#1725,.T.);
#2379 = ORIENTED_EDGE('',*,*,#1765,.T.);
#2380 = ORIENTED_EDGE('',*,*,#1789,.T.);
#2381 = ORIENTED_EDGE('',*,*,#2382,.T.);
#2382 = EDGE_CURVE('',#1790,#1726,#2383,.T.);
#2383 = LINE('',#2384,#2385);
#2384 = CARTESIAN_POINT('',(1.,-0.8,0.));
#2385 = VECTOR('',#2386,1.);
#2386 = DIRECTION('',(3.445092848398E-16,1.,0.));
#2387 = PLANE('',#2388);
#2388 = AXIS2_PLACEMENT_3D('',#2389,#2390,#2391);
#2389 = CARTESIAN_POINT('',(0.875,-0.65,0.));
#2390 = DIRECTION('',(0.,0.,1.));
#2391 = DIRECTION('',(3.445092848398E-16,1.,-0.));
#2392 = ADVANCED_FACE('',(#2393),#2399,.F.);
#2393 = FACE_BOUND('',#2394,.F.);
#2394 = EDGE_LOOP('',(#2395,#2396,#2397,#2398));
#2395 = ORIENTED_EDGE('',*,*,#1808,.T.);
#2396 = ORIENTED_EDGE('',*,*,#2281,.T.);
#2397 = ORIENTED_EDGE('',*,*,#1735,.F.);
#2398 = ORIENTED_EDGE('',*,*,#2382,.F.);
#2399 = PLANE('',#2400);
#2400 = AXIS2_PLACEMENT_3D('',#2401,#2402,#2403);
#2401 = CARTESIAN_POINT('',(1.,-0.8,0.));
#2402 = DIRECTION('',(-1.,3.445092848398E-16,0.));
#2403 = DIRECTION('',(3.445092848398E-16,1.,0.));
#2404 = ADVANCED_FACE('',(#2405),#2416,.T.);
#2405 = FACE_BOUND('',#2406,.T.);
#2406 = EDGE_LOOP('',(#2407,#2413,#2414,#2415));
#2407 = ORIENTED_EDGE('',*,*,#2408,.T.);
#2408 = EDGE_CURVE('',#2209,#2144,#2409,.T.);
#2409 = LINE('',#2410,#2411);
#2410 = CARTESIAN_POINT('',(-1.,0.8,0.2));
#2411 = VECTOR('',#2412,1.);
#2412 = DIRECTION('',(-4.669739647545E-16,-1.,0.));
#2413 = ORIENTED_EDGE('',*,*,#2151,.T.);
#2414 = ORIENTED_EDGE('',*,*,#1917,.F.);
#2415 = ORIENTED_EDGE('',*,*,#2208,.T.);
#2416 = PLANE('',#2417);
#2417 = AXIS2_PLACEMENT_3D('',#2418,#2419,#2420);
#2418 = CARTESIAN_POINT('',(-0.875,0.65,0.2));
#2419 = DIRECTION('',(0.,0.,1.));
#2420 = DIRECTION('',(-4.669739647545E-16,-1.,0.));
#2421 = ADVANCED_FACE('',(#2422),#2433,.T.);
#2422 = FACE_BOUND('',#2423,.T.);
#2423 = EDGE_LOOP('',(#2424,#2430,#2431,#2432));
#2424 = ORIENTED_EDGE('',*,*,#2425,.T.);
#2425 = EDGE_CURVE('',#2112,#2047,#2426,.T.);
#2426 = LINE('',#2427,#2428);
#2427 = CARTESIAN_POINT('',(-1.,0.15,0.2));
#2428 = VECTOR('',#2429,1.);
#2429 = DIRECTION('',(-4.669739647545E-16,-1.,0.));
#2430 = ORIENTED_EDGE('',*,*,#2054,.T.);
#2431 = ORIENTED_EDGE('',*,*,#1894,.F.);
#2432 = ORIENTED_EDGE('',*,*,#2111,.T.);
#2433 = PLANE('',#2434);
#2434 = AXIS2_PLACEMENT_3D('',#2435,#2436,#2437);
#2435 = CARTESIAN_POINT('',(-0.875,2.775557561563E-16,0.2));
#2436 = DIRECTION('',(0.,0.,1.));
#2437 = DIRECTION('',(-4.669739647545E-16,-1.,0.));
#2438 = ADVANCED_FACE('',(#2439),#2450,.T.);
#2439 = FACE_BOUND('',#2440,.T.);
#2440 = EDGE_LOOP('',(#2441,#2447,#2448,#2449));
#2441 = ORIENTED_EDGE('',*,*,#2442,.T.);
#2442 = EDGE_CURVE('',#2015,#1950,#2443,.T.);
#2443 = LINE('',#2444,#2445);
#2444 = CARTESIAN_POINT('',(-1.,-0.5,0.2));
#2445 = VECTOR('',#2446,1.);
#2446 = DIRECTION('',(-4.669739647545E-16,-1.,0.));
#2447 = ORIENTED_EDGE('',*,*,#1957,.T.);
#2448 = ORIENTED_EDGE('',*,*,#1871,.F.);
#2449 = ORIENTED_EDGE('',*,*,#2014,.T.);
#2450 = PLANE('',#2451);
#2451 = AXIS2_PLACEMENT_3D('',#2452,#2453,#2454);
#2452 = CARTESIAN_POINT('',(-0.875,-0.65,0.2));
#2453 = DIRECTION('',(0.,0.,1.));
#2454 = DIRECTION('',(-4.669739647545E-16,-1.,0.));
#2455 = ADVANCED_FACE('',(#2456),#2467,.F.);
#2456 = FACE_BOUND('',#2457,.F.);
#2457 = EDGE_LOOP('',(#2458,#2459,#2460,#2461));
#2458 = ORIENTED_EDGE('',*,*,#1939,.T.);
#2459 = ORIENTED_EDGE('',*,*,#1979,.T.);
#2460 = ORIENTED_EDGE('',*,*,#2003,.T.);
#2461 = ORIENTED_EDGE('',*,*,#2462,.T.);
#2462 = EDGE_CURVE('',#2004,#1940,#2463,.T.);
#2463 = LINE('',#2464,#2465);
#2464 = CARTESIAN_POINT('',(-1.,-0.5,0.));
#2465 = VECTOR('',#2466,1.);
#2466 = DIRECTION('',(-4.669739647545E-16,-1.,0.));
#2467 = PLANE('',#2468);
#2468 = AXIS2_PLACEMENT_3D('',#2469,#2470,#2471);
#2469 = CARTESIAN_POINT('',(-0.875,-0.65,0.));
#2470 = DIRECTION('',(0.,0.,1.));
#2471 = DIRECTION('',(-4.669739647545E-16,-1.,0.));
#2472 = ADVANCED_FACE('',(#2473),#2479,.F.);
#2473 = FACE_BOUND('',#2474,.F.);
#2474 = EDGE_LOOP('',(#2475,#2476,#2477,#2478));
#2475 = ORIENTED_EDGE('',*,*,#2022,.T.);
#2476 = ORIENTED_EDGE('',*,*,#2442,.T.);
#2477 = ORIENTED_EDGE('',*,*,#1949,.F.);
#2478 = ORIENTED_EDGE('',*,*,#2462,.F.);
#2479 = PLANE('',#2480);
#2480 = AXIS2_PLACEMENT_3D('',#2481,#2482,#2483);
#2481 = CARTESIAN_POINT('',(-1.,-0.5,0.));
#2482 = DIRECTION('',(1.,-4.669739647545E-16,0.));
#2483 = DIRECTION('',(-4.669739647545E-16,-1.,0.));
#2484 = ADVANCED_FACE('',(#2485),#2496,.F.);
#2485 = FACE_BOUND('',#2486,.F.);
#2486 = EDGE_LOOP('',(#2487,#2488,#2489,#2490));
#2487 = ORIENTED_EDGE('',*,*,#2036,.T.);
#2488 = ORIENTED_EDGE('',*,*,#2076,.T.);
#2489 = ORIENTED_EDGE('',*,*,#2100,.T.);
#2490 = ORIENTED_EDGE('',*,*,#2491,.T.);
#2491 = EDGE_CURVE('',#2101,#2037,#2492,.T.);
#2492 = LINE('',#2493,#2494);
#2493 = CARTESIAN_POINT('',(-1.,0.15,0.));
#2494 = VECTOR('',#2495,1.);
#2495 = DIRECTION('',(-4.669739647545E-16,-1.,0.));
#2496 = PLANE('',#2497);
#2497 = AXIS2_PLACEMENT_3D('',#2498,#2499,#2500);
#2498 = CARTESIAN_POINT('',(-0.875,2.775557561563E-16,0.));
#2499 = DIRECTION('',(0.,0.,1.));
#2500 = DIRECTION('',(-4.669739647545E-16,-1.,0.));
#2501 = ADVANCED_FACE('',(#2502),#2508,.F.);
#2502 = FACE_BOUND('',#2503,.F.);
#2503 = EDGE_LOOP('',(#2504,#2505,#2506,#2507));
#2504 = ORIENTED_EDGE('',*,*,#2119,.T.);
#2505 = ORIENTED_EDGE('',*,*,#2425,.T.);
#2506 = ORIENTED_EDGE('',*,*,#2046,.F.);
#2507 = ORIENTED_EDGE('',*,*,#2491,.F.);
#2508 = PLANE('',#2509);
#2509 = AXIS2_PLACEMENT_3D('',#2510,#2511,#2512);
#2510 = CARTESIAN_POINT('',(-1.,0.15,0.));
#2511 = DIRECTION('',(1.,-4.669739647545E-16,0.));
#2512 = DIRECTION('',(-4.669739647545E-16,-1.,0.));
#2513 = ADVANCED_FACE('',(#2514),#2525,.F.);
#2514 = FACE_BOUND('',#2515,.F.);
#2515 = EDGE_LOOP('',(#2516,#2517,#2518,#2519));
#2516 = ORIENTED_EDGE('',*,*,#2133,.T.);
#2517 = ORIENTED_EDGE('',*,*,#2173,.T.);
#2518 = ORIENTED_EDGE('',*,*,#2197,.T.);
#2519 = ORIENTED_EDGE('',*,*,#2520,.T.);
#2520 = EDGE_CURVE('',#2198,#2134,#2521,.T.);
#2521 = LINE('',#2522,#2523);
#2522 = CARTESIAN_POINT('',(-1.,0.8,0.));
#2523 = VECTOR('',#2524,1.);
#2524 = DIRECTION('',(-4.669739647545E-16,-1.,0.));
#2525 = PLANE('',#2526);
#2526 = AXIS2_PLACEMENT_3D('',#2527,#2528,#2529);
#2527 = CARTESIAN_POINT('',(-0.875,0.65,0.));
#2528 = DIRECTION('',(0.,0.,1.));
#2529 = DIRECTION('',(-4.669739647545E-16,-1.,0.));
#2530 = ADVANCED_FACE('',(#2531),#2537,.F.);
#2531 = FACE_BOUND('',#2532,.F.);
#2532 = EDGE_LOOP('',(#2533,#2534,#2535,#2536));
#2533 = ORIENTED_EDGE('',*,*,#2216,.T.);
#2534 = ORIENTED_EDGE('',*,*,#2408,.T.);
#2535 = ORIENTED_EDGE('',*,*,#2143,.F.);
#2536 = ORIENTED_EDGE('',*,*,#2520,.F.);
#2537 = PLANE('',#2538);
#2538 = AXIS2_PLACEMENT_3D('',#2539,#2540,#2541);
#2539 = CARTESIAN_POINT('',(-1.,0.8,0.));
#2540 = DIRECTION('',(1.,-4.669739647545E-16,0.));
#2541 = DIRECTION('',(-4.669739647545E-16,-1.,0.));
#2542 = ADVANCED_FACE('',(#2543),#2562,.F.);
#2543 = FACE_BOUND('',#2544,.F.);
#2544 = EDGE_LOOP('',(#2545,#2553,#2560,#2561));
#2545 = ORIENTED_EDGE('',*,*,#2546,.T.);
#2546 = EDGE_CURVE('',#2305,#2547,#2549,.T.);
#2547 = VERTEX_POINT('',#2548);
#2548 = CARTESIAN_POINT('',(-0.65,0.525,0.81));
#2549 = LINE('',#2550,#2551);
#2550 = CARTESIAN_POINT('',(-0.65,0.525,0.83));
#2551 = VECTOR('',#2552,1.);
#2552 = DIRECTION('',(-0.,0.,-1.));
#2553 = ORIENTED_EDGE('',*,*,#2554,.T.);
#2554 = EDGE_CURVE('',#2547,#2547,#2555,.T.);
#2555 = CIRCLE('',#2556,0.125);
#2556 = AXIS2_PLACEMENT_3D('',#2557,#2558,#2559);
#2557 = CARTESIAN_POINT('',(-0.65,0.65,0.81));
#2558 = DIRECTION('',(0.,0.,1.));
#2559 = DIRECTION('',(-2.22044604925E-16,-1.,0.));
#2560 = ORIENTED_EDGE('',*,*,#2546,.F.);
#2561 = ORIENTED_EDGE('',*,*,#2304,.T.);
#2562 = CYLINDRICAL_SURFACE('',#2563,0.125);
#2563 = AXIS2_PLACEMENT_3D('',#2564,#2565,#2566);
#2564 = CARTESIAN_POINT('',(-0.65,0.65,0.83));
#2565 = DIRECTION('',(0.,0.,-1.));
#2566 = DIRECTION('',(-2.22044604925E-16,-1.,-0.));
#2567 = ADVANCED_FACE('',(#2568),#2571,.T.);
#2568 = FACE_BOUND('',#2569,.T.);
#2569 = EDGE_LOOP('',(#2570));
#2570 = ORIENTED_EDGE('',*,*,#2554,.T.);
#2571 = PLANE('',#2572);
#2572 = AXIS2_PLACEMENT_3D('',#2573,#2574,#2575);
#2573 = CARTESIAN_POINT('',(-0.65,0.65,0.81));
#2574 = DIRECTION('',(0.,0.,1.));
#2575 = DIRECTION('',(-2.22044604925E-16,-1.,0.));
#2576 = ( GEOMETRIC_REPRESENTATION_CONTEXT(3) 
GLOBAL_UNCERTAINTY_ASSIGNED_CONTEXT((#2580)) 
GLOBAL_UNIT_ASSIGNED_CONTEXT((#2577,#2578,#2579)) REPRESENTATION_CONTEXT
('Context #1','3D Context with UNIT and UNCERTAINTY') );
#2577 = ( LENGTH_UNIT() NAMED_UNIT(*) SI_UNIT(.MILLI.,.METRE.) );
#2578 = ( NAMED_UNIT(*) PLANE_ANGLE_UNIT() SI_UNIT($,.RADIAN.) );
#2579 = ( NAMED_UNIT(*) SI_UNIT($,.STERADIAN.) SOLID_ANGLE_UNIT() );
#2580 = UNCERTAINTY_MEASURE_WITH_UNIT(LENGTH_MEASURE(1.E-07),#2577,
  'distance_accuracy_value','confusion accuracy');
#2581 = CONTEXT_DEPENDENT_SHAPE_REPRESENTATION(#2582,#2584);
#2582 = ( REPRESENTATION_RELATIONSHIP('','',#1017,#994) 
REPRESENTATION_RELATIONSHIP_WITH_TRANSFORMATION(#2583) 
SHAPE_REPRESENTATION_RELATIONSHIP() );
#2583 = ITEM_DEFINED_TRANSFORMATION('','',#11,#995);
#2584 = PRODUCT_DEFINITION_SHAPE('Placement','Placement of an item',
  #2585);
#2585 = NEXT_ASSEMBLY_USAGE_OCCURRENCE('5','=>[0:1:1:5]','',#989,#1012,$
  );
#2586 = PRODUCT_RELATED_PRODUCT_CATEGORY('part',$,(#1014));
#2587 = SHAPE_DEFINITION_REPRESENTATION(#2588,#2594);
#2588 = PRODUCT_DEFINITION_SHAPE('','',#2589);
#2589 = PRODUCT_DEFINITION('design','',#2590,#2593);
#2590 = PRODUCT_DEFINITION_FORMATION('','',#2591);
#2591 = PRODUCT('LED_0603_1608Metric','LED_0603_1608Metric','',(#2592));
#2592 = PRODUCT_CONTEXT('',#2,'mechanical');
#2593 = PRODUCT_DEFINITION_CONTEXT('part definition',#2,'design');
#2594 = SHAPE_REPRESENTATION('',(#11,#2595),#2599);
#2595 = AXIS2_PLACEMENT_3D('',#2596,#2597,#2598);
#2596 = CARTESIAN_POINT('',(0.,0.,0.));
#2597 = DIRECTION('',(0.,0.,1.));
#2598 = DIRECTION('',(1.,0.,-0.));
#2599 = ( GEOMETRIC_REPRESENTATION_CONTEXT(3) 
GLOBAL_UNCERTAINTY_ASSIGNED_CONTEXT((#2603)) 
GLOBAL_UNIT_ASSIGNED_CONTEXT((#2600,#2601,#2602)) REPRESENTATION_CONTEXT
('Context #1','3D Context with UNIT and UNCERTAINTY') );
#2600 = ( LENGTH_UNIT() NAMED_UNIT(*) SI_UNIT(.MILLI.,.METRE.) );
#2601 = ( NAMED_UNIT(*) PLANE_ANGLE_UNIT() SI_UNIT($,.RADIAN.) );
#2602 = ( NAMED_UNIT(*) SI_UNIT($,.STERADIAN.) SOLID_ANGLE_UNIT() );
#2603 = UNCERTAINTY_MEASURE_WITH_UNIT(LENGTH_MEASURE(1.E-07),#2600,
  'distance_accuracy_value','confusion accuracy');
#2604 = CONTEXT_DEPENDENT_SHAPE_REPRESENTATION(#2605,#2607);
#2605 = ( REPRESENTATION_RELATIONSHIP('','',#2594,#10) 
REPRESENTATION_RELATIONSHIP_WITH_TRANSFORMATION(#2606) 
SHAPE_REPRESENTATION_RELATIONSHIP() );
#2606 = ITEM_DEFINED_TRANSFORMATION('','',#11,#31);
#2607 = PRODUCT_DEFINITION_SHAPE('Placement','Placement of an item',
  #2608);
#2608 = NEXT_ASSEMBLY_USAGE_OCCURRENCE('8','D1','',#5,#2589,$);
#2609 = PRODUCT_RELATED_PRODUCT_CATEGORY('part',$,(#2591));
#2610 = SHAPE_DEFINITION_REPRESENTATION(#2611,#2617);
#2611 = PRODUCT_DEFINITION_SHAPE('','',#2612);
#2612 = PRODUCT_DEFINITION('design','',#2613,#2616);
#2613 = PRODUCT_DEFINITION_FORMATION('','',#2614);
#2614 = PRODUCT('LED_0603_1608Metric','LED_0603_1608Metric','',(#2615));
#2615 = PRODUCT_CONTEXT('',#2,'mechanical');
#2616 = PRODUCT_DEFINITION_CONTEXT('part definition',#2,'design');
#2617 = ADVANCED_BREP_SHAPE_REPRESENTATION('',(#11,#2618),#4141);
#2618 = MANIFOLD_SOLID_BREP('',#2619);
#2619 = CLOSED_SHELL('',(#2620,#2660,#2707,#2786,#2810,#2850,#2881,#2898
    ,#2931,#2955,#3022,#3143,#3210,#3234,#3265,#3298,#3354,#3378,#3402,
    #3426,#3459,#3471,#3534,#3559,#3576,#3600,#3618,#3636,#3654,#3671,
    #3688,#3719,#3744,#3769,#3793,#3810,#3841,#3865,#3882,#3910,#3935,
    #3959,#3984,#4031,#4048,#4060,#4082,#4094,#4112,#4130));
#2620 = ADVANCED_FACE('',(#2621),#2655,.F.);
#2621 = FACE_BOUND('',#2622,.F.);
#2622 = EDGE_LOOP('',(#2623,#2633,#2641,#2649));
#2623 = ORIENTED_EDGE('',*,*,#2624,.T.);
#2624 = EDGE_CURVE('',#2625,#2627,#2629,.T.);
#2625 = VERTEX_POINT('',#2626);
#2626 = CARTESIAN_POINT('',(-0.5,-0.4,0.47));
#2627 = VERTEX_POINT('',#2628);
#2628 = CARTESIAN_POINT('',(-0.45,-0.4,1.1));
#2629 = LINE('',#2630,#2631);
#2630 = CARTESIAN_POINT('',(-0.5,-0.4,0.47));
#2631 = VECTOR('',#2632,1.);
#2632 = DIRECTION('',(7.911630099815E-02,0.,0.996865392576));
#2633 = ORIENTED_EDGE('',*,*,#2634,.T.);
#2634 = EDGE_CURVE('',#2627,#2635,#2637,.T.);
#2635 = VERTEX_POINT('',#2636);
#2636 = CARTESIAN_POINT('',(0.45,-0.4,1.1));
#2637 = LINE('',#2638,#2639);
#2638 = CARTESIAN_POINT('',(-0.45,-0.4,1.1));
#2639 = VECTOR('',#2640,1.);
#2640 = DIRECTION('',(1.,0.,0.));
#2641 = ORIENTED_EDGE('',*,*,#2642,.T.);
#2642 = EDGE_CURVE('',#2635,#2643,#2645,.T.);
#2643 = VERTEX_POINT('',#2644);
#2644 = CARTESIAN_POINT('',(0.5,-0.4,0.47));
#2645 = LINE('',#2646,#2647);
#2646 = CARTESIAN_POINT('',(0.45,-0.4,1.1));
#2647 = VECTOR('',#2648,1.);
#2648 = DIRECTION('',(7.911630099815E-02,0.,-0.996865392576));
#2649 = ORIENTED_EDGE('',*,*,#2650,.T.);
#2650 = EDGE_CURVE('',#2643,#2625,#2651,.T.);
#2651 = LINE('',#2652,#2653);
#2652 = CARTESIAN_POINT('',(0.5,-0.4,0.47));
#2653 = VECTOR('',#2654,1.);
#2654 = DIRECTION('',(-1.,0.,0.));
#2655 = PLANE('',#2656);
#2656 = AXIS2_PLACEMENT_3D('',#2657,#2658,#2659);
#2657 = CARTESIAN_POINT('',(-8.772411109409E-18,-0.4,0.775044128294));
#2658 = DIRECTION('',(0.,1.,0.));
#2659 = DIRECTION('',(0.,-0.,1.));
#2660 = ADVANCED_FACE('',(#2661),#2702,.T.);
#2661 = FACE_BOUND('',#2662,.T.);
#2662 = EDGE_LOOP('',(#2663,#2673,#2681,#2687,#2688,#2696));
#2663 = ORIENTED_EDGE('',*,*,#2664,.T.);
#2664 = EDGE_CURVE('',#2665,#2667,#2669,.T.);
#2665 = VERTEX_POINT('',#2666);
#2666 = CARTESIAN_POINT('',(-0.5,0.4,0.47));
#2667 = VERTEX_POINT('',#2668);
#2668 = CARTESIAN_POINT('',(-0.5,0.3,0.47));
#2669 = LINE('',#2670,#2671);
#2670 = CARTESIAN_POINT('',(-0.5,0.4,0.47));
#2671 = VECTOR('',#2672,1.);
#2672 = DIRECTION('',(0.,-1.,0.));
#2673 = ORIENTED_EDGE('',*,*,#2674,.F.);
#2674 = EDGE_CURVE('',#2675,#2667,#2677,.T.);
#2675 = VERTEX_POINT('',#2676);
#2676 = CARTESIAN_POINT('',(-0.5,-0.3,0.47));
#2677 = LINE('',#2678,#2679);
#2678 = CARTESIAN_POINT('',(-0.5,-0.4,0.47));
#2679 = VECTOR('',#2680,1.);
#2680 = DIRECTION('',(0.,1.,0.));
#2681 = ORIENTED_EDGE('',*,*,#2682,.T.);
#2682 = EDGE_CURVE('',#2675,#2625,#2683,.T.);
#2683 = LINE('',#2684,#2685);
#2684 = CARTESIAN_POINT('',(-0.5,0.4,0.47));
#2685 = VECTOR('',#2686,1.);
#2686 = DIRECTION('',(0.,-1.,0.));
#2687 = ORIENTED_EDGE('',*,*,#2624,.T.);
#2688 = ORIENTED_EDGE('',*,*,#2689,.F.);
#2689 = EDGE_CURVE('',#2690,#2627,#2692,.T.);
#2690 = VERTEX_POINT('',#2691);
#2691 = CARTESIAN_POINT('',(-0.45,0.4,1.1));
#2692 = LINE('',#2693,#2694);
#2693 = CARTESIAN_POINT('',(-0.45,0.4,1.1));
#2694 = VECTOR('',#2695,1.);
#2695 = DIRECTION('',(0.,-1.,0.));
#2696 = ORIENTED_EDGE('',*,*,#2697,.F.);
#2697 = EDGE_CURVE('',#2665,#2690,#2698,.T.);
#2698 = LINE('',#2699,#2700);
#2699 = CARTESIAN_POINT('',(-0.5,0.4,0.47));
#2700 = VECTOR('',#2701,1.);
#2701 = DIRECTION('',(7.911630099815E-02,0.,0.996865392576));
#2702 = PLANE('',#2703);
#2703 = AXIS2_PLACEMENT_3D('',#2704,#2705,#2706);
#2704 = CARTESIAN_POINT('',(-0.5,0.4,0.47));
#2705 = DIRECTION('',(-0.996865392576,0.,7.911630099815E-02));
#2706 = DIRECTION('',(7.911630099815E-02,0.,0.996865392576));
#2707 = ADVANCED_FACE('',(#2708),#2781,.F.);
#2708 = FACE_BOUND('',#2709,.F.);
#2709 = EDGE_LOOP('',(#2710,#2720,#2728,#2736,#2742,#2743,#2751,#2759,
    #2767,#2775));
#2710 = ORIENTED_EDGE('',*,*,#2711,.F.);
#2711 = EDGE_CURVE('',#2712,#2714,#2716,.T.);
#2712 = VERTEX_POINT('',#2713);
#2713 = CARTESIAN_POINT('',(-0.77,-0.4,3.E-02));
#2714 = VERTEX_POINT('',#2715);
#2715 = CARTESIAN_POINT('',(-0.725,-0.4,3.E-02));
#2716 = LINE('',#2717,#2718);
#2717 = CARTESIAN_POINT('',(-0.77,-0.4,3.E-02));
#2718 = VECTOR('',#2719,1.);
#2719 = DIRECTION('',(1.,0.,0.));
#2720 = ORIENTED_EDGE('',*,*,#2721,.T.);
#2721 = EDGE_CURVE('',#2712,#2722,#2724,.T.);
#2722 = VERTEX_POINT('',#2723);
#2723 = CARTESIAN_POINT('',(-0.77,-0.4,0.47));
#2724 = LINE('',#2725,#2726);
#2725 = CARTESIAN_POINT('',(-0.77,-0.4,3.E-02));
#2726 = VECTOR('',#2727,1.);
#2727 = DIRECTION('',(0.,0.,1.));
#2728 = ORIENTED_EDGE('',*,*,#2729,.T.);
#2729 = EDGE_CURVE('',#2722,#2730,#2732,.T.);
#2730 = VERTEX_POINT('',#2731);
#2731 = CARTESIAN_POINT('',(-0.725,-0.4,0.47));
#2732 = LINE('',#2733,#2734);
#2733 = CARTESIAN_POINT('',(-0.77,-0.4,0.47));
#2734 = VECTOR('',#2735,1.);
#2735 = DIRECTION('',(1.,0.,0.));
#2736 = ORIENTED_EDGE('',*,*,#2737,.T.);
#2737 = EDGE_CURVE('',#2730,#2625,#2738,.T.);
#2738 = LINE('',#2739,#2740);
#2739 = CARTESIAN_POINT('',(-0.77,-0.4,0.47));
#2740 = VECTOR('',#2741,1.);
#2741 = DIRECTION('',(1.,0.,0.));
#2742 = ORIENTED_EDGE('',*,*,#2650,.F.);
#2743 = ORIENTED_EDGE('',*,*,#2744,.T.);
#2744 = EDGE_CURVE('',#2643,#2745,#2747,.T.);
#2745 = VERTEX_POINT('',#2746);
#2746 = CARTESIAN_POINT('',(0.725,-0.4,0.47));
#2747 = LINE('',#2748,#2749);
#2748 = CARTESIAN_POINT('',(-0.77,-0.4,0.47));
#2749 = VECTOR('',#2750,1.);
#2750 = DIRECTION('',(1.,0.,0.));
#2751 = ORIENTED_EDGE('',*,*,#2752,.T.);
#2752 = EDGE_CURVE('',#2745,#2753,#2755,.T.);
#2753 = VERTEX_POINT('',#2754);
#2754 = CARTESIAN_POINT('',(0.77,-0.4,0.47));
#2755 = LINE('',#2756,#2757);
#2756 = CARTESIAN_POINT('',(-0.77,-0.4,0.47));
#2757 = VECTOR('',#2758,1.);
#2758 = DIRECTION('',(1.,0.,0.));
#2759 = ORIENTED_EDGE('',*,*,#2760,.F.);
#2760 = EDGE_CURVE('',#2761,#2753,#2763,.T.);
#2761 = VERTEX_POINT('',#2762);
#2762 = CARTESIAN_POINT('',(0.77,-0.4,3.E-02));
#2763 = LINE('',#2764,#2765);
#2764 = CARTESIAN_POINT('',(0.77,-0.4,3.E-02));
#2765 = VECTOR('',#2766,1.);
#2766 = DIRECTION('',(0.,0.,1.));
#2767 = ORIENTED_EDGE('',*,*,#2768,.F.);
#2768 = EDGE_CURVE('',#2769,#2761,#2771,.T.);
#2769 = VERTEX_POINT('',#2770);
#2770 = CARTESIAN_POINT('',(0.725,-0.4,3.E-02));
#2771 = LINE('',#2772,#2773);
#2772 = CARTESIAN_POINT('',(-0.77,-0.4,3.E-02));
#2773 = VECTOR('',#2774,1.);
#2774 = DIRECTION('',(1.,0.,0.));
#2775 = ORIENTED_EDGE('',*,*,#2776,.F.);
#2776 = EDGE_CURVE('',#2714,#2769,#2777,.T.);
#2777 = LINE('',#2778,#2779);
#2778 = CARTESIAN_POINT('',(-0.77,-0.4,3.E-02));
#2779 = VECTOR('',#2780,1.);
#2780 = DIRECTION('',(1.,0.,0.));
#2781 = PLANE('',#2782);
#2782 = AXIS2_PLACEMENT_3D('',#2783,#2784,#2785);
#2783 = CARTESIAN_POINT('',(-0.77,-0.4,3.E-02));
#2784 = DIRECTION('',(0.,1.,0.));
#2785 = DIRECTION('',(0.,-0.,1.));
#2786 = ADVANCED_FACE('',(#2787),#2805,.T.);
#2787 = FACE_BOUND('',#2788,.T.);
#2788 = EDGE_LOOP('',(#2789,#2790,#2791,#2799));
#2789 = ORIENTED_EDGE('',*,*,#2689,.T.);
#2790 = ORIENTED_EDGE('',*,*,#2634,.T.);
#2791 = ORIENTED_EDGE('',*,*,#2792,.F.);
#2792 = EDGE_CURVE('',#2793,#2635,#2795,.T.);
#2793 = VERTEX_POINT('',#2794);
#2794 = CARTESIAN_POINT('',(0.45,0.4,1.1));
#2795 = LINE('',#2796,#2797);
#2796 = CARTESIAN_POINT('',(0.45,0.4,1.1));
#2797 = VECTOR('',#2798,1.);
#2798 = DIRECTION('',(0.,-1.,0.));
#2799 = ORIENTED_EDGE('',*,*,#2800,.F.);
#2800 = EDGE_CURVE('',#2690,#2793,#2801,.T.);
#2801 = LINE('',#2802,#2803);
#2802 = CARTESIAN_POINT('',(-0.45,0.4,1.1));
#2803 = VECTOR('',#2804,1.);
#2804 = DIRECTION('',(1.,0.,0.));
#2805 = PLANE('',#2806);
#2806 = AXIS2_PLACEMENT_3D('',#2807,#2808,#2809);
#2807 = CARTESIAN_POINT('',(-0.45,0.4,1.1));
#2808 = DIRECTION('',(0.,0.,1.));
#2809 = DIRECTION('',(1.,0.,-0.));
#2810 = ADVANCED_FACE('',(#2811),#2845,.T.);
#2811 = FACE_BOUND('',#2812,.T.);
#2812 = EDGE_LOOP('',(#2813,#2814,#2815,#2823,#2831,#2839));
#2813 = ORIENTED_EDGE('',*,*,#2792,.T.);
#2814 = ORIENTED_EDGE('',*,*,#2642,.T.);
#2815 = ORIENTED_EDGE('',*,*,#2816,.F.);
#2816 = EDGE_CURVE('',#2817,#2643,#2819,.T.);
#2817 = VERTEX_POINT('',#2818);
#2818 = CARTESIAN_POINT('',(0.5,-0.3,0.47));
#2819 = LINE('',#2820,#2821);
#2820 = CARTESIAN_POINT('',(0.5,0.4,0.47));
#2821 = VECTOR('',#2822,1.);
#2822 = DIRECTION('',(0.,-1.,0.));
#2823 = ORIENTED_EDGE('',*,*,#2824,.T.);
#2824 = EDGE_CURVE('',#2817,#2825,#2827,.T.);
#2825 = VERTEX_POINT('',#2826);
#2826 = CARTESIAN_POINT('',(0.5,0.3,0.47));
#2827 = LINE('',#2828,#2829);
#2828 = CARTESIAN_POINT('',(0.5,-0.4,0.47));
#2829 = VECTOR('',#2830,1.);
#2830 = DIRECTION('',(0.,1.,0.));
#2831 = ORIENTED_EDGE('',*,*,#2832,.F.);
#2832 = EDGE_CURVE('',#2833,#2825,#2835,.T.);
#2833 = VERTEX_POINT('',#2834);
#2834 = CARTESIAN_POINT('',(0.5,0.4,0.47));
#2835 = LINE('',#2836,#2837);
#2836 = CARTESIAN_POINT('',(0.5,0.4,0.47));
#2837 = VECTOR('',#2838,1.);
#2838 = DIRECTION('',(0.,-1.,0.));
#2839 = ORIENTED_EDGE('',*,*,#2840,.F.);
#2840 = EDGE_CURVE('',#2793,#2833,#2841,.T.);
#2841 = LINE('',#2842,#2843);
#2842 = CARTESIAN_POINT('',(0.45,0.4,1.1));
#2843 = VECTOR('',#2844,1.);
#2844 = DIRECTION('',(7.911630099815E-02,0.,-0.996865392576));
#2845 = PLANE('',#2846);
#2846 = AXIS2_PLACEMENT_3D('',#2847,#2848,#2849);
#2847 = CARTESIAN_POINT('',(0.45,0.4,1.1));
#2848 = DIRECTION('',(0.996865392576,0.,7.911630099815E-02));
#2849 = DIRECTION('',(7.911630099815E-02,0.,-0.996865392576));
#2850 = ADVANCED_FACE('',(#2851),#2876,.T.);
#2851 = FACE_BOUND('',#2852,.T.);
#2852 = EDGE_LOOP('',(#2853,#2861,#2869,#2875));
#2853 = ORIENTED_EDGE('',*,*,#2854,.F.);
#2854 = EDGE_CURVE('',#2855,#2665,#2857,.T.);
#2855 = VERTEX_POINT('',#2856);
#2856 = CARTESIAN_POINT('',(-0.725,0.4,0.47));
#2857 = LINE('',#2858,#2859);
#2858 = CARTESIAN_POINT('',(-0.77,0.4,0.47));
#2859 = VECTOR('',#2860,1.);
#2860 = DIRECTION('',(1.,0.,0.));
#2861 = ORIENTED_EDGE('',*,*,#2862,.F.);
#2862 = EDGE_CURVE('',#2863,#2855,#2865,.T.);
#2863 = VERTEX_POINT('',#2864);
#2864 = CARTESIAN_POINT('',(-0.725,0.3,0.47));
#2865 = LINE('',#2866,#2867);
#2866 = CARTESIAN_POINT('',(-0.725,5.E-02,0.47));
#2867 = VECTOR('',#2868,1.);
#2868 = DIRECTION('',(0.,1.,0.));
#2869 = ORIENTED_EDGE('',*,*,#2870,.F.);
#2870 = EDGE_CURVE('',#2667,#2863,#2871,.T.);
#2871 = LINE('',#2872,#2873);
#2872 = CARTESIAN_POINT('',(-0.7475,0.3,0.47));
#2873 = VECTOR('',#2874,1.);
#2874 = DIRECTION('',(-1.,0.,0.));
#2875 = ORIENTED_EDGE('',*,*,#2664,.F.);
#2876 = PLANE('',#2877);
#2877 = AXIS2_PLACEMENT_3D('',#2878,#2879,#2880);
#2878 = CARTESIAN_POINT('',(-0.77,-0.4,0.47));
#2879 = DIRECTION('',(0.,0.,1.));
#2880 = DIRECTION('',(1.,0.,-0.));
#2881 = ADVANCED_FACE('',(#2882),#2893,.T.);
#2882 = FACE_BOUND('',#2883,.T.);
#2883 = EDGE_LOOP('',(#2884,#2885,#2886,#2887));
#2884 = ORIENTED_EDGE('',*,*,#2697,.T.);
#2885 = ORIENTED_EDGE('',*,*,#2800,.T.);
#2886 = ORIENTED_EDGE('',*,*,#2840,.T.);
#2887 = ORIENTED_EDGE('',*,*,#2888,.T.);
#2888 = EDGE_CURVE('',#2833,#2665,#2889,.T.);
#2889 = LINE('',#2890,#2891);
#2890 = CARTESIAN_POINT('',(0.5,0.4,0.47));
#2891 = VECTOR('',#2892,1.);
#2892 = DIRECTION('',(-1.,0.,0.));
#2893 = PLANE('',#2894);
#2894 = AXIS2_PLACEMENT_3D('',#2895,#2896,#2897);
#2895 = CARTESIAN_POINT('',(-8.772411109409E-18,0.4,0.775044128294));
#2896 = DIRECTION('',(0.,1.,0.));
#2897 = DIRECTION('',(0.,-0.,1.));
#2898 = ADVANCED_FACE('',(#2899),#2926,.T.);
#2899 = FACE_BOUND('',#2900,.T.);
#2900 = EDGE_LOOP('',(#2901,#2910,#2918,#2925));
#2901 = ORIENTED_EDGE('',*,*,#2902,.F.);
#2902 = EDGE_CURVE('',#2903,#2667,#2905,.T.);
#2903 = VERTEX_POINT('',#2904);
#2904 = CARTESIAN_POINT('',(-0.53,0.3,0.5));
#2905 = CIRCLE('',#2906,3.E-02);
#2906 = AXIS2_PLACEMENT_3D('',#2907,#2908,#2909);
#2907 = CARTESIAN_POINT('',(-0.53,0.3,0.47));
#2908 = DIRECTION('',(-0.,1.,0.));
#2909 = DIRECTION('',(1.,0.,0.));
#2910 = ORIENTED_EDGE('',*,*,#2911,.F.);
#2911 = EDGE_CURVE('',#2912,#2903,#2914,.T.);
#2912 = VERTEX_POINT('',#2913);
#2913 = CARTESIAN_POINT('',(-0.53,-0.3,0.5));
#2914 = LINE('',#2915,#2916);
#2915 = CARTESIAN_POINT('',(-0.53,-0.4,0.5));
#2916 = VECTOR('',#2917,1.);
#2917 = DIRECTION('',(0.,1.,0.));
#2918 = ORIENTED_EDGE('',*,*,#2919,.T.);
#2919 = EDGE_CURVE('',#2912,#2675,#2920,.T.);
#2920 = CIRCLE('',#2921,3.E-02);
#2921 = AXIS2_PLACEMENT_3D('',#2922,#2923,#2924);
#2922 = CARTESIAN_POINT('',(-0.53,-0.3,0.47));
#2923 = DIRECTION('',(-0.,1.,0.));
#2924 = DIRECTION('',(1.,0.,0.));
#2925 = ORIENTED_EDGE('',*,*,#2674,.T.);
#2926 = CYLINDRICAL_SURFACE('',#2927,3.E-02);
#2927 = AXIS2_PLACEMENT_3D('',#2928,#2929,#2930);
#2928 = CARTESIAN_POINT('',(-0.53,-0.4,0.47));
#2929 = DIRECTION('',(0.,1.,0.));
#2930 = DIRECTION('',(1.,0.,0.));
#2931 = ADVANCED_FACE('',(#2932),#2950,.T.);
#2932 = FACE_BOUND('',#2933,.T.);
#2933 = EDGE_LOOP('',(#2934,#2942,#2943,#2944));
#2934 = ORIENTED_EDGE('',*,*,#2935,.F.);
#2935 = EDGE_CURVE('',#2730,#2936,#2938,.T.);
#2936 = VERTEX_POINT('',#2937);
#2937 = CARTESIAN_POINT('',(-0.725,-0.3,0.47));
#2938 = LINE('',#2939,#2940);
#2939 = CARTESIAN_POINT('',(-0.725,-0.35,0.47));
#2940 = VECTOR('',#2941,1.);
#2941 = DIRECTION('',(0.,1.,0.));
#2942 = ORIENTED_EDGE('',*,*,#2737,.T.);
#2943 = ORIENTED_EDGE('',*,*,#2682,.F.);
#2944 = ORIENTED_EDGE('',*,*,#2945,.F.);
#2945 = EDGE_CURVE('',#2936,#2675,#2946,.T.);
#2946 = LINE('',#2947,#2948);
#2947 = CARTESIAN_POINT('',(-2.25E-02,-0.3,0.47));
#2948 = VECTOR('',#2949,1.);
#2949 = DIRECTION('',(1.,0.,0.));
#2950 = PLANE('',#2951);
#2951 = AXIS2_PLACEMENT_3D('',#2952,#2953,#2954);
#2952 = CARTESIAN_POINT('',(-0.77,-0.4,0.47));
#2953 = DIRECTION('',(0.,0.,1.));
#2954 = DIRECTION('',(1.,0.,-0.));
#2955 = ADVANCED_FACE('',(#2956),#3017,.F.);
#2956 = FACE_BOUND('',#2957,.F.);
#2957 = EDGE_LOOP('',(#2958,#2968,#2977,#2985,#2994,#3002,#3008,#3009,
    #3010,#3011));
#2958 = ORIENTED_EDGE('',*,*,#2959,.F.);
#2959 = EDGE_CURVE('',#2960,#2962,#2964,.T.);
#2960 = VERTEX_POINT('',#2961);
#2961 = CARTESIAN_POINT('',(-0.77,-0.4,-3.469446951954E-18));
#2962 = VERTEX_POINT('',#2963);
#2963 = CARTESIAN_POINT('',(-0.725,-0.4,0.));
#2964 = LINE('',#2965,#2966);
#2965 = CARTESIAN_POINT('',(-0.8,-0.4,0.));
#2966 = VECTOR('',#2967,1.);
#2967 = DIRECTION('',(1.,0.,0.));
#2968 = ORIENTED_EDGE('',*,*,#2969,.F.);
#2969 = EDGE_CURVE('',#2970,#2960,#2972,.T.);
#2970 = VERTEX_POINT('',#2971);
#2971 = CARTESIAN_POINT('',(-0.8,-0.4,3.E-02));
#2972 = CIRCLE('',#2973,3.E-02);
#2973 = AXIS2_PLACEMENT_3D('',#2974,#2975,#2976);
#2974 = CARTESIAN_POINT('',(-0.77,-0.4,3.E-02));
#2975 = DIRECTION('',(0.,-1.,0.));
#2976 = DIRECTION('',(0.,0.,1.));
#2977 = ORIENTED_EDGE('',*,*,#2978,.T.);
#2978 = EDGE_CURVE('',#2970,#2979,#2981,.T.);
#2979 = VERTEX_POINT('',#2980);
#2980 = CARTESIAN_POINT('',(-0.8,-0.4,0.47));
#2981 = LINE('',#2982,#2983);
#2982 = CARTESIAN_POINT('',(-0.8,-0.4,0.));
#2983 = VECTOR('',#2984,1.);
#2984 = DIRECTION('',(0.,0.,1.));
#2985 = ORIENTED_EDGE('',*,*,#2986,.T.);
#2986 = EDGE_CURVE('',#2979,#2987,#2989,.T.);
#2987 = VERTEX_POINT('',#2988);
#2988 = CARTESIAN_POINT('',(-0.77,-0.4,0.5));
#2989 = CIRCLE('',#2990,3.E-02);
#2990 = AXIS2_PLACEMENT_3D('',#2991,#2992,#2993);
#2991 = CARTESIAN_POINT('',(-0.77,-0.4,0.47));
#2992 = DIRECTION('',(0.,1.,0.));
#2993 = DIRECTION('',(0.,-0.,1.));
#2994 = ORIENTED_EDGE('',*,*,#2995,.T.);
#2995 = EDGE_CURVE('',#2987,#2996,#2998,.T.);
#2996 = VERTEX_POINT('',#2997);
#2997 = CARTESIAN_POINT('',(-0.725,-0.4,0.5));
#2998 = LINE('',#2999,#3000);
#2999 = CARTESIAN_POINT('',(-0.8,-0.4,0.5));
#3000 = VECTOR('',#3001,1.);
#3001 = DIRECTION('',(1.,0.,0.));
#3002 = ORIENTED_EDGE('',*,*,#3003,.F.);
#3003 = EDGE_CURVE('',#2730,#2996,#3004,.T.);
#3004 = LINE('',#3005,#3006);
#3005 = CARTESIAN_POINT('',(-0.725,-0.4,0.375));
#3006 = VECTOR('',#3007,1.);
#3007 = DIRECTION('',(0.,0.,1.));
#3008 = ORIENTED_EDGE('',*,*,#2729,.F.);
#3009 = ORIENTED_EDGE('',*,*,#2721,.F.);
#3010 = ORIENTED_EDGE('',*,*,#2711,.T.);
#3011 = ORIENTED_EDGE('',*,*,#3012,.F.);
#3012 = EDGE_CURVE('',#2962,#2714,#3013,.T.);
#3013 = LINE('',#3014,#3015);
#3014 = CARTESIAN_POINT('',(-0.725,-0.4,0.375));
#3015 = VECTOR('',#3016,1.);
#3016 = DIRECTION('',(0.,0.,1.));
#3017 = PLANE('',#3018);
#3018 = AXIS2_PLACEMENT_3D('',#3019,#3020,#3021);
#3019 = CARTESIAN_POINT('',(-0.8,-0.4,0.));
#3020 = DIRECTION('',(0.,1.,0.));
#3021 = DIRECTION('',(0.,-0.,1.));
#3022 = ADVANCED_FACE('',(#3023,#3112),#3138,.F.);
#3023 = FACE_BOUND('',#3024,.F.);
#3024 = EDGE_LOOP('',(#3025,#3033,#3034,#3042,#3050,#3058,#3066,#3074,
    #3082,#3090,#3098,#3106));
#3025 = ORIENTED_EDGE('',*,*,#3026,.F.);
#3026 = EDGE_CURVE('',#2714,#3027,#3029,.T.);
#3027 = VERTEX_POINT('',#3028);
#3028 = CARTESIAN_POINT('',(-0.725,-0.3,3.E-02));
#3029 = LINE('',#3030,#3031);
#3030 = CARTESIAN_POINT('',(-0.725,-0.35,3.E-02));
#3031 = VECTOR('',#3032,1.);
#3032 = DIRECTION('',(0.,1.,0.));
#3033 = ORIENTED_EDGE('',*,*,#2776,.T.);
#3034 = ORIENTED_EDGE('',*,*,#3035,.F.);
#3035 = EDGE_CURVE('',#3036,#2769,#3038,.T.);
#3036 = VERTEX_POINT('',#3037);
#3037 = CARTESIAN_POINT('',(0.725,-0.3,3.E-02));
#3038 = LINE('',#3039,#3040);
#3039 = CARTESIAN_POINT('',(0.725,-0.45,3.E-02));
#3040 = VECTOR('',#3041,1.);
#3041 = DIRECTION('',(0.,-1.,0.));
#3042 = ORIENTED_EDGE('',*,*,#3043,.F.);
#3043 = EDGE_CURVE('',#3044,#3036,#3046,.T.);
#3044 = VERTEX_POINT('',#3045);
#3045 = CARTESIAN_POINT('',(0.5,-0.3,3.E-02));
#3046 = LINE('',#3047,#3048);
#3047 = CARTESIAN_POINT('',(-2.25E-02,-0.3,3.E-02));
#3048 = VECTOR('',#3049,1.);
#3049 = DIRECTION('',(1.,0.,0.));
#3050 = ORIENTED_EDGE('',*,*,#3051,.T.);
#3051 = EDGE_CURVE('',#3044,#3052,#3054,.T.);
#3052 = VERTEX_POINT('',#3053);
#3053 = CARTESIAN_POINT('',(0.5,0.3,3.E-02));
#3054 = LINE('',#3055,#3056);
#3055 = CARTESIAN_POINT('',(0.5,-0.4,3.E-02));
#3056 = VECTOR('',#3057,1.);
#3057 = DIRECTION('',(0.,1.,0.));
#3058 = ORIENTED_EDGE('',*,*,#3059,.F.);
#3059 = EDGE_CURVE('',#3060,#3052,#3062,.T.);
#3060 = VERTEX_POINT('',#3061);
#3061 = CARTESIAN_POINT('',(0.725,0.3,3.E-02));
#3062 = LINE('',#3063,#3064);
#3063 = CARTESIAN_POINT('',(-0.7475,0.3,3.E-02));
#3064 = VECTOR('',#3065,1.);
#3065 = DIRECTION('',(-1.,0.,0.));
#3066 = ORIENTED_EDGE('',*,*,#3067,.F.);
#3067 = EDGE_CURVE('',#3068,#3060,#3070,.T.);
#3068 = VERTEX_POINT('',#3069);
#3069 = CARTESIAN_POINT('',(0.725,0.4,3.E-02));
#3070 = LINE('',#3071,#3072);
#3071 = CARTESIAN_POINT('',(0.725,-5.E-02,3.E-02));
#3072 = VECTOR('',#3073,1.);
#3073 = DIRECTION('',(0.,-1.,0.));
#3074 = ORIENTED_EDGE('',*,*,#3075,.F.);
#3075 = EDGE_CURVE('',#3076,#3068,#3078,.T.);
#3076 = VERTEX_POINT('',#3077);
#3077 = CARTESIAN_POINT('',(-0.725,0.4,3.E-02));
#3078 = LINE('',#3079,#3080);
#3079 = CARTESIAN_POINT('',(-0.77,0.4,3.E-02));
#3080 = VECTOR('',#3081,1.);
#3081 = DIRECTION('',(1.,0.,0.));
#3082 = ORIENTED_EDGE('',*,*,#3083,.F.);
#3083 = EDGE_CURVE('',#3084,#3076,#3086,.T.);
#3084 = VERTEX_POINT('',#3085);
#3085 = CARTESIAN_POINT('',(-0.725,0.3,3.E-02));
#3086 = LINE('',#3087,#3088);
#3087 = CARTESIAN_POINT('',(-0.725,5.E-02,3.E-02));
#3088 = VECTOR('',#3089,1.);
#3089 = DIRECTION('',(0.,1.,0.));
#3090 = ORIENTED_EDGE('',*,*,#3091,.F.);
#3091 = EDGE_CURVE('',#3092,#3084,#3094,.T.);
#3092 = VERTEX_POINT('',#3093);
#3093 = CARTESIAN_POINT('',(-0.5,0.3,3.E-02));
#3094 = LINE('',#3095,#3096);
#3095 = CARTESIAN_POINT('',(-0.7475,0.3,3.E-02));
#3096 = VECTOR('',#3097,1.);
#3097 = DIRECTION('',(-1.,0.,0.));
#3098 = ORIENTED_EDGE('',*,*,#3099,.F.);
#3099 = EDGE_CURVE('',#3100,#3092,#3102,.T.);
#3100 = VERTEX_POINT('',#3101);
#3101 = CARTESIAN_POINT('',(-0.5,-0.3,3.E-02));
#3102 = LINE('',#3103,#3104);
#3103 = CARTESIAN_POINT('',(-0.5,-0.4,3.E-02));
#3104 = VECTOR('',#3105,1.);
#3105 = DIRECTION('',(0.,1.,0.));
#3106 = ORIENTED_EDGE('',*,*,#3107,.F.);
#3107 = EDGE_CURVE('',#3027,#3100,#3108,.T.);
#3108 = LINE('',#3109,#3110);
#3109 = CARTESIAN_POINT('',(-2.25E-02,-0.3,3.E-02));
#3110 = VECTOR('',#3111,1.);
#3111 = DIRECTION('',(1.,0.,0.));
#3112 = FACE_BOUND('',#3113,.F.);
#3113 = EDGE_LOOP('',(#3114,#3124,#3132));
#3114 = ORIENTED_EDGE('',*,*,#3115,.T.);
#3115 = EDGE_CURVE('',#3116,#3118,#3120,.T.);
#3116 = VERTEX_POINT('',#3117);
#3117 = CARTESIAN_POINT('',(0.277128129211,0.32,3.E-02));
#3118 = VERTEX_POINT('',#3119);
#3119 = CARTESIAN_POINT('',(0.277128129211,-0.32,3.E-02));
#3120 = LINE('',#3121,#3122);
#3121 = CARTESIAN_POINT('',(0.277128129211,0.32,3.E-02));
#3122 = VECTOR('',#3123,1.);
#3123 = DIRECTION('',(0.,-1.,0.));
#3124 = ORIENTED_EDGE('',*,*,#3125,.T.);
#3125 = EDGE_CURVE('',#3118,#3126,#3128,.T.);
#3126 = VERTEX_POINT('',#3127);
#3127 = CARTESIAN_POINT('',(-0.277128129211,0.,3.E-02));
#3128 = LINE('',#3129,#3130);
#3129 = CARTESIAN_POINT('',(0.277128129211,-0.32,3.E-02));
#3130 = VECTOR('',#3131,1.);
#3131 = DIRECTION('',(-0.866025403784,0.5,0.));
#3132 = ORIENTED_EDGE('',*,*,#3133,.T.);
#3133 = EDGE_CURVE('',#3126,#3116,#3134,.T.);
#3134 = LINE('',#3135,#3136);
#3135 = CARTESIAN_POINT('',(-0.277128129211,0.,3.E-02));
#3136 = VECTOR('',#3137,1.);
#3137 = DIRECTION('',(0.866025403784,0.5,0.));
#3138 = PLANE('',#3139);
#3139 = AXIS2_PLACEMENT_3D('',#3140,#3141,#3142);
#3140 = CARTESIAN_POINT('',(-0.77,-0.4,3.E-02));
#3141 = DIRECTION('',(0.,0.,1.));
#3142 = DIRECTION('',(1.,0.,-0.));
#3143 = ADVANCED_FACE('',(#3144),#3205,.F.);
#3144 = FACE_BOUND('',#3145,.F.);
#3145 = EDGE_LOOP('',(#3146,#3156,#3162,#3163,#3164,#3165,#3173,#3181,
    #3190,#3198));
#3146 = ORIENTED_EDGE('',*,*,#3147,.F.);
#3147 = EDGE_CURVE('',#3148,#3150,#3152,.T.);
#3148 = VERTEX_POINT('',#3149);
#3149 = CARTESIAN_POINT('',(0.725,-0.4,0.));
#3150 = VERTEX_POINT('',#3151);
#3151 = CARTESIAN_POINT('',(0.77,-0.4,-3.469446951954E-18));
#3152 = LINE('',#3153,#3154);
#3153 = CARTESIAN_POINT('',(0.5,-0.4,0.));
#3154 = VECTOR('',#3155,1.);
#3155 = DIRECTION('',(1.,0.,0.));
#3156 = ORIENTED_EDGE('',*,*,#3157,.F.);
#3157 = EDGE_CURVE('',#2769,#3148,#3158,.T.);
#3158 = LINE('',#3159,#3160);
#3159 = CARTESIAN_POINT('',(0.725,-0.4,0.375));
#3160 = VECTOR('',#3161,1.);
#3161 = DIRECTION('',(0.,0.,-1.));
#3162 = ORIENTED_EDGE('',*,*,#2768,.T.);
#3163 = ORIENTED_EDGE('',*,*,#2760,.T.);
#3164 = ORIENTED_EDGE('',*,*,#2752,.F.);
#3165 = ORIENTED_EDGE('',*,*,#3166,.F.);
#3166 = EDGE_CURVE('',#3167,#2745,#3169,.T.);
#3167 = VERTEX_POINT('',#3168);
#3168 = CARTESIAN_POINT('',(0.725,-0.4,0.5));
#3169 = LINE('',#3170,#3171);
#3170 = CARTESIAN_POINT('',(0.725,-0.4,0.375));
#3171 = VECTOR('',#3172,1.);
#3172 = DIRECTION('',(0.,0.,-1.));
#3173 = ORIENTED_EDGE('',*,*,#3174,.T.);
#3174 = EDGE_CURVE('',#3167,#3175,#3177,.T.);
#3175 = VERTEX_POINT('',#3176);
#3176 = CARTESIAN_POINT('',(0.77,-0.4,0.5));
#3177 = LINE('',#3178,#3179);
#3178 = CARTESIAN_POINT('',(0.5,-0.4,0.5));
#3179 = VECTOR('',#3180,1.);
#3180 = DIRECTION('',(1.,0.,0.));
#3181 = ORIENTED_EDGE('',*,*,#3182,.F.);
#3182 = EDGE_CURVE('',#3183,#3175,#3185,.T.);
#3183 = VERTEX_POINT('',#3184);
#3184 = CARTESIAN_POINT('',(0.8,-0.4,0.47));
#3185 = CIRCLE('',#3186,3.E-02);
#3186 = AXIS2_PLACEMENT_3D('',#3187,#3188,#3189);
#3187 = CARTESIAN_POINT('',(0.77,-0.4,0.47));
#3188 = DIRECTION('',(0.,-1.,0.));
#3189 = DIRECTION('',(0.,0.,1.));
#3190 = ORIENTED_EDGE('',*,*,#3191,.F.);
#3191 = EDGE_CURVE('',#3192,#3183,#3194,.T.);
#3192 = VERTEX_POINT('',#3193);
#3193 = CARTESIAN_POINT('',(0.8,-0.4,3.E-02));
#3194 = LINE('',#3195,#3196);
#3195 = CARTESIAN_POINT('',(0.8,-0.4,0.));
#3196 = VECTOR('',#3197,1.);
#3197 = DIRECTION('',(0.,0.,1.));
#3198 = ORIENTED_EDGE('',*,*,#3199,.T.);
#3199 = EDGE_CURVE('',#3192,#3150,#3200,.T.);
#3200 = CIRCLE('',#3201,3.E-02);
#3201 = AXIS2_PLACEMENT_3D('',#3202,#3203,#3204);
#3202 = CARTESIAN_POINT('',(0.77,-0.4,3.E-02));
#3203 = DIRECTION('',(0.,1.,0.));
#3204 = DIRECTION('',(0.,-0.,1.));
#3205 = PLANE('',#3206);
#3206 = AXIS2_PLACEMENT_3D('',#3207,#3208,#3209);
#3207 = CARTESIAN_POINT('',(0.5,-0.4,0.));
#3208 = DIRECTION('',(0.,1.,0.));
#3209 = DIRECTION('',(0.,-0.,1.));
#3210 = ADVANCED_FACE('',(#3211),#3229,.T.);
#3211 = FACE_BOUND('',#3212,.T.);
#3212 = EDGE_LOOP('',(#3213,#3221,#3222,#3223));
#3213 = ORIENTED_EDGE('',*,*,#3214,.F.);
#3214 = EDGE_CURVE('',#2817,#3215,#3217,.T.);
#3215 = VERTEX_POINT('',#3216);
#3216 = CARTESIAN_POINT('',(0.725,-0.3,0.47));
#3217 = LINE('',#3218,#3219);
#3218 = CARTESIAN_POINT('',(-2.25E-02,-0.3,0.47));
#3219 = VECTOR('',#3220,1.);
#3220 = DIRECTION('',(1.,0.,0.));
#3221 = ORIENTED_EDGE('',*,*,#2816,.T.);
#3222 = ORIENTED_EDGE('',*,*,#2744,.T.);
#3223 = ORIENTED_EDGE('',*,*,#3224,.F.);
#3224 = EDGE_CURVE('',#3215,#2745,#3225,.T.);
#3225 = LINE('',#3226,#3227);
#3226 = CARTESIAN_POINT('',(0.725,-0.45,0.47));
#3227 = VECTOR('',#3228,1.);
#3228 = DIRECTION('',(0.,-1.,0.));
#3229 = PLANE('',#3230);
#3230 = AXIS2_PLACEMENT_3D('',#3231,#3232,#3233);
#3231 = CARTESIAN_POINT('',(-0.77,-0.4,0.47));
#3232 = DIRECTION('',(0.,0.,1.));
#3233 = DIRECTION('',(1.,0.,-0.));
#3234 = ADVANCED_FACE('',(#3235),#3260,.T.);
#3235 = FACE_BOUND('',#3236,.T.);
#3236 = EDGE_LOOP('',(#3237,#3245,#3246,#3254));
#3237 = ORIENTED_EDGE('',*,*,#3238,.F.);
#3238 = EDGE_CURVE('',#2833,#3239,#3241,.T.);
#3239 = VERTEX_POINT('',#3240);
#3240 = CARTESIAN_POINT('',(0.725,0.4,0.47));
#3241 = LINE('',#3242,#3243);
#3242 = CARTESIAN_POINT('',(-0.77,0.4,0.47));
#3243 = VECTOR('',#3244,1.);
#3244 = DIRECTION('',(1.,0.,0.));
#3245 = ORIENTED_EDGE('',*,*,#2832,.T.);
#3246 = ORIENTED_EDGE('',*,*,#3247,.F.);
#3247 = EDGE_CURVE('',#3248,#2825,#3250,.T.);
#3248 = VERTEX_POINT('',#3249);
#3249 = CARTESIAN_POINT('',(0.725,0.3,0.47));
#3250 = LINE('',#3251,#3252);
#3251 = CARTESIAN_POINT('',(-0.7475,0.3,0.47));
#3252 = VECTOR('',#3253,1.);
#3253 = DIRECTION('',(-1.,0.,0.));
#3254 = ORIENTED_EDGE('',*,*,#3255,.F.);
#3255 = EDGE_CURVE('',#3239,#3248,#3256,.T.);
#3256 = LINE('',#3257,#3258);
#3257 = CARTESIAN_POINT('',(0.725,-5.E-02,0.47));
#3258 = VECTOR('',#3259,1.);
#3259 = DIRECTION('',(0.,-1.,0.));
#3260 = PLANE('',#3261);
#3261 = AXIS2_PLACEMENT_3D('',#3262,#3263,#3264);
#3262 = CARTESIAN_POINT('',(-0.77,-0.4,0.47));
#3263 = DIRECTION('',(0.,0.,1.));
#3264 = DIRECTION('',(1.,0.,-0.));
#3265 = ADVANCED_FACE('',(#3266),#3293,.T.);
#3266 = FACE_BOUND('',#3267,.T.);
#3267 = EDGE_LOOP('',(#3268,#3269,#3278,#3286));
#3268 = ORIENTED_EDGE('',*,*,#2824,.F.);
#3269 = ORIENTED_EDGE('',*,*,#3270,.T.);
#3270 = EDGE_CURVE('',#2817,#3271,#3273,.T.);
#3271 = VERTEX_POINT('',#3272);
#3272 = CARTESIAN_POINT('',(0.53,-0.3,0.5));
#3273 = CIRCLE('',#3274,3.E-02);
#3274 = AXIS2_PLACEMENT_3D('',#3275,#3276,#3277);
#3275 = CARTESIAN_POINT('',(0.53,-0.3,0.47));
#3276 = DIRECTION('',(0.,1.,-0.));
#3277 = DIRECTION('',(-1.,0.,0.));
#3278 = ORIENTED_EDGE('',*,*,#3279,.T.);
#3279 = EDGE_CURVE('',#3271,#3280,#3282,.T.);
#3280 = VERTEX_POINT('',#3281);
#3281 = CARTESIAN_POINT('',(0.53,0.3,0.5));
#3282 = LINE('',#3283,#3284);
#3283 = CARTESIAN_POINT('',(0.53,-0.4,0.5));
#3284 = VECTOR('',#3285,1.);
#3285 = DIRECTION('',(0.,1.,0.));
#3286 = ORIENTED_EDGE('',*,*,#3287,.F.);
#3287 = EDGE_CURVE('',#2825,#3280,#3288,.T.);
#3288 = CIRCLE('',#3289,3.E-02);
#3289 = AXIS2_PLACEMENT_3D('',#3290,#3291,#3292);
#3290 = CARTESIAN_POINT('',(0.53,0.3,0.47));
#3291 = DIRECTION('',(0.,1.,-0.));
#3292 = DIRECTION('',(-1.,0.,0.));
#3293 = CYLINDRICAL_SURFACE('',#3294,3.E-02);
#3294 = AXIS2_PLACEMENT_3D('',#3295,#3296,#3297);
#3295 = CARTESIAN_POINT('',(0.53,-0.4,0.47));
#3296 = DIRECTION('',(0.,1.,0.));
#3297 = DIRECTION('',(-1.,0.,0.));
#3298 = ADVANCED_FACE('',(#3299),#3349,.T.);
#3299 = FACE_BOUND('',#3300,.T.);
#3300 = EDGE_LOOP('',(#3301,#3309,#3317,#3323,#3324,#3325,#3326,#3334,
    #3342,#3348));
#3301 = ORIENTED_EDGE('',*,*,#3302,.F.);
#3302 = EDGE_CURVE('',#3303,#3076,#3305,.T.);
#3303 = VERTEX_POINT('',#3304);
#3304 = CARTESIAN_POINT('',(-0.77,0.4,3.E-02));
#3305 = LINE('',#3306,#3307);
#3306 = CARTESIAN_POINT('',(-0.77,0.4,3.E-02));
#3307 = VECTOR('',#3308,1.);
#3308 = DIRECTION('',(1.,0.,0.));
#3309 = ORIENTED_EDGE('',*,*,#3310,.T.);
#3310 = EDGE_CURVE('',#3303,#3311,#3313,.T.);
#3311 = VERTEX_POINT('',#3312);
#3312 = CARTESIAN_POINT('',(-0.77,0.4,0.47));
#3313 = LINE('',#3314,#3315);
#3314 = CARTESIAN_POINT('',(-0.77,0.4,3.E-02));
#3315 = VECTOR('',#3316,1.);
#3316 = DIRECTION('',(0.,0.,1.));
#3317 = ORIENTED_EDGE('',*,*,#3318,.T.);
#3318 = EDGE_CURVE('',#3311,#2855,#3319,.T.);
#3319 = LINE('',#3320,#3321);
#3320 = CARTESIAN_POINT('',(-0.77,0.4,0.47));
#3321 = VECTOR('',#3322,1.);
#3322 = DIRECTION('',(1.,0.,0.));
#3323 = ORIENTED_EDGE('',*,*,#2854,.T.);
#3324 = ORIENTED_EDGE('',*,*,#2888,.F.);
#3325 = ORIENTED_EDGE('',*,*,#3238,.T.);
#3326 = ORIENTED_EDGE('',*,*,#3327,.T.);
#3327 = EDGE_CURVE('',#3239,#3328,#3330,.T.);
#3328 = VERTEX_POINT('',#3329);
#3329 = CARTESIAN_POINT('',(0.77,0.4,0.47));
#3330 = LINE('',#3331,#3332);
#3331 = CARTESIAN_POINT('',(-0.77,0.4,0.47));
#3332 = VECTOR('',#3333,1.);
#3333 = DIRECTION('',(1.,0.,0.));
#3334 = ORIENTED_EDGE('',*,*,#3335,.F.);
#3335 = EDGE_CURVE('',#3336,#3328,#3338,.T.);
#3336 = VERTEX_POINT('',#3337);
#3337 = CARTESIAN_POINT('',(0.77,0.4,3.E-02));
#3338 = LINE('',#3339,#3340);
#3339 = CARTESIAN_POINT('',(0.77,0.4,3.E-02));
#3340 = VECTOR('',#3341,1.);
#3341 = DIRECTION('',(0.,0.,1.));
#3342 = ORIENTED_EDGE('',*,*,#3343,.F.);
#3343 = EDGE_CURVE('',#3068,#3336,#3344,.T.);
#3344 = LINE('',#3345,#3346);
#3345 = CARTESIAN_POINT('',(-0.77,0.4,3.E-02));
#3346 = VECTOR('',#3347,1.);
#3347 = DIRECTION('',(1.,0.,0.));
#3348 = ORIENTED_EDGE('',*,*,#3075,.F.);
#3349 = PLANE('',#3350);
#3350 = AXIS2_PLACEMENT_3D('',#3351,#3352,#3353);
#3351 = CARTESIAN_POINT('',(-0.77,0.4,3.E-02));
#3352 = DIRECTION('',(0.,1.,0.));
#3353 = DIRECTION('',(0.,-0.,1.));
#3354 = ADVANCED_FACE('',(#3355),#3373,.F.);
#3355 = FACE_BOUND('',#3356,.F.);
#3356 = EDGE_LOOP('',(#3357,#3365,#3371,#3372));
#3357 = ORIENTED_EDGE('',*,*,#3358,.F.);
#3358 = EDGE_CURVE('',#3359,#2903,#3361,.T.);
#3359 = VERTEX_POINT('',#3360);
#3360 = CARTESIAN_POINT('',(-0.725,0.3,0.5));
#3361 = LINE('',#3362,#3363);
#3362 = CARTESIAN_POINT('',(-0.7625,0.3,0.5));
#3363 = VECTOR('',#3364,1.);
#3364 = DIRECTION('',(1.,0.,0.));
#3365 = ORIENTED_EDGE('',*,*,#3366,.T.);
#3366 = EDGE_CURVE('',#3359,#2863,#3367,.T.);
#3367 = LINE('',#3368,#3369);
#3368 = CARTESIAN_POINT('',(-0.725,0.3,0.75));
#3369 = VECTOR('',#3370,1.);
#3370 = DIRECTION('',(-0.,-0.,-1.));
#3371 = ORIENTED_EDGE('',*,*,#2870,.F.);
#3372 = ORIENTED_EDGE('',*,*,#2902,.F.);
#3373 = PLANE('',#3374);
#3374 = AXIS2_PLACEMENT_3D('',#3375,#3376,#3377);
#3375 = CARTESIAN_POINT('',(-0.725,0.3,0.75));
#3376 = DIRECTION('',(0.,-1.,0.));
#3377 = DIRECTION('',(1.,0.,0.));
#3378 = ADVANCED_FACE('',(#3379),#3397,.F.);
#3379 = FACE_BOUND('',#3380,.F.);
#3380 = EDGE_LOOP('',(#3381,#3382,#3390,#3396));
#3381 = ORIENTED_EDGE('',*,*,#3366,.F.);
#3382 = ORIENTED_EDGE('',*,*,#3383,.F.);
#3383 = EDGE_CURVE('',#3384,#3359,#3386,.T.);
#3384 = VERTEX_POINT('',#3385);
#3385 = CARTESIAN_POINT('',(-0.725,0.4,0.5));
#3386 = LINE('',#3387,#3388);
#3387 = CARTESIAN_POINT('',(-0.725,5.E-02,0.5));
#3388 = VECTOR('',#3389,1.);
#3389 = DIRECTION('',(0.,-1.,0.));
#3390 = ORIENTED_EDGE('',*,*,#3391,.F.);
#3391 = EDGE_CURVE('',#2855,#3384,#3392,.T.);
#3392 = LINE('',#3393,#3394);
#3393 = CARTESIAN_POINT('',(-0.725,0.4,0.375));
#3394 = VECTOR('',#3395,1.);
#3395 = DIRECTION('',(0.,0.,1.));
#3396 = ORIENTED_EDGE('',*,*,#2862,.F.);
#3397 = PLANE('',#3398);
#3398 = AXIS2_PLACEMENT_3D('',#3399,#3400,#3401);
#3399 = CARTESIAN_POINT('',(-0.725,0.5,0.75));
#3400 = DIRECTION('',(-1.,0.,0.));
#3401 = DIRECTION('',(0.,-1.,0.));
#3402 = ADVANCED_FACE('',(#3403),#3421,.F.);
#3403 = FACE_BOUND('',#3404,.F.);
#3404 = EDGE_LOOP('',(#3405,#3413,#3419,#3420));
#3405 = ORIENTED_EDGE('',*,*,#3406,.F.);
#3406 = EDGE_CURVE('',#3407,#2936,#3409,.T.);
#3407 = VERTEX_POINT('',#3408);
#3408 = CARTESIAN_POINT('',(-0.725,-0.3,0.5));
#3409 = LINE('',#3410,#3411);
#3410 = CARTESIAN_POINT('',(-0.725,-0.3,0.75));
#3411 = VECTOR('',#3412,1.);
#3412 = DIRECTION('',(-0.,-0.,-1.));
#3413 = ORIENTED_EDGE('',*,*,#3414,.F.);
#3414 = EDGE_CURVE('',#2912,#3407,#3415,.T.);
#3415 = LINE('',#3416,#3417);
#3416 = CARTESIAN_POINT('',(-3.75E-02,-0.3,0.5));
#3417 = VECTOR('',#3418,1.);
#3418 = DIRECTION('',(-1.,0.,0.));
#3419 = ORIENTED_EDGE('',*,*,#2919,.T.);
#3420 = ORIENTED_EDGE('',*,*,#2945,.F.);
#3421 = PLANE('',#3422);
#3422 = AXIS2_PLACEMENT_3D('',#3423,#3424,#3425);
#3423 = CARTESIAN_POINT('',(0.725,-0.3,0.75));
#3424 = DIRECTION('',(0.,1.,0.));
#3425 = DIRECTION('',(-1.,0.,0.));
#3426 = ADVANCED_FACE('',(#3427),#3454,.T.);
#3427 = FACE_BOUND('',#3428,.T.);
#3428 = EDGE_LOOP('',(#3429,#3437,#3443,#3444,#3450,#3451,#3452,#3453));
#3429 = ORIENTED_EDGE('',*,*,#3430,.F.);
#3430 = EDGE_CURVE('',#3431,#3384,#3433,.T.);
#3431 = VERTEX_POINT('',#3432);
#3432 = CARTESIAN_POINT('',(-0.77,0.4,0.5));
#3433 = LINE('',#3434,#3435);
#3434 = CARTESIAN_POINT('',(-0.8,0.4,0.5));
#3435 = VECTOR('',#3436,1.);
#3436 = DIRECTION('',(1.,0.,0.));
#3437 = ORIENTED_EDGE('',*,*,#3438,.F.);
#3438 = EDGE_CURVE('',#2987,#3431,#3439,.T.);
#3439 = LINE('',#3440,#3441);
#3440 = CARTESIAN_POINT('',(-0.77,-0.4,0.5));
#3441 = VECTOR('',#3442,1.);
#3442 = DIRECTION('',(0.,1.,0.));
#3443 = ORIENTED_EDGE('',*,*,#2995,.T.);
#3444 = ORIENTED_EDGE('',*,*,#3445,.F.);
#3445 = EDGE_CURVE('',#3407,#2996,#3446,.T.);
#3446 = LINE('',#3447,#3448);
#3447 = CARTESIAN_POINT('',(-0.725,-0.35,0.5));
#3448 = VECTOR('',#3449,1.);
#3449 = DIRECTION('',(0.,-1.,0.));
#3450 = ORIENTED_EDGE('',*,*,#3414,.F.);
#3451 = ORIENTED_EDGE('',*,*,#2911,.T.);
#3452 = ORIENTED_EDGE('',*,*,#3358,.F.);
#3453 = ORIENTED_EDGE('',*,*,#3383,.F.);
#3454 = PLANE('',#3455);
#3455 = AXIS2_PLACEMENT_3D('',#3456,#3457,#3458);
#3456 = CARTESIAN_POINT('',(-0.8,-0.4,0.5));
#3457 = DIRECTION('',(0.,0.,1.));
#3458 = DIRECTION('',(1.,0.,-0.));
#3459 = ADVANCED_FACE('',(#3460),#3466,.F.);
#3460 = FACE_BOUND('',#3461,.F.);
#3461 = EDGE_LOOP('',(#3462,#3463,#3464,#3465));
#3462 = ORIENTED_EDGE('',*,*,#3445,.F.);
#3463 = ORIENTED_EDGE('',*,*,#3406,.T.);
#3464 = ORIENTED_EDGE('',*,*,#2935,.F.);
#3465 = ORIENTED_EDGE('',*,*,#3003,.T.);
#3466 = PLANE('',#3467);
#3467 = AXIS2_PLACEMENT_3D('',#3468,#3469,#3470);
#3468 = CARTESIAN_POINT('',(-0.725,-0.3,0.75));
#3469 = DIRECTION('',(-1.,0.,0.));
#3470 = DIRECTION('',(0.,-1.,0.));
#3471 = ADVANCED_FACE('',(#3472),#3529,.F.);
#3472 = FACE_BOUND('',#3473,.F.);
#3473 = EDGE_LOOP('',(#3474,#3484,#3490,#3491,#3499,#3507,#3515,#3523));
#3474 = ORIENTED_EDGE('',*,*,#3475,.F.);
#3475 = EDGE_CURVE('',#3476,#3478,#3480,.T.);
#3476 = VERTEX_POINT('',#3477);
#3477 = CARTESIAN_POINT('',(-0.77,0.4,-3.469446951954E-18));
#3478 = VERTEX_POINT('',#3479);
#3479 = CARTESIAN_POINT('',(-0.725,0.4,0.));
#3480 = LINE('',#3481,#3482);
#3481 = CARTESIAN_POINT('',(-0.8,0.4,0.));
#3482 = VECTOR('',#3483,1.);
#3483 = DIRECTION('',(1.,0.,0.));
#3484 = ORIENTED_EDGE('',*,*,#3485,.F.);
#3485 = EDGE_CURVE('',#2960,#3476,#3486,.T.);
#3486 = LINE('',#3487,#3488);
#3487 = CARTESIAN_POINT('',(-0.77,-0.4,-3.469446951954E-18));
#3488 = VECTOR('',#3489,1.);
#3489 = DIRECTION('',(0.,1.,0.));
#3490 = ORIENTED_EDGE('',*,*,#2959,.T.);
#3491 = ORIENTED_EDGE('',*,*,#3492,.F.);
#3492 = EDGE_CURVE('',#3493,#2962,#3495,.T.);
#3493 = VERTEX_POINT('',#3494);
#3494 = CARTESIAN_POINT('',(-0.725,-0.3,0.));
#3495 = LINE('',#3496,#3497);
#3496 = CARTESIAN_POINT('',(-0.725,-0.35,0.));
#3497 = VECTOR('',#3498,1.);
#3498 = DIRECTION('',(0.,-1.,0.));
#3499 = ORIENTED_EDGE('',*,*,#3500,.F.);
#3500 = EDGE_CURVE('',#3501,#3493,#3503,.T.);
#3501 = VERTEX_POINT('',#3502);
#3502 = CARTESIAN_POINT('',(-0.53,-0.3,-3.469446951954E-18));
#3503 = LINE('',#3504,#3505);
#3504 = CARTESIAN_POINT('',(-3.75E-02,-0.3,0.));
#3505 = VECTOR('',#3506,1.);
#3506 = DIRECTION('',(-1.,0.,0.));
#3507 = ORIENTED_EDGE('',*,*,#3508,.T.);
#3508 = EDGE_CURVE('',#3501,#3509,#3511,.T.);
#3509 = VERTEX_POINT('',#3510);
#3510 = CARTESIAN_POINT('',(-0.53,0.3,-3.469446951954E-18));
#3511 = LINE('',#3512,#3513);
#3512 = CARTESIAN_POINT('',(-0.53,-0.4,-3.469446951954E-18));
#3513 = VECTOR('',#3514,1.);
#3514 = DIRECTION('',(0.,1.,0.));
#3515 = ORIENTED_EDGE('',*,*,#3516,.F.);
#3516 = EDGE_CURVE('',#3517,#3509,#3519,.T.);
#3517 = VERTEX_POINT('',#3518);
#3518 = CARTESIAN_POINT('',(-0.725,0.3,0.));
#3519 = LINE('',#3520,#3521);
#3520 = CARTESIAN_POINT('',(-0.7625,0.3,0.));
#3521 = VECTOR('',#3522,1.);
#3522 = DIRECTION('',(1.,0.,0.));
#3523 = ORIENTED_EDGE('',*,*,#3524,.F.);
#3524 = EDGE_CURVE('',#3478,#3517,#3525,.T.);
#3525 = LINE('',#3526,#3527);
#3526 = CARTESIAN_POINT('',(-0.725,5.E-02,0.));
#3527 = VECTOR('',#3528,1.);
#3528 = DIRECTION('',(0.,-1.,0.));
#3529 = PLANE('',#3530);
#3530 = AXIS2_PLACEMENT_3D('',#3531,#3532,#3533);
#3531 = CARTESIAN_POINT('',(-0.8,-0.4,0.));
#3532 = DIRECTION('',(0.,0.,1.));
#3533 = DIRECTION('',(1.,0.,-0.));
#3534 = ADVANCED_FACE('',(#3535),#3554,.T.);
#3535 = FACE_BOUND('',#3536,.T.);
#3536 = EDGE_LOOP('',(#3537,#3545,#3552,#3553));
#3537 = ORIENTED_EDGE('',*,*,#3538,.T.);
#3538 = EDGE_CURVE('',#2970,#3539,#3541,.T.);
#3539 = VERTEX_POINT('',#3540);
#3540 = CARTESIAN_POINT('',(-0.8,0.4,3.E-02));
#3541 = LINE('',#3542,#3543);
#3542 = CARTESIAN_POINT('',(-0.8,-0.4,3.E-02));
#3543 = VECTOR('',#3544,1.);
#3544 = DIRECTION('',(0.,1.,0.));
#3545 = ORIENTED_EDGE('',*,*,#3546,.T.);
#3546 = EDGE_CURVE('',#3539,#3476,#3547,.T.);
#3547 = CIRCLE('',#3548,3.E-02);
#3548 = AXIS2_PLACEMENT_3D('',#3549,#3550,#3551);
#3549 = CARTESIAN_POINT('',(-0.77,0.4,3.E-02));
#3550 = DIRECTION('',(0.,-1.,0.));
#3551 = DIRECTION('',(0.,0.,1.));
#3552 = ORIENTED_EDGE('',*,*,#3485,.F.);
#3553 = ORIENTED_EDGE('',*,*,#2969,.F.);
#3554 = CYLINDRICAL_SURFACE('',#3555,3.E-02);
#3555 = AXIS2_PLACEMENT_3D('',#3556,#3557,#3558);
#3556 = CARTESIAN_POINT('',(-0.77,-0.4,3.E-02));
#3557 = DIRECTION('',(0.,1.,0.));
#3558 = DIRECTION('',(-1.,0.,0.));
#3559 = ADVANCED_FACE('',(#3560),#3571,.F.);
#3560 = FACE_BOUND('',#3561,.F.);
#3561 = EDGE_LOOP('',(#3562,#3563,#3569,#3570));
#3562 = ORIENTED_EDGE('',*,*,#3026,.T.);
#3563 = ORIENTED_EDGE('',*,*,#3564,.T.);
#3564 = EDGE_CURVE('',#3027,#3493,#3565,.T.);
#3565 = LINE('',#3566,#3567);
#3566 = CARTESIAN_POINT('',(-0.725,-0.3,0.75));
#3567 = VECTOR('',#3568,1.);
#3568 = DIRECTION('',(-0.,-0.,-1.));
#3569 = ORIENTED_EDGE('',*,*,#3492,.T.);
#3570 = ORIENTED_EDGE('',*,*,#3012,.T.);
#3571 = PLANE('',#3572);
#3572 = AXIS2_PLACEMENT_3D('',#3573,#3574,#3575);
#3573 = CARTESIAN_POINT('',(-0.725,-0.3,0.75));
#3574 = DIRECTION('',(-1.,0.,0.));
#3575 = DIRECTION('',(0.,-1.,0.));
#3576 = ADVANCED_FACE('',(#3577),#3595,.F.);
#3577 = FACE_BOUND('',#3578,.F.);
#3578 = EDGE_LOOP('',(#3579,#3580,#3581,#3589));
#3579 = ORIENTED_EDGE('',*,*,#2978,.F.);
#3580 = ORIENTED_EDGE('',*,*,#3538,.T.);
#3581 = ORIENTED_EDGE('',*,*,#3582,.T.);
#3582 = EDGE_CURVE('',#3539,#3583,#3585,.T.);
#3583 = VERTEX_POINT('',#3584);
#3584 = CARTESIAN_POINT('',(-0.8,0.4,0.47));
#3585 = LINE('',#3586,#3587);
#3586 = CARTESIAN_POINT('',(-0.8,0.4,0.));
#3587 = VECTOR('',#3588,1.);
#3588 = DIRECTION('',(0.,0.,1.));
#3589 = ORIENTED_EDGE('',*,*,#3590,.F.);
#3590 = EDGE_CURVE('',#2979,#3583,#3591,.T.);
#3591 = LINE('',#3592,#3593);
#3592 = CARTESIAN_POINT('',(-0.8,-0.4,0.47));
#3593 = VECTOR('',#3594,1.);
#3594 = DIRECTION('',(0.,1.,0.));
#3595 = PLANE('',#3596);
#3596 = AXIS2_PLACEMENT_3D('',#3597,#3598,#3599);
#3597 = CARTESIAN_POINT('',(-0.8,-0.4,0.));
#3598 = DIRECTION('',(1.,0.,0.));
#3599 = DIRECTION('',(0.,0.,1.));
#3600 = ADVANCED_FACE('',(#3601),#3613,.T.);
#3601 = FACE_BOUND('',#3602,.T.);
#3602 = EDGE_LOOP('',(#3603,#3604,#3605,#3612));
#3603 = ORIENTED_EDGE('',*,*,#2986,.T.);
#3604 = ORIENTED_EDGE('',*,*,#3438,.T.);
#3605 = ORIENTED_EDGE('',*,*,#3606,.F.);
#3606 = EDGE_CURVE('',#3583,#3431,#3607,.T.);
#3607 = CIRCLE('',#3608,3.E-02);
#3608 = AXIS2_PLACEMENT_3D('',#3609,#3610,#3611);
#3609 = CARTESIAN_POINT('',(-0.77,0.4,0.47));
#3610 = DIRECTION('',(0.,1.,0.));
#3611 = DIRECTION('',(0.,-0.,1.));
#3612 = ORIENTED_EDGE('',*,*,#3590,.F.);
#3613 = CYLINDRICAL_SURFACE('',#3614,3.E-02);
#3614 = AXIS2_PLACEMENT_3D('',#3615,#3616,#3617);
#3615 = CARTESIAN_POINT('',(-0.77,-0.4,0.47));
#3616 = DIRECTION('',(0.,1.,0.));
#3617 = DIRECTION('',(-1.,0.,0.));
#3618 = ADVANCED_FACE('',(#3619),#3631,.F.);
#3619 = FACE_BOUND('',#3620,.F.);
#3620 = EDGE_LOOP('',(#3621,#3622,#3623,#3630));
#3621 = ORIENTED_EDGE('',*,*,#3564,.F.);
#3622 = ORIENTED_EDGE('',*,*,#3107,.T.);
#3623 = ORIENTED_EDGE('',*,*,#3624,.T.);
#3624 = EDGE_CURVE('',#3100,#3501,#3625,.T.);
#3625 = CIRCLE('',#3626,3.E-02);
#3626 = AXIS2_PLACEMENT_3D('',#3627,#3628,#3629);
#3627 = CARTESIAN_POINT('',(-0.53,-0.3,3.E-02));
#3628 = DIRECTION('',(-0.,1.,0.));
#3629 = DIRECTION('',(1.,0.,0.));
#3630 = ORIENTED_EDGE('',*,*,#3500,.T.);
#3631 = PLANE('',#3632);
#3632 = AXIS2_PLACEMENT_3D('',#3633,#3634,#3635);
#3633 = CARTESIAN_POINT('',(0.725,-0.3,0.75));
#3634 = DIRECTION('',(0.,1.,0.));
#3635 = DIRECTION('',(-1.,0.,0.));
#3636 = ADVANCED_FACE('',(#3637),#3649,.T.);
#3637 = FACE_BOUND('',#3638,.T.);
#3638 = EDGE_LOOP('',(#3639,#3640,#3641,#3642));
#3639 = ORIENTED_EDGE('',*,*,#3099,.F.);
#3640 = ORIENTED_EDGE('',*,*,#3624,.T.);
#3641 = ORIENTED_EDGE('',*,*,#3508,.T.);
#3642 = ORIENTED_EDGE('',*,*,#3643,.F.);
#3643 = EDGE_CURVE('',#3092,#3509,#3644,.T.);
#3644 = CIRCLE('',#3645,3.E-02);
#3645 = AXIS2_PLACEMENT_3D('',#3646,#3647,#3648);
#3646 = CARTESIAN_POINT('',(-0.53,0.3,3.E-02));
#3647 = DIRECTION('',(-0.,1.,0.));
#3648 = DIRECTION('',(1.,0.,0.));
#3649 = CYLINDRICAL_SURFACE('',#3650,3.E-02);
#3650 = AXIS2_PLACEMENT_3D('',#3651,#3652,#3653);
#3651 = CARTESIAN_POINT('',(-0.53,-0.4,3.E-02));
#3652 = DIRECTION('',(0.,1.,0.));
#3653 = DIRECTION('',(1.,0.,0.));
#3654 = ADVANCED_FACE('',(#3655),#3666,.F.);
#3655 = FACE_BOUND('',#3656,.F.);
#3656 = EDGE_LOOP('',(#3657,#3658,#3664,#3665));
#3657 = ORIENTED_EDGE('',*,*,#3091,.T.);
#3658 = ORIENTED_EDGE('',*,*,#3659,.T.);
#3659 = EDGE_CURVE('',#3084,#3517,#3660,.T.);
#3660 = LINE('',#3661,#3662);
#3661 = CARTESIAN_POINT('',(-0.725,0.3,0.75));
#3662 = VECTOR('',#3663,1.);
#3663 = DIRECTION('',(-0.,-0.,-1.));
#3664 = ORIENTED_EDGE('',*,*,#3516,.T.);
#3665 = ORIENTED_EDGE('',*,*,#3643,.F.);
#3666 = PLANE('',#3667);
#3667 = AXIS2_PLACEMENT_3D('',#3668,#3669,#3670);
#3668 = CARTESIAN_POINT('',(-0.725,0.3,0.75));
#3669 = DIRECTION('',(0.,-1.,0.));
#3670 = DIRECTION('',(1.,0.,0.));
#3671 = ADVANCED_FACE('',(#3672),#3683,.F.);
#3672 = FACE_BOUND('',#3673,.F.);
#3673 = EDGE_LOOP('',(#3674,#3675,#3676,#3682));
#3674 = ORIENTED_EDGE('',*,*,#3659,.F.);
#3675 = ORIENTED_EDGE('',*,*,#3083,.T.);
#3676 = ORIENTED_EDGE('',*,*,#3677,.F.);
#3677 = EDGE_CURVE('',#3478,#3076,#3678,.T.);
#3678 = LINE('',#3679,#3680);
#3679 = CARTESIAN_POINT('',(-0.725,0.4,0.375));
#3680 = VECTOR('',#3681,1.);
#3681 = DIRECTION('',(0.,0.,1.));
#3682 = ORIENTED_EDGE('',*,*,#3524,.T.);
#3683 = PLANE('',#3684);
#3684 = AXIS2_PLACEMENT_3D('',#3685,#3686,#3687);
#3685 = CARTESIAN_POINT('',(-0.725,0.5,0.75));
#3686 = DIRECTION('',(-1.,0.,0.));
#3687 = DIRECTION('',(0.,-1.,0.));
#3688 = ADVANCED_FACE('',(#3689),#3714,.F.);
#3689 = FACE_BOUND('',#3690,.F.);
#3690 = EDGE_LOOP('',(#3691,#3692,#3700,#3708));
#3691 = ORIENTED_EDGE('',*,*,#3067,.T.);
#3692 = ORIENTED_EDGE('',*,*,#3693,.T.);
#3693 = EDGE_CURVE('',#3060,#3694,#3696,.T.);
#3694 = VERTEX_POINT('',#3695);
#3695 = CARTESIAN_POINT('',(0.725,0.3,0.));
#3696 = LINE('',#3697,#3698);
#3697 = CARTESIAN_POINT('',(0.725,0.3,0.75));
#3698 = VECTOR('',#3699,1.);
#3699 = DIRECTION('',(-0.,-0.,-1.));
#3700 = ORIENTED_EDGE('',*,*,#3701,.T.);
#3701 = EDGE_CURVE('',#3694,#3702,#3704,.T.);
#3702 = VERTEX_POINT('',#3703);
#3703 = CARTESIAN_POINT('',(0.725,0.4,0.));
#3704 = LINE('',#3705,#3706);
#3705 = CARTESIAN_POINT('',(0.725,-5.E-02,0.));
#3706 = VECTOR('',#3707,1.);
#3707 = DIRECTION('',(0.,1.,0.));
#3708 = ORIENTED_EDGE('',*,*,#3709,.F.);
#3709 = EDGE_CURVE('',#3068,#3702,#3710,.T.);
#3710 = LINE('',#3711,#3712);
#3711 = CARTESIAN_POINT('',(0.725,0.4,0.375));
#3712 = VECTOR('',#3713,1.);
#3713 = DIRECTION('',(0.,0.,-1.));
#3714 = PLANE('',#3715);
#3715 = AXIS2_PLACEMENT_3D('',#3716,#3717,#3718);
#3716 = CARTESIAN_POINT('',(0.725,0.3,0.75));
#3717 = DIRECTION('',(1.,0.,0.));
#3718 = DIRECTION('',(-0.,1.,0.));
#3719 = ADVANCED_FACE('',(#3720),#3739,.F.);
#3720 = FACE_BOUND('',#3721,.F.);
#3721 = EDGE_LOOP('',(#3722,#3723,#3724,#3733));
#3722 = ORIENTED_EDGE('',*,*,#3693,.F.);
#3723 = ORIENTED_EDGE('',*,*,#3059,.T.);
#3724 = ORIENTED_EDGE('',*,*,#3725,.F.);
#3725 = EDGE_CURVE('',#3726,#3052,#3728,.T.);
#3726 = VERTEX_POINT('',#3727);
#3727 = CARTESIAN_POINT('',(0.53,0.3,-3.469446951954E-18));
#3728 = CIRCLE('',#3729,3.E-02);
#3729 = AXIS2_PLACEMENT_3D('',#3730,#3731,#3732);
#3730 = CARTESIAN_POINT('',(0.53,0.3,3.E-02));
#3731 = DIRECTION('',(0.,1.,-0.));
#3732 = DIRECTION('',(-1.,0.,0.));
#3733 = ORIENTED_EDGE('',*,*,#3734,.T.);
#3734 = EDGE_CURVE('',#3726,#3694,#3735,.T.);
#3735 = LINE('',#3736,#3737);
#3736 = CARTESIAN_POINT('',(-0.1125,0.3,0.));
#3737 = VECTOR('',#3738,1.);
#3738 = DIRECTION('',(1.,0.,0.));
#3739 = PLANE('',#3740);
#3740 = AXIS2_PLACEMENT_3D('',#3741,#3742,#3743);
#3741 = CARTESIAN_POINT('',(-0.725,0.3,0.75));
#3742 = DIRECTION('',(0.,-1.,0.));
#3743 = DIRECTION('',(1.,0.,0.));
#3744 = ADVANCED_FACE('',(#3745),#3764,.T.);
#3745 = FACE_BOUND('',#3746,.T.);
#3746 = EDGE_LOOP('',(#3747,#3748,#3756,#3763));
#3747 = ORIENTED_EDGE('',*,*,#3725,.F.);
#3748 = ORIENTED_EDGE('',*,*,#3749,.F.);
#3749 = EDGE_CURVE('',#3750,#3726,#3752,.T.);
#3750 = VERTEX_POINT('',#3751);
#3751 = CARTESIAN_POINT('',(0.53,-0.3,-3.469446951954E-18));
#3752 = LINE('',#3753,#3754);
#3753 = CARTESIAN_POINT('',(0.53,-0.4,-3.469446951954E-18));
#3754 = VECTOR('',#3755,1.);
#3755 = DIRECTION('',(0.,1.,0.));
#3756 = ORIENTED_EDGE('',*,*,#3757,.T.);
#3757 = EDGE_CURVE('',#3750,#3044,#3758,.T.);
#3758 = CIRCLE('',#3759,3.E-02);
#3759 = AXIS2_PLACEMENT_3D('',#3760,#3761,#3762);
#3760 = CARTESIAN_POINT('',(0.53,-0.3,3.E-02));
#3761 = DIRECTION('',(0.,1.,-0.));
#3762 = DIRECTION('',(-1.,0.,0.));
#3763 = ORIENTED_EDGE('',*,*,#3051,.T.);
#3764 = CYLINDRICAL_SURFACE('',#3765,3.E-02);
#3765 = AXIS2_PLACEMENT_3D('',#3766,#3767,#3768);
#3766 = CARTESIAN_POINT('',(0.53,-0.4,3.E-02));
#3767 = DIRECTION('',(0.,1.,0.));
#3768 = DIRECTION('',(-1.,0.,0.));
#3769 = ADVANCED_FACE('',(#3770),#3788,.F.);
#3770 = FACE_BOUND('',#3771,.F.);
#3771 = EDGE_LOOP('',(#3772,#3773,#3781,#3787));
#3772 = ORIENTED_EDGE('',*,*,#3043,.T.);
#3773 = ORIENTED_EDGE('',*,*,#3774,.T.);
#3774 = EDGE_CURVE('',#3036,#3775,#3777,.T.);
#3775 = VERTEX_POINT('',#3776);
#3776 = CARTESIAN_POINT('',(0.725,-0.3,0.));
#3777 = LINE('',#3778,#3779);
#3778 = CARTESIAN_POINT('',(0.725,-0.3,0.75));
#3779 = VECTOR('',#3780,1.);
#3780 = DIRECTION('',(-0.,-0.,-1.));
#3781 = ORIENTED_EDGE('',*,*,#3782,.T.);
#3782 = EDGE_CURVE('',#3775,#3750,#3783,.T.);
#3783 = LINE('',#3784,#3785);
#3784 = CARTESIAN_POINT('',(0.6125,-0.3,0.));
#3785 = VECTOR('',#3786,1.);
#3786 = DIRECTION('',(-1.,0.,0.));
#3787 = ORIENTED_EDGE('',*,*,#3757,.T.);
#3788 = PLANE('',#3789);
#3789 = AXIS2_PLACEMENT_3D('',#3790,#3791,#3792);
#3790 = CARTESIAN_POINT('',(0.725,-0.3,0.75));
#3791 = DIRECTION('',(0.,1.,0.));
#3792 = DIRECTION('',(-1.,0.,0.));
#3793 = ADVANCED_FACE('',(#3794),#3805,.F.);
#3794 = FACE_BOUND('',#3795,.F.);
#3795 = EDGE_LOOP('',(#3796,#3797,#3798,#3799));
#3796 = ORIENTED_EDGE('',*,*,#3774,.F.);
#3797 = ORIENTED_EDGE('',*,*,#3035,.T.);
#3798 = ORIENTED_EDGE('',*,*,#3157,.T.);
#3799 = ORIENTED_EDGE('',*,*,#3800,.T.);
#3800 = EDGE_CURVE('',#3148,#3775,#3801,.T.);
#3801 = LINE('',#3802,#3803);
#3802 = CARTESIAN_POINT('',(0.725,-0.45,0.));
#3803 = VECTOR('',#3804,1.);
#3804 = DIRECTION('',(0.,1.,0.));
#3805 = PLANE('',#3806);
#3806 = AXIS2_PLACEMENT_3D('',#3807,#3808,#3809);
#3807 = CARTESIAN_POINT('',(0.725,-0.5,0.75));
#3808 = DIRECTION('',(1.,0.,0.));
#3809 = DIRECTION('',(-0.,1.,0.));
#3810 = ADVANCED_FACE('',(#3811),#3836,.T.);
#3811 = FACE_BOUND('',#3812,.T.);
#3812 = EDGE_LOOP('',(#3813,#3821,#3822,#3830));
#3813 = ORIENTED_EDGE('',*,*,#3814,.T.);
#3814 = EDGE_CURVE('',#3815,#3116,#3817,.T.);
#3815 = VERTEX_POINT('',#3816);
#3816 = CARTESIAN_POINT('',(0.277128129211,0.32,1.5E-02));
#3817 = LINE('',#3818,#3819);
#3818 = CARTESIAN_POINT('',(0.277128129211,0.32,1.5E-02));
#3819 = VECTOR('',#3820,1.);
#3820 = DIRECTION('',(0.,0.,1.));
#3821 = ORIENTED_EDGE('',*,*,#3115,.T.);
#3822 = ORIENTED_EDGE('',*,*,#3823,.F.);
#3823 = EDGE_CURVE('',#3824,#3118,#3826,.T.);
#3824 = VERTEX_POINT('',#3825);
#3825 = CARTESIAN_POINT('',(0.277128129211,-0.32,1.5E-02));
#3826 = LINE('',#3827,#3828);
#3827 = CARTESIAN_POINT('',(0.277128129211,-0.32,1.5E-02));
#3828 = VECTOR('',#3829,1.);
#3829 = DIRECTION('',(0.,0.,1.));
#3830 = ORIENTED_EDGE('',*,*,#3831,.F.);
#3831 = EDGE_CURVE('',#3815,#3824,#3832,.T.);
#3832 = LINE('',#3833,#3834);
#3833 = CARTESIAN_POINT('',(0.277128129211,0.32,1.5E-02));
#3834 = VECTOR('',#3835,1.);
#3835 = DIRECTION('',(0.,-1.,0.));
#3836 = PLANE('',#3837);
#3837 = AXIS2_PLACEMENT_3D('',#3838,#3839,#3840);
#3838 = CARTESIAN_POINT('',(0.277128129211,0.32,1.5E-02));
#3839 = DIRECTION('',(1.,0.,0.));
#3840 = DIRECTION('',(0.,-1.,0.));
#3841 = ADVANCED_FACE('',(#3842),#3860,.T.);
#3842 = FACE_BOUND('',#3843,.T.);
#3843 = EDGE_LOOP('',(#3844,#3852,#3853,#3854));
#3844 = ORIENTED_EDGE('',*,*,#3845,.T.);
#3845 = EDGE_CURVE('',#3846,#3126,#3848,.T.);
#3846 = VERTEX_POINT('',#3847);
#3847 = CARTESIAN_POINT('',(-0.277128129211,0.,1.5E-02));
#3848 = LINE('',#3849,#3850);
#3849 = CARTESIAN_POINT('',(-0.277128129211,0.,1.5E-02));
#3850 = VECTOR('',#3851,1.);
#3851 = DIRECTION('',(0.,0.,1.));
#3852 = ORIENTED_EDGE('',*,*,#3133,.T.);
#3853 = ORIENTED_EDGE('',*,*,#3814,.F.);
#3854 = ORIENTED_EDGE('',*,*,#3855,.F.);
#3855 = EDGE_CURVE('',#3846,#3815,#3856,.T.);
#3856 = LINE('',#3857,#3858);
#3857 = CARTESIAN_POINT('',(-0.277128129211,0.,1.5E-02));
#3858 = VECTOR('',#3859,1.);
#3859 = DIRECTION('',(0.866025403784,0.5,0.));
#3860 = PLANE('',#3861);
#3861 = AXIS2_PLACEMENT_3D('',#3862,#3863,#3864);
#3862 = CARTESIAN_POINT('',(-0.277128129211,0.,1.5E-02));
#3863 = DIRECTION('',(-0.5,0.866025403784,0.));
#3864 = DIRECTION('',(0.866025403784,0.5,0.));
#3865 = ADVANCED_FACE('',(#3866),#3877,.T.);
#3866 = FACE_BOUND('',#3867,.T.);
#3867 = EDGE_LOOP('',(#3868,#3869,#3870,#3871));
#3868 = ORIENTED_EDGE('',*,*,#3823,.T.);
#3869 = ORIENTED_EDGE('',*,*,#3125,.T.);
#3870 = ORIENTED_EDGE('',*,*,#3845,.F.);
#3871 = ORIENTED_EDGE('',*,*,#3872,.F.);
#3872 = EDGE_CURVE('',#3824,#3846,#3873,.T.);
#3873 = LINE('',#3874,#3875);
#3874 = CARTESIAN_POINT('',(0.277128129211,-0.32,1.5E-02));
#3875 = VECTOR('',#3876,1.);
#3876 = DIRECTION('',(-0.866025403784,0.5,0.));
#3877 = PLANE('',#3878);
#3878 = AXIS2_PLACEMENT_3D('',#3879,#3880,#3881);
#3879 = CARTESIAN_POINT('',(0.277128129211,-0.32,1.5E-02));
#3880 = DIRECTION('',(-0.5,-0.866025403784,0.));
#3881 = DIRECTION('',(-0.866025403784,0.5,0.));
#3882 = ADVANCED_FACE('',(#3883),#3905,.F.);
#3883 = FACE_BOUND('',#3884,.F.);
#3884 = EDGE_LOOP('',(#3885,#3893,#3894,#3895,#3896,#3897,#3898,#3899));
#3885 = ORIENTED_EDGE('',*,*,#3886,.F.);
#3886 = EDGE_CURVE('',#3702,#3887,#3889,.T.);
#3887 = VERTEX_POINT('',#3888);
#3888 = CARTESIAN_POINT('',(0.77,0.4,-3.469446951954E-18));
#3889 = LINE('',#3890,#3891);
#3890 = CARTESIAN_POINT('',(0.5,0.4,0.));
#3891 = VECTOR('',#3892,1.);
#3892 = DIRECTION('',(1.,0.,0.));
#3893 = ORIENTED_EDGE('',*,*,#3701,.F.);
#3894 = ORIENTED_EDGE('',*,*,#3734,.F.);
#3895 = ORIENTED_EDGE('',*,*,#3749,.F.);
#3896 = ORIENTED_EDGE('',*,*,#3782,.F.);
#3897 = ORIENTED_EDGE('',*,*,#3800,.F.);
#3898 = ORIENTED_EDGE('',*,*,#3147,.T.);
#3899 = ORIENTED_EDGE('',*,*,#3900,.T.);
#3900 = EDGE_CURVE('',#3150,#3887,#3901,.T.);
#3901 = LINE('',#3902,#3903);
#3902 = CARTESIAN_POINT('',(0.77,-0.4,-3.469446951954E-18));
#3903 = VECTOR('',#3904,1.);
#3904 = DIRECTION('',(0.,1.,0.));
#3905 = PLANE('',#3906);
#3906 = AXIS2_PLACEMENT_3D('',#3907,#3908,#3909);
#3907 = CARTESIAN_POINT('',(0.5,-0.4,0.));
#3908 = DIRECTION('',(0.,0.,1.));
#3909 = DIRECTION('',(1.,0.,-0.));
#3910 = ADVANCED_FACE('',(#3911),#3930,.T.);
#3911 = FACE_BOUND('',#3912,.T.);
#3912 = EDGE_LOOP('',(#3913,#3914,#3915,#3924));
#3913 = ORIENTED_EDGE('',*,*,#3199,.T.);
#3914 = ORIENTED_EDGE('',*,*,#3900,.T.);
#3915 = ORIENTED_EDGE('',*,*,#3916,.F.);
#3916 = EDGE_CURVE('',#3917,#3887,#3919,.T.);
#3917 = VERTEX_POINT('',#3918);
#3918 = CARTESIAN_POINT('',(0.8,0.4,3.E-02));
#3919 = CIRCLE('',#3920,3.E-02);
#3920 = AXIS2_PLACEMENT_3D('',#3921,#3922,#3923);
#3921 = CARTESIAN_POINT('',(0.77,0.4,3.E-02));
#3922 = DIRECTION('',(0.,1.,0.));
#3923 = DIRECTION('',(0.,-0.,1.));
#3924 = ORIENTED_EDGE('',*,*,#3925,.F.);
#3925 = EDGE_CURVE('',#3192,#3917,#3926,.T.);
#3926 = LINE('',#3927,#3928);
#3927 = CARTESIAN_POINT('',(0.8,-0.4,3.E-02));
#3928 = VECTOR('',#3929,1.);
#3929 = DIRECTION('',(0.,1.,0.));
#3930 = CYLINDRICAL_SURFACE('',#3931,3.E-02);
#3931 = AXIS2_PLACEMENT_3D('',#3932,#3933,#3934);
#3932 = CARTESIAN_POINT('',(0.77,-0.4,3.E-02));
#3933 = DIRECTION('',(0.,1.,0.));
#3934 = DIRECTION('',(1.,0.,0.));
#3935 = ADVANCED_FACE('',(#3936),#3954,.T.);
#3936 = FACE_BOUND('',#3937,.T.);
#3937 = EDGE_LOOP('',(#3938,#3939,#3940,#3948));
#3938 = ORIENTED_EDGE('',*,*,#3191,.F.);
#3939 = ORIENTED_EDGE('',*,*,#3925,.T.);
#3940 = ORIENTED_EDGE('',*,*,#3941,.T.);
#3941 = EDGE_CURVE('',#3917,#3942,#3944,.T.);
#3942 = VERTEX_POINT('',#3943);
#3943 = CARTESIAN_POINT('',(0.8,0.4,0.47));
#3944 = LINE('',#3945,#3946);
#3945 = CARTESIAN_POINT('',(0.8,0.4,0.));
#3946 = VECTOR('',#3947,1.);
#3947 = DIRECTION('',(0.,0.,1.));
#3948 = ORIENTED_EDGE('',*,*,#3949,.F.);
#3949 = EDGE_CURVE('',#3183,#3942,#3950,.T.);
#3950 = LINE('',#3951,#3952);
#3951 = CARTESIAN_POINT('',(0.8,-0.4,0.47));
#3952 = VECTOR('',#3953,1.);
#3953 = DIRECTION('',(0.,1.,0.));
#3954 = PLANE('',#3955);
#3955 = AXIS2_PLACEMENT_3D('',#3956,#3957,#3958);
#3956 = CARTESIAN_POINT('',(0.8,-0.4,0.));
#3957 = DIRECTION('',(1.,0.,0.));
#3958 = DIRECTION('',(0.,0.,1.));
#3959 = ADVANCED_FACE('',(#3960),#3979,.T.);
#3960 = FACE_BOUND('',#3961,.T.);
#3961 = EDGE_LOOP('',(#3962,#3963,#3972,#3978));
#3962 = ORIENTED_EDGE('',*,*,#3949,.T.);
#3963 = ORIENTED_EDGE('',*,*,#3964,.T.);
#3964 = EDGE_CURVE('',#3942,#3965,#3967,.T.);
#3965 = VERTEX_POINT('',#3966);
#3966 = CARTESIAN_POINT('',(0.77,0.4,0.5));
#3967 = CIRCLE('',#3968,3.E-02);
#3968 = AXIS2_PLACEMENT_3D('',#3969,#3970,#3971);
#3969 = CARTESIAN_POINT('',(0.77,0.4,0.47));
#3970 = DIRECTION('',(0.,-1.,0.));
#3971 = DIRECTION('',(0.,0.,1.));
#3972 = ORIENTED_EDGE('',*,*,#3973,.F.);
#3973 = EDGE_CURVE('',#3175,#3965,#3974,.T.);
#3974 = LINE('',#3975,#3976);
#3975 = CARTESIAN_POINT('',(0.77,-0.4,0.5));
#3976 = VECTOR('',#3977,1.);
#3977 = DIRECTION('',(0.,1.,0.));
#3978 = ORIENTED_EDGE('',*,*,#3182,.F.);
#3979 = CYLINDRICAL_SURFACE('',#3980,3.E-02);
#3980 = AXIS2_PLACEMENT_3D('',#3981,#3982,#3983);
#3981 = CARTESIAN_POINT('',(0.77,-0.4,0.47));
#3982 = DIRECTION('',(0.,1.,0.));
#3983 = DIRECTION('',(1.,0.,0.));
#3984 = ADVANCED_FACE('',(#3985),#4026,.T.);
#3985 = FACE_BOUND('',#3986,.T.);
#3986 = EDGE_LOOP('',(#3987,#3995,#4003,#4009,#4010,#4018,#4024,#4025));
#3987 = ORIENTED_EDGE('',*,*,#3988,.F.);
#3988 = EDGE_CURVE('',#3989,#3965,#3991,.T.);
#3989 = VERTEX_POINT('',#3990);
#3990 = CARTESIAN_POINT('',(0.725,0.4,0.5));
#3991 = LINE('',#3992,#3993);
#3992 = CARTESIAN_POINT('',(0.5,0.4,0.5));
#3993 = VECTOR('',#3994,1.);
#3994 = DIRECTION('',(1.,0.,0.));
#3995 = ORIENTED_EDGE('',*,*,#3996,.F.);
#3996 = EDGE_CURVE('',#3997,#3989,#3999,.T.);
#3997 = VERTEX_POINT('',#3998);
#3998 = CARTESIAN_POINT('',(0.725,0.3,0.5));
#3999 = LINE('',#4000,#4001);
#4000 = CARTESIAN_POINT('',(0.725,-5.E-02,0.5));
#4001 = VECTOR('',#4002,1.);
#4002 = DIRECTION('',(0.,1.,0.));
#4003 = ORIENTED_EDGE('',*,*,#4004,.F.);
#4004 = EDGE_CURVE('',#3280,#3997,#4005,.T.);
#4005 = LINE('',#4006,#4007);
#4006 = CARTESIAN_POINT('',(-0.1125,0.3,0.5));
#4007 = VECTOR('',#4008,1.);
#4008 = DIRECTION('',(1.,0.,0.));
#4009 = ORIENTED_EDGE('',*,*,#3279,.F.);
#4010 = ORIENTED_EDGE('',*,*,#4011,.F.);
#4011 = EDGE_CURVE('',#4012,#3271,#4014,.T.);
#4012 = VERTEX_POINT('',#4013);
#4013 = CARTESIAN_POINT('',(0.725,-0.3,0.5));
#4014 = LINE('',#4015,#4016);
#4015 = CARTESIAN_POINT('',(0.6125,-0.3,0.5));
#4016 = VECTOR('',#4017,1.);
#4017 = DIRECTION('',(-1.,0.,0.));
#4018 = ORIENTED_EDGE('',*,*,#4019,.F.);
#4019 = EDGE_CURVE('',#3167,#4012,#4020,.T.);
#4020 = LINE('',#4021,#4022);
#4021 = CARTESIAN_POINT('',(0.725,-0.45,0.5));
#4022 = VECTOR('',#4023,1.);
#4023 = DIRECTION('',(0.,1.,0.));
#4024 = ORIENTED_EDGE('',*,*,#3174,.T.);
#4025 = ORIENTED_EDGE('',*,*,#3973,.T.);
#4026 = PLANE('',#4027);
#4027 = AXIS2_PLACEMENT_3D('',#4028,#4029,#4030);
#4028 = CARTESIAN_POINT('',(0.5,-0.4,0.5));
#4029 = DIRECTION('',(0.,0.,1.));
#4030 = DIRECTION('',(1.,0.,-0.));
#4031 = ADVANCED_FACE('',(#4032),#4043,.F.);
#4032 = FACE_BOUND('',#4033,.F.);
#4033 = EDGE_LOOP('',(#4034,#4040,#4041,#4042));
#4034 = ORIENTED_EDGE('',*,*,#4035,.F.);
#4035 = EDGE_CURVE('',#4012,#3215,#4036,.T.);
#4036 = LINE('',#4037,#4038);
#4037 = CARTESIAN_POINT('',(0.725,-0.3,0.75));
#4038 = VECTOR('',#4039,1.);
#4039 = DIRECTION('',(-0.,-0.,-1.));
#4040 = ORIENTED_EDGE('',*,*,#4019,.F.);
#4041 = ORIENTED_EDGE('',*,*,#3166,.T.);
#4042 = ORIENTED_EDGE('',*,*,#3224,.F.);
#4043 = PLANE('',#4044);
#4044 = AXIS2_PLACEMENT_3D('',#4045,#4046,#4047);
#4045 = CARTESIAN_POINT('',(0.725,-0.5,0.75));
#4046 = DIRECTION('',(1.,0.,0.));
#4047 = DIRECTION('',(-0.,1.,0.));
#4048 = ADVANCED_FACE('',(#4049),#4055,.F.);
#4049 = FACE_BOUND('',#4050,.F.);
#4050 = EDGE_LOOP('',(#4051,#4052,#4053,#4054));
#4051 = ORIENTED_EDGE('',*,*,#4011,.F.);
#4052 = ORIENTED_EDGE('',*,*,#4035,.T.);
#4053 = ORIENTED_EDGE('',*,*,#3214,.F.);
#4054 = ORIENTED_EDGE('',*,*,#3270,.T.);
#4055 = PLANE('',#4056);
#4056 = AXIS2_PLACEMENT_3D('',#4057,#4058,#4059);
#4057 = CARTESIAN_POINT('',(0.725,-0.3,0.75));
#4058 = DIRECTION('',(0.,1.,0.));
#4059 = DIRECTION('',(-1.,0.,0.));
#4060 = ADVANCED_FACE('',(#4061),#4077,.F.);
#4061 = FACE_BOUND('',#4062,.F.);
#4062 = EDGE_LOOP('',(#4063,#4064,#4070,#4071));
#4063 = ORIENTED_EDGE('',*,*,#3996,.F.);
#4064 = ORIENTED_EDGE('',*,*,#4065,.T.);
#4065 = EDGE_CURVE('',#3997,#3248,#4066,.T.);
#4066 = LINE('',#4067,#4068);
#4067 = CARTESIAN_POINT('',(0.725,0.3,0.75));
#4068 = VECTOR('',#4069,1.);
#4069 = DIRECTION('',(-0.,-0.,-1.));
#4070 = ORIENTED_EDGE('',*,*,#3255,.F.);
#4071 = ORIENTED_EDGE('',*,*,#4072,.F.);
#4072 = EDGE_CURVE('',#3989,#3239,#4073,.T.);
#4073 = LINE('',#4074,#4075);
#4074 = CARTESIAN_POINT('',(0.725,0.4,0.375));
#4075 = VECTOR('',#4076,1.);
#4076 = DIRECTION('',(0.,0.,-1.));
#4077 = PLANE('',#4078);
#4078 = AXIS2_PLACEMENT_3D('',#4079,#4080,#4081);
#4079 = CARTESIAN_POINT('',(0.725,0.3,0.75));
#4080 = DIRECTION('',(1.,0.,0.));
#4081 = DIRECTION('',(-0.,1.,0.));
#4082 = ADVANCED_FACE('',(#4083),#4089,.F.);
#4083 = FACE_BOUND('',#4084,.F.);
#4084 = EDGE_LOOP('',(#4085,#4086,#4087,#4088));
#4085 = ORIENTED_EDGE('',*,*,#4065,.F.);
#4086 = ORIENTED_EDGE('',*,*,#4004,.F.);
#4087 = ORIENTED_EDGE('',*,*,#3287,.F.);
#4088 = ORIENTED_EDGE('',*,*,#3247,.F.);
#4089 = PLANE('',#4090);
#4090 = AXIS2_PLACEMENT_3D('',#4091,#4092,#4093);
#4091 = CARTESIAN_POINT('',(-0.725,0.3,0.75));
#4092 = DIRECTION('',(0.,-1.,0.));
#4093 = DIRECTION('',(1.,0.,0.));
#4094 = ADVANCED_FACE('',(#4095),#4107,.T.);
#4095 = FACE_BOUND('',#4096,.T.);
#4096 = EDGE_LOOP('',(#4097,#4098,#4099,#4100,#4101,#4102,#4103,#4104,
    #4105,#4106));
#4097 = ORIENTED_EDGE('',*,*,#3475,.F.);
#4098 = ORIENTED_EDGE('',*,*,#3546,.F.);
#4099 = ORIENTED_EDGE('',*,*,#3582,.T.);
#4100 = ORIENTED_EDGE('',*,*,#3606,.T.);
#4101 = ORIENTED_EDGE('',*,*,#3430,.T.);
#4102 = ORIENTED_EDGE('',*,*,#3391,.F.);
#4103 = ORIENTED_EDGE('',*,*,#3318,.F.);
#4104 = ORIENTED_EDGE('',*,*,#3310,.F.);
#4105 = ORIENTED_EDGE('',*,*,#3302,.T.);
#4106 = ORIENTED_EDGE('',*,*,#3677,.F.);
#4107 = PLANE('',#4108);
#4108 = AXIS2_PLACEMENT_3D('',#4109,#4110,#4111);
#4109 = CARTESIAN_POINT('',(-0.8,0.4,0.));
#4110 = DIRECTION('',(0.,1.,0.));
#4111 = DIRECTION('',(0.,-0.,1.));
#4112 = ADVANCED_FACE('',(#4113),#4125,.T.);
#4113 = FACE_BOUND('',#4114,.T.);
#4114 = EDGE_LOOP('',(#4115,#4116,#4117,#4118,#4119,#4120,#4121,#4122,
    #4123,#4124));
#4115 = ORIENTED_EDGE('',*,*,#3886,.F.);
#4116 = ORIENTED_EDGE('',*,*,#3709,.F.);
#4117 = ORIENTED_EDGE('',*,*,#3343,.T.);
#4118 = ORIENTED_EDGE('',*,*,#3335,.T.);
#4119 = ORIENTED_EDGE('',*,*,#3327,.F.);
#4120 = ORIENTED_EDGE('',*,*,#4072,.F.);
#4121 = ORIENTED_EDGE('',*,*,#3988,.T.);
#4122 = ORIENTED_EDGE('',*,*,#3964,.F.);
#4123 = ORIENTED_EDGE('',*,*,#3941,.F.);
#4124 = ORIENTED_EDGE('',*,*,#3916,.T.);
#4125 = PLANE('',#4126);
#4126 = AXIS2_PLACEMENT_3D('',#4127,#4128,#4129);
#4127 = CARTESIAN_POINT('',(0.5,0.4,0.));
#4128 = DIRECTION('',(0.,1.,0.));
#4129 = DIRECTION('',(0.,-0.,1.));
#4130 = ADVANCED_FACE('',(#4131),#4136,.T.);
#4131 = FACE_BOUND('',#4132,.T.);
#4132 = EDGE_LOOP('',(#4133,#4134,#4135));
#4133 = ORIENTED_EDGE('',*,*,#3855,.T.);
#4134 = ORIENTED_EDGE('',*,*,#3831,.T.);
#4135 = ORIENTED_EDGE('',*,*,#3872,.T.);
#4136 = PLANE('',#4137);
#4137 = AXIS2_PLACEMENT_3D('',#4138,#4139,#4140);
#4138 = CARTESIAN_POINT('',(9.237604307034E-02,0.,1.5E-02));
#4139 = DIRECTION('',(-0.,-0.,-1.));
#4140 = DIRECTION('',(-1.,0.,0.));
#4141 = ( GEOMETRIC_REPRESENTATION_CONTEXT(3) 
GLOBAL_UNCERTAINTY_ASSIGNED_CONTEXT((#4145)) 
GLOBAL_UNIT_ASSIGNED_CONTEXT((#4142,#4143,#4144)) REPRESENTATION_CONTEXT
('Context #1','3D Context with UNIT and UNCERTAINTY') );
#4142 = ( LENGTH_UNIT() NAMED_UNIT(*) SI_UNIT(.MILLI.,.METRE.) );
#4143 = ( NAMED_UNIT(*) PLANE_ANGLE_UNIT() SI_UNIT($,.RADIAN.) );
#4144 = ( NAMED_UNIT(*) SI_UNIT($,.STERADIAN.) SOLID_ANGLE_UNIT() );
#4145 = UNCERTAINTY_MEASURE_WITH_UNIT(LENGTH_MEASURE(1.E-07),#4142,
  'distance_accuracy_value','confusion accuracy');
#4146 = CONTEXT_DEPENDENT_SHAPE_REPRESENTATION(#4147,#4149);
#4147 = ( REPRESENTATION_RELATIONSHIP('','',#2617,#2594) 
REPRESENTATION_RELATIONSHIP_WITH_TRANSFORMATION(#4148) 
SHAPE_REPRESENTATION_RELATIONSHIP() );
#4148 = ITEM_DEFINED_TRANSFORMATION('','',#11,#2595);
#4149 = PRODUCT_DEFINITION_SHAPE('Placement','Placement of an item',
  #4150);
#4150 = NEXT_ASSEMBLY_USAGE_OCCURRENCE('7','=>[0:1:1:7]','',#2589,#2612,
  $);
#4151 = PRODUCT_RELATED_PRODUCT_CATEGORY('part',$,(#2614));
#4152 = SHAPE_DEFINITION_REPRESENTATION(#4153,#4159);
#4153 = PRODUCT_DEFINITION_SHAPE('','',#4154);
#4154 = PRODUCT_DEFINITION('design','',#4155,#4158);
#4155 = PRODUCT_DEFINITION_FORMATION('','',#4156);
#4156 = PRODUCT('UQFN-20-1EP_3x3mm_P0.4mm_EP1.85x1.85mm',
  'UQFN-20-1EP_3x3mm_P0.4mm_EP1.85x1.85mm','',(#4157));
#4157 = PRODUCT_CONTEXT('',#2,'mechanical');
#4158 = PRODUCT_DEFINITION_CONTEXT('part definition',#2,'design');
#4159 = SHAPE_REPRESENTATION('',(#11,#4160),#4164);
#4160 = AXIS2_PLACEMENT_3D('',#4161,#4162,#4163);
#4161 = CARTESIAN_POINT('',(0.,0.,0.));
#4162 = DIRECTION('',(0.,0.,1.));
#4163 = DIRECTION('',(1.,0.,-0.));
#4164 = ( GEOMETRIC_REPRESENTATION_CONTEXT(3) 
GLOBAL_UNCERTAINTY_ASSIGNED_CONTEXT((#4168)) 
GLOBAL_UNIT_ASSIGNED_CONTEXT((#4165,#4166,#4167)) REPRESENTATION_CONTEXT
('Context #1','3D Context with UNIT and UNCERTAINTY') );
#4165 = ( LENGTH_UNIT() NAMED_UNIT(*) SI_UNIT(.MILLI.,.METRE.) );
#4166 = ( NAMED_UNIT(*) PLANE_ANGLE_UNIT() SI_UNIT($,.RADIAN.) );
#4167 = ( NAMED_UNIT(*) SI_UNIT($,.STERADIAN.) SOLID_ANGLE_UNIT() );
#4168 = UNCERTAINTY_MEASURE_WITH_UNIT(LENGTH_MEASURE(1.E-07),#4165,
  'distance_accuracy_value','confusion accuracy');
#4169 = CONTEXT_DEPENDENT_SHAPE_REPRESENTATION(#4170,#4172);
#4170 = ( REPRESENTATION_RELATIONSHIP('','',#4159,#10) 
REPRESENTATION_RELATIONSHIP_WITH_TRANSFORMATION(#4171) 
SHAPE_REPRESENTATION_RELATIONSHIP() );
#4171 = ITEM_DEFINED_TRANSFORMATION('','',#11,#35);
#4172 = PRODUCT_DEFINITION_SHAPE('Placement','Placement of an item',
  #4173);
#4173 = NEXT_ASSEMBLY_USAGE_OCCURRENCE('10','U4','',#5,#4154,$);
#4174 = PRODUCT_RELATED_PRODUCT_CATEGORY('part',$,(#4156));
#4175 = SHAPE_DEFINITION_REPRESENTATION(#4176,#4182);
#4176 = PRODUCT_DEFINITION_SHAPE('','',#4177);
#4177 = PRODUCT_DEFINITION('design','',#4178,#4181);
#4178 = PRODUCT_DEFINITION_FORMATION('','',#4179);
#4179 = PRODUCT('UQFN-20-1EP_3x3mm_Pitch0.4mm',
  'UQFN-20-1EP_3x3mm_Pitch0.4mm','',(#4180));
#4180 = PRODUCT_CONTEXT('',#2,'mechanical');
#4181 = PRODUCT_DEFINITION_CONTEXT('part definition',#2,'design');
#4182 = ADVANCED_BREP_SHAPE_REPRESENTATION('',(#11,#4183),#8553);
#4183 = MANIFOLD_SOLID_BREP('',#4184);
#4184 = CLOSED_SHELL('',(#4185,#4226,#4273,#4298,#4338,#4355,#5073,#5205
    ,#5217,#5356,#5495,#5535,#5575,#5600,#5625,#5658,#5691,#5731,#5771,
    #5796,#5821,#5854,#5887,#5927,#5967,#5992,#6017,#6050,#6083,#6123,
    #6163,#6188,#6213,#6246,#6279,#6319,#6359,#6384,#6409,#6442,#6475,
    #6607,#6647,#6687,#6712,#6737,#6770,#6803,#6843,#6883,#6908,#6933,
    #6966,#6999,#7039,#7079,#7104,#7129,#7162,#7195,#7235,#7275,#7300,
    #7325,#7358,#7391,#7431,#7456,#7489,#7520,#7544,#7568,#7592,#7609,
    #7632,#7649,#7666,#7683,#7700,#7717,#7734,#7751,#7768,#7785,#7802,
    #7819,#7836,#7853,#7870,#7887,#7899,#7916,#7928,#7945,#7957,#7974,
    #7986,#8003,#8015,#8032,#8044,#8061,#8073,#8090,#8102,#8119,#8131,
    #8148,#8160,#8177,#8194,#8211,#8228,#8245,#8262,#8274,#8291,#8303,
    #8320,#8332,#8349,#8361,#8378,#8390,#8407,#8419,#8436,#8448,#8465,
    #8477,#8494,#8506,#8519,#8544));
#4185 = ADVANCED_FACE('',(#4186),#4221,.T.);
#4186 = FACE_BOUND('',#4187,.F.);
#4187 = EDGE_LOOP('',(#4188,#4198,#4207,#4215));
#4188 = ORIENTED_EDGE('',*,*,#4189,.T.);
#4189 = EDGE_CURVE('',#4190,#4192,#4194,.T.);
#4190 = VERTEX_POINT('',#4191);
#4191 = CARTESIAN_POINT('',(1.5,-0.7,0.));
#4192 = VERTEX_POINT('',#4193);
#4193 = CARTESIAN_POINT('',(1.2,-0.7,0.));
#4194 = LINE('',#4195,#4196);
#4195 = CARTESIAN_POINT('',(1.5,-0.7,0.));
#4196 = VECTOR('',#4197,1.);
#4197 = DIRECTION('',(-1.,3.445092848398E-16,0.));
#4198 = ORIENTED_EDGE('',*,*,#4199,.T.);
#4199 = EDGE_CURVE('',#4192,#4200,#4202,.T.);
#4200 = VERTEX_POINT('',#4201);
#4201 = CARTESIAN_POINT('',(1.2,-0.9,0.));
#4202 = CIRCLE('',#4203,0.1);
#4203 = AXIS2_PLACEMENT_3D('',#4204,#4205,#4206);
#4204 = CARTESIAN_POINT('',(1.2,-0.8,0.));
#4205 = DIRECTION('',(0.,0.,1.));
#4206 = DIRECTION('',(-2.106022274728E-16,1.,0.));
#4207 = ORIENTED_EDGE('',*,*,#4208,.T.);
#4208 = EDGE_CURVE('',#4200,#4209,#4211,.T.);
#4209 = VERTEX_POINT('',#4210);
#4210 = CARTESIAN_POINT('',(1.5,-0.9,0.));
#4211 = LINE('',#4212,#4213);
#4212 = CARTESIAN_POINT('',(1.2,-0.9,0.));
#4213 = VECTOR('',#4214,1.);
#4214 = DIRECTION('',(1.,-2.982499921471E-16,0.));
#4215 = ORIENTED_EDGE('',*,*,#4216,.T.);
#4216 = EDGE_CURVE('',#4209,#4190,#4217,.T.);
#4217 = LINE('',#4218,#4219);
#4218 = CARTESIAN_POINT('',(1.5,-0.9,0.));
#4219 = VECTOR('',#4220,1.);
#4220 = DIRECTION('',(3.445092848398E-16,1.,0.));
#4221 = PLANE('',#4222);
#4222 = AXIS2_PLACEMENT_3D('',#4223,#4224,#4225);
#4223 = CARTESIAN_POINT('',(1.5,-0.7,0.));
#4224 = DIRECTION('',(0.,0.,-1.));
#4225 = DIRECTION('',(-3.445092848398E-16,-1.,-0.));
#4226 = ADVANCED_FACE('',(#4227),#4268,.F.);
#4227 = FACE_BOUND('',#4228,.F.);
#4228 = EDGE_LOOP('',(#4229,#4230,#4238,#4246,#4254,#4262));
#4229 = ORIENTED_EDGE('',*,*,#4189,.F.);
#4230 = ORIENTED_EDGE('',*,*,#4231,.T.);
#4231 = EDGE_CURVE('',#4190,#4232,#4234,.T.);
#4232 = VERTEX_POINT('',#4233);
#4233 = CARTESIAN_POINT('',(1.5,-0.7,0.2));
#4234 = LINE('',#4235,#4236);
#4235 = CARTESIAN_POINT('',(1.5,-0.7,0.));
#4236 = VECTOR('',#4237,1.);
#4237 = DIRECTION('',(0.,0.,1.));
#4238 = ORIENTED_EDGE('',*,*,#4239,.T.);
#4239 = EDGE_CURVE('',#4232,#4240,#4242,.T.);
#4240 = VERTEX_POINT('',#4241);
#4241 = CARTESIAN_POINT('',(1.49,-0.7,0.2));
#4242 = LINE('',#4243,#4244);
#4243 = CARTESIAN_POINT('',(1.5,-0.7,0.2));
#4244 = VECTOR('',#4245,1.);
#4245 = DIRECTION('',(-1.,3.445092848398E-16,0.));
#4246 = ORIENTED_EDGE('',*,*,#4247,.T.);
#4247 = EDGE_CURVE('',#4240,#4248,#4250,.T.);
#4248 = VERTEX_POINT('',#4249);
#4249 = CARTESIAN_POINT('',(1.49,-0.7,2.E-02));
#4250 = LINE('',#4251,#4252);
#4251 = CARTESIAN_POINT('',(1.49,-0.7,1.E-02));
#4252 = VECTOR('',#4253,1.);
#4253 = DIRECTION('',(0.,-0.,-1.));
#4254 = ORIENTED_EDGE('',*,*,#4255,.F.);
#4255 = EDGE_CURVE('',#4256,#4248,#4258,.T.);
#4256 = VERTEX_POINT('',#4257);
#4257 = CARTESIAN_POINT('',(1.2,-0.7,2.E-02));
#4258 = LINE('',#4259,#4260);
#4259 = CARTESIAN_POINT('',(5.E-03,-0.7,2.E-02));
#4260 = VECTOR('',#4261,1.);
#4261 = DIRECTION('',(1.,-3.445092848398E-16,0.));
#4262 = ORIENTED_EDGE('',*,*,#4263,.F.);
#4263 = EDGE_CURVE('',#4192,#4256,#4264,.T.);
#4264 = LINE('',#4265,#4266);
#4265 = CARTESIAN_POINT('',(1.2,-0.7,0.));
#4266 = VECTOR('',#4267,1.);
#4267 = DIRECTION('',(0.,0.,1.));
#4268 = PLANE('',#4269);
#4269 = AXIS2_PLACEMENT_3D('',#4270,#4271,#4272);
#4270 = CARTESIAN_POINT('',(1.5,-0.7,0.));
#4271 = DIRECTION('',(-3.445092848398E-16,-1.,0.));
#4272 = DIRECTION('',(-1.,3.445092848398E-16,0.));
#4273 = ADVANCED_FACE('',(#4274),#4293,.T.);
#4274 = FACE_BOUND('',#4275,.T.);
#4275 = EDGE_LOOP('',(#4276,#4284,#4291,#4292));
#4276 = ORIENTED_EDGE('',*,*,#4277,.T.);
#4277 = EDGE_CURVE('',#4200,#4278,#4280,.T.);
#4278 = VERTEX_POINT('',#4279);
#4279 = CARTESIAN_POINT('',(1.2,-0.9,2.E-02));
#4280 = LINE('',#4281,#4282);
#4281 = CARTESIAN_POINT('',(1.2,-0.9,0.));
#4282 = VECTOR('',#4283,1.);
#4283 = DIRECTION('',(0.,0.,1.));
#4284 = ORIENTED_EDGE('',*,*,#4285,.T.);
#4285 = EDGE_CURVE('',#4278,#4256,#4286,.T.);
#4286 = CIRCLE('',#4287,0.1);
#4287 = AXIS2_PLACEMENT_3D('',#4288,#4289,#4290);
#4288 = CARTESIAN_POINT('',(1.2,-0.8,2.E-02));
#4289 = DIRECTION('',(0.,0.,-1.));
#4290 = DIRECTION('',(-2.106022274728E-16,1.,0.));
#4291 = ORIENTED_EDGE('',*,*,#4263,.F.);
#4292 = ORIENTED_EDGE('',*,*,#4199,.T.);
#4293 = CYLINDRICAL_SURFACE('',#4294,0.1);
#4294 = AXIS2_PLACEMENT_3D('',#4295,#4296,#4297);
#4295 = CARTESIAN_POINT('',(1.2,-0.8,0.));
#4296 = DIRECTION('',(0.,-0.,-1.));
#4297 = DIRECTION('',(-2.106022274728E-16,1.,-0.));
#4298 = ADVANCED_FACE('',(#4299),#4333,.F.);
#4299 = FACE_BOUND('',#4300,.F.);
#4300 = EDGE_LOOP('',(#4301,#4302,#4303,#4311,#4319,#4327));
#4301 = ORIENTED_EDGE('',*,*,#4208,.F.);
#4302 = ORIENTED_EDGE('',*,*,#4277,.T.);
#4303 = ORIENTED_EDGE('',*,*,#4304,.F.);
#4304 = EDGE_CURVE('',#4305,#4278,#4307,.T.);
#4305 = VERTEX_POINT('',#4306);
#4306 = CARTESIAN_POINT('',(1.49,-0.9,2.E-02));
#4307 = LINE('',#4308,#4309);
#4308 = CARTESIAN_POINT('',(-0.145,-0.9,2.E-02));
#4309 = VECTOR('',#4310,1.);
#4310 = DIRECTION('',(-1.,2.982499921471E-16,0.));
#4311 = ORIENTED_EDGE('',*,*,#4312,.T.);
#4312 = EDGE_CURVE('',#4305,#4313,#4315,.T.);
#4313 = VERTEX_POINT('',#4314);
#4314 = CARTESIAN_POINT('',(1.49,-0.9,0.2));
#4315 = LINE('',#4316,#4317);
#4316 = CARTESIAN_POINT('',(1.49,-0.9,1.E-02));
#4317 = VECTOR('',#4318,1.);
#4318 = DIRECTION('',(0.,0.,1.));
#4319 = ORIENTED_EDGE('',*,*,#4320,.T.);
#4320 = EDGE_CURVE('',#4313,#4321,#4323,.T.);
#4321 = VERTEX_POINT('',#4322);
#4322 = CARTESIAN_POINT('',(1.5,-0.9,0.2));
#4323 = LINE('',#4324,#4325);
#4324 = CARTESIAN_POINT('',(1.2,-0.9,0.2));
#4325 = VECTOR('',#4326,1.);
#4326 = DIRECTION('',(1.,-2.982499921471E-16,0.));
#4327 = ORIENTED_EDGE('',*,*,#4328,.F.);
#4328 = EDGE_CURVE('',#4209,#4321,#4329,.T.);
#4329 = LINE('',#4330,#4331);
#4330 = CARTESIAN_POINT('',(1.5,-0.9,0.));
#4331 = VECTOR('',#4332,1.);
#4332 = DIRECTION('',(0.,0.,1.));
#4333 = PLANE('',#4334);
#4334 = AXIS2_PLACEMENT_3D('',#4335,#4336,#4337);
#4335 = CARTESIAN_POINT('',(1.2,-0.9,0.));
#4336 = DIRECTION('',(2.982499921471E-16,1.,0.));
#4337 = DIRECTION('',(1.,-2.982499921471E-16,0.));
#4338 = ADVANCED_FACE('',(#4339),#4350,.F.);
#4339 = FACE_BOUND('',#4340,.F.);
#4340 = EDGE_LOOP('',(#4341,#4342,#4348,#4349));
#4341 = ORIENTED_EDGE('',*,*,#4328,.T.);
#4342 = ORIENTED_EDGE('',*,*,#4343,.T.);
#4343 = EDGE_CURVE('',#4321,#4232,#4344,.T.);
#4344 = LINE('',#4345,#4346);
#4345 = CARTESIAN_POINT('',(1.5,-0.9,0.2));
#4346 = VECTOR('',#4347,1.);
#4347 = DIRECTION('',(3.445092848398E-16,1.,0.));
#4348 = ORIENTED_EDGE('',*,*,#4231,.F.);
#4349 = ORIENTED_EDGE('',*,*,#4216,.F.);
#4350 = PLANE('',#4351);
#4351 = AXIS2_PLACEMENT_3D('',#4352,#4353,#4354);
#4352 = CARTESIAN_POINT('',(1.5,-0.9,0.));
#4353 = DIRECTION('',(-1.,3.445092848398E-16,0.));
#4354 = DIRECTION('',(3.445092848398E-16,1.,0.));
#4355 = ADVANCED_FACE('',(#4356,#5026),#5068,.F.);
#4356 = FACE_BOUND('',#4357,.F.);
#4357 = EDGE_LOOP('',(#4358,#4368,#4376,#4384,#4393,#4401,#4409,#4417,
    #4426,#4434,#4442,#4450,#4459,#4467,#4475,#4483,#4492,#4500,#4508,
    #4516,#4525,#4533,#4541,#4549,#4557,#4566,#4574,#4582,#4590,#4599,
    #4607,#4615,#4623,#4632,#4640,#4648,#4656,#4665,#4673,#4681,#4689,
    #4698,#4706,#4714,#4720,#4721,#4722,#4723,#4731,#4739,#4748,#4756,
    #4764,#4772,#4781,#4789,#4797,#4805,#4814,#4822,#4830,#4838,#4847,
    #4855,#4863,#4871,#4879,#4888,#4896,#4904,#4912,#4921,#4929,#4937,
    #4945,#4954,#4962,#4970,#4978,#4987,#4995,#5003,#5011,#5020));
#4358 = ORIENTED_EDGE('',*,*,#4359,.F.);
#4359 = EDGE_CURVE('',#4360,#4362,#4364,.T.);
#4360 = VERTEX_POINT('',#4361);
#4361 = CARTESIAN_POINT('',(-1.49,1.49,2.E-02));
#4362 = VERTEX_POINT('',#4363);
#4363 = CARTESIAN_POINT('',(-0.9,1.49,2.E-02));
#4364 = LINE('',#4365,#4366);
#4365 = CARTESIAN_POINT('',(-1.49,1.49,2.E-02));
#4366 = VECTOR('',#4367,1.);
#4367 = DIRECTION('',(1.,-2.22044604925E-16,0.));
#4368 = ORIENTED_EDGE('',*,*,#4369,.T.);
#4369 = EDGE_CURVE('',#4360,#4370,#4372,.T.);
#4370 = VERTEX_POINT('',#4371);
#4371 = CARTESIAN_POINT('',(-1.49,0.9,2.E-02));
#4372 = LINE('',#4373,#4374);
#4373 = CARTESIAN_POINT('',(-1.49,1.49,2.E-02));
#4374 = VECTOR('',#4375,1.);
#4375 = DIRECTION('',(-2.22044604925E-16,-1.,0.));
#4376 = ORIENTED_EDGE('',*,*,#4377,.T.);
#4377 = EDGE_CURVE('',#4370,#4378,#4380,.T.);
#4378 = VERTEX_POINT('',#4379);
#4379 = CARTESIAN_POINT('',(-1.2,0.9,2.E-02));
#4380 = LINE('',#4381,#4382);
#4381 = CARTESIAN_POINT('',(-1.345,0.9,2.E-02));
#4382 = VECTOR('',#4383,1.);
#4383 = DIRECTION('',(1.,-4.207146720618E-16,0.));
#4384 = ORIENTED_EDGE('',*,*,#4385,.T.);
#4385 = EDGE_CURVE('',#4378,#4386,#4388,.T.);
#4386 = VERTEX_POINT('',#4387);
#4387 = CARTESIAN_POINT('',(-1.2,0.7,2.E-02));
#4388 = CIRCLE('',#4389,0.1);
#4389 = AXIS2_PLACEMENT_3D('',#4390,#4391,#4392);
#4390 = CARTESIAN_POINT('',(-1.2,0.8,2.E-02));
#4391 = DIRECTION('',(0.,-0.,-1.));
#4392 = DIRECTION('',(8.813754755808E-17,-1.,0.));
#4393 = ORIENTED_EDGE('',*,*,#4394,.T.);
#4394 = EDGE_CURVE('',#4386,#4395,#4397,.T.);
#4395 = VERTEX_POINT('',#4396);
#4396 = CARTESIAN_POINT('',(-1.49,0.7,2.E-02));
#4397 = LINE('',#4398,#4399);
#4398 = CARTESIAN_POINT('',(-1.495,0.7,2.E-02));
#4399 = VECTOR('',#4400,1.);
#4400 = DIRECTION('',(-1.,4.669739647545E-16,0.));
#4401 = ORIENTED_EDGE('',*,*,#4402,.T.);
#4402 = EDGE_CURVE('',#4395,#4403,#4405,.T.);
#4403 = VERTEX_POINT('',#4404);
#4404 = CARTESIAN_POINT('',(-1.49,0.5,2.E-02));
#4405 = LINE('',#4406,#4407);
#4406 = CARTESIAN_POINT('',(-1.49,1.49,2.E-02));
#4407 = VECTOR('',#4408,1.);
#4408 = DIRECTION('',(-2.22044604925E-16,-1.,0.));
#4409 = ORIENTED_EDGE('',*,*,#4410,.T.);
#4410 = EDGE_CURVE('',#4403,#4411,#4413,.T.);
#4411 = VERTEX_POINT('',#4412);
#4412 = CARTESIAN_POINT('',(-1.2,0.5,2.E-02));
#4413 = LINE('',#4414,#4415);
#4414 = CARTESIAN_POINT('',(-1.345,0.5,2.E-02));
#4415 = VECTOR('',#4416,1.);
#4416 = DIRECTION('',(1.,-4.207146720618E-16,0.));
#4417 = ORIENTED_EDGE('',*,*,#4418,.T.);
#4418 = EDGE_CURVE('',#4411,#4419,#4421,.T.);
#4419 = VERTEX_POINT('',#4420);
#4420 = CARTESIAN_POINT('',(-1.2,0.3,2.E-02));
#4421 = CIRCLE('',#4422,0.1);
#4422 = AXIS2_PLACEMENT_3D('',#4423,#4424,#4425);
#4423 = CARTESIAN_POINT('',(-1.2,0.4,2.E-02));
#4424 = DIRECTION('',(0.,-0.,-1.));
#4425 = DIRECTION('',(8.813754755808E-17,-1.,0.));
#4426 = ORIENTED_EDGE('',*,*,#4427,.T.);
#4427 = EDGE_CURVE('',#4419,#4428,#4430,.T.);
#4428 = VERTEX_POINT('',#4429);
#4429 = CARTESIAN_POINT('',(-1.49,0.3,2.E-02));
#4430 = LINE('',#4431,#4432);
#4431 = CARTESIAN_POINT('',(-1.495,0.3,2.E-02));
#4432 = VECTOR('',#4433,1.);
#4433 = DIRECTION('',(-1.,4.669739647545E-16,0.));
#4434 = ORIENTED_EDGE('',*,*,#4435,.T.);
#4435 = EDGE_CURVE('',#4428,#4436,#4438,.T.);
#4436 = VERTEX_POINT('',#4437);
#4437 = CARTESIAN_POINT('',(-1.49,0.1,2.E-02));
#4438 = LINE('',#4439,#4440);
#4439 = CARTESIAN_POINT('',(-1.49,1.49,2.E-02));
#4440 = VECTOR('',#4441,1.);
#4441 = DIRECTION('',(-2.22044604925E-16,-1.,0.));
#4442 = ORIENTED_EDGE('',*,*,#4443,.T.);
#4443 = EDGE_CURVE('',#4436,#4444,#4446,.T.);
#4444 = VERTEX_POINT('',#4445);
#4445 = CARTESIAN_POINT('',(-1.2,0.1,2.E-02));
#4446 = LINE('',#4447,#4448);
#4447 = CARTESIAN_POINT('',(-1.345,0.1,2.E-02));
#4448 = VECTOR('',#4449,1.);
#4449 = DIRECTION('',(1.,-4.207146720618E-16,0.));
#4450 = ORIENTED_EDGE('',*,*,#4451,.T.);
#4451 = EDGE_CURVE('',#4444,#4452,#4454,.T.);
#4452 = VERTEX_POINT('',#4453);
#4453 = CARTESIAN_POINT('',(-1.2,-0.1,2.E-02));
#4454 = CIRCLE('',#4455,0.1);
#4455 = AXIS2_PLACEMENT_3D('',#4456,#4457,#4458);
#4456 = CARTESIAN_POINT('',(-1.2,3.635980405647E-16,2.E-02));
#4457 = DIRECTION('',(0.,-0.,-1.));
#4458 = DIRECTION('',(8.813754755808E-17,-1.,0.));
#4459 = ORIENTED_EDGE('',*,*,#4460,.T.);
#4460 = EDGE_CURVE('',#4452,#4461,#4463,.T.);
#4461 = VERTEX_POINT('',#4462);
#4462 = CARTESIAN_POINT('',(-1.49,-0.1,2.E-02));
#4463 = LINE('',#4464,#4465);
#4464 = CARTESIAN_POINT('',(-1.495,-0.1,2.E-02));
#4465 = VECTOR('',#4466,1.);
#4466 = DIRECTION('',(-1.,4.669739647545E-16,0.));
#4467 = ORIENTED_EDGE('',*,*,#4468,.T.);
#4468 = EDGE_CURVE('',#4461,#4469,#4471,.T.);
#4469 = VERTEX_POINT('',#4470);
#4470 = CARTESIAN_POINT('',(-1.49,-0.3,2.E-02));
#4471 = LINE('',#4472,#4473);
#4472 = CARTESIAN_POINT('',(-1.49,1.49,2.E-02));
#4473 = VECTOR('',#4474,1.);
#4474 = DIRECTION('',(-2.22044604925E-16,-1.,0.));
#4475 = ORIENTED_EDGE('',*,*,#4476,.T.);
#4476 = EDGE_CURVE('',#4469,#4477,#4479,.T.);
#4477 = VERTEX_POINT('',#4478);
#4478 = CARTESIAN_POINT('',(-1.2,-0.3,2.E-02));
#4479 = LINE('',#4480,#4481);
#4480 = CARTESIAN_POINT('',(-1.345,-0.3,2.E-02));
#4481 = VECTOR('',#4482,1.);
#4482 = DIRECTION('',(1.,-4.207146720618E-16,0.));
#4483 = ORIENTED_EDGE('',*,*,#4484,.T.);
#4484 = EDGE_CURVE('',#4477,#4485,#4487,.T.);
#4485 = VERTEX_POINT('',#4486);
#4486 = CARTESIAN_POINT('',(-1.2,-0.5,2.E-02));
#4487 = CIRCLE('',#4488,0.1);
#4488 = AXIS2_PLACEMENT_3D('',#4489,#4490,#4491);
#4489 = CARTESIAN_POINT('',(-1.2,-0.4,2.E-02));
#4490 = DIRECTION('',(0.,-0.,-1.));
#4491 = DIRECTION('',(8.813754755808E-17,-1.,0.));
#4492 = ORIENTED_EDGE('',*,*,#4493,.T.);
#4493 = EDGE_CURVE('',#4485,#4494,#4496,.T.);
#4494 = VERTEX_POINT('',#4495);
#4495 = CARTESIAN_POINT('',(-1.49,-0.5,2.E-02));
#4496 = LINE('',#4497,#4498);
#4497 = CARTESIAN_POINT('',(-1.495,-0.5,2.E-02));
#4498 = VECTOR('',#4499,1.);
#4499 = DIRECTION('',(-1.,4.669739647545E-16,0.));
#4500 = ORIENTED_EDGE('',*,*,#4501,.T.);
#4501 = EDGE_CURVE('',#4494,#4502,#4504,.T.);
#4502 = VERTEX_POINT('',#4503);
#4503 = CARTESIAN_POINT('',(-1.49,-0.7,2.E-02));
#4504 = LINE('',#4505,#4506);
#4505 = CARTESIAN_POINT('',(-1.49,1.49,2.E-02));
#4506 = VECTOR('',#4507,1.);
#4507 = DIRECTION('',(-2.22044604925E-16,-1.,0.));
#4508 = ORIENTED_EDGE('',*,*,#4509,.T.);
#4509 = EDGE_CURVE('',#4502,#4510,#4512,.T.);
#4510 = VERTEX_POINT('',#4511);
#4511 = CARTESIAN_POINT('',(-1.2,-0.7,2.E-02));
#4512 = LINE('',#4513,#4514);
#4513 = CARTESIAN_POINT('',(-1.345,-0.7,2.E-02));
#4514 = VECTOR('',#4515,1.);
#4515 = DIRECTION('',(1.,-4.207146720618E-16,0.));
#4516 = ORIENTED_EDGE('',*,*,#4517,.T.);
#4517 = EDGE_CURVE('',#4510,#4518,#4520,.T.);
#4518 = VERTEX_POINT('',#4519);
#4519 = CARTESIAN_POINT('',(-1.2,-0.9,2.E-02));
#4520 = CIRCLE('',#4521,0.1);
#4521 = AXIS2_PLACEMENT_3D('',#4522,#4523,#4524);
#4522 = CARTESIAN_POINT('',(-1.2,-0.8,2.E-02));
#4523 = DIRECTION('',(0.,-0.,-1.));
#4524 = DIRECTION('',(8.813754755808E-17,-1.,0.));
#4525 = ORIENTED_EDGE('',*,*,#4526,.T.);
#4526 = EDGE_CURVE('',#4518,#4527,#4529,.T.);
#4527 = VERTEX_POINT('',#4528);
#4528 = CARTESIAN_POINT('',(-1.49,-0.9,2.E-02));
#4529 = LINE('',#4530,#4531);
#4530 = CARTESIAN_POINT('',(-1.495,-0.9,2.E-02));
#4531 = VECTOR('',#4532,1.);
#4532 = DIRECTION('',(-1.,4.669739647545E-16,0.));
#4533 = ORIENTED_EDGE('',*,*,#4534,.T.);
#4534 = EDGE_CURVE('',#4527,#4535,#4537,.T.);
#4535 = VERTEX_POINT('',#4536);
#4536 = CARTESIAN_POINT('',(-1.49,-1.49,2.E-02));
#4537 = LINE('',#4538,#4539);
#4538 = CARTESIAN_POINT('',(-1.49,1.49,2.E-02));
#4539 = VECTOR('',#4540,1.);
#4540 = DIRECTION('',(-2.22044604925E-16,-1.,0.));
#4541 = ORIENTED_EDGE('',*,*,#4542,.T.);
#4542 = EDGE_CURVE('',#4535,#4543,#4545,.T.);
#4543 = VERTEX_POINT('',#4544);
#4544 = CARTESIAN_POINT('',(-0.9,-1.49,2.E-02));
#4545 = LINE('',#4546,#4547);
#4546 = CARTESIAN_POINT('',(-1.49,-1.49,2.E-02));
#4547 = VECTOR('',#4548,1.);
#4548 = DIRECTION('',(1.,-2.22044604925E-16,0.));
#4549 = ORIENTED_EDGE('',*,*,#4550,.T.);
#4550 = EDGE_CURVE('',#4543,#4551,#4553,.T.);
#4551 = VERTEX_POINT('',#4552);
#4552 = CARTESIAN_POINT('',(-0.9,-1.2,2.E-02));
#4553 = LINE('',#4554,#4555);
#4554 = CARTESIAN_POINT('',(-0.9,0.145,2.E-02));
#4555 = VECTOR('',#4556,1.);
#4556 = DIRECTION('',(5.202945970721E-16,1.,0.));
#4557 = ORIENTED_EDGE('',*,*,#4558,.T.);
#4558 = EDGE_CURVE('',#4551,#4559,#4561,.T.);
#4559 = VERTEX_POINT('',#4560);
#4560 = CARTESIAN_POINT('',(-0.7,-1.2,2.E-02));
#4561 = CIRCLE('',#4562,0.1);
#4562 = AXIS2_PLACEMENT_3D('',#4563,#4564,#4565);
#4563 = CARTESIAN_POINT('',(-0.8,-1.2,2.E-02));
#4564 = DIRECTION('',(0.,-0.,-1.));
#4565 = DIRECTION('',(1.,-1.144237745222E-17,0.));
#4566 = ORIENTED_EDGE('',*,*,#4567,.T.);
#4567 = EDGE_CURVE('',#4559,#4568,#4570,.T.);
#4568 = VERTEX_POINT('',#4569);
#4569 = CARTESIAN_POINT('',(-0.7,-1.49,2.E-02));
#4570 = LINE('',#4571,#4572);
#4571 = CARTESIAN_POINT('',(-0.7,-5.E-03,2.E-02));
#4572 = VECTOR('',#4573,1.);
#4573 = DIRECTION('',(-5.665538897648E-16,-1.,0.));
#4574 = ORIENTED_EDGE('',*,*,#4575,.T.);
#4575 = EDGE_CURVE('',#4568,#4576,#4578,.T.);
#4576 = VERTEX_POINT('',#4577);
#4577 = CARTESIAN_POINT('',(-0.5,-1.49,2.E-02));
#4578 = LINE('',#4579,#4580);
#4579 = CARTESIAN_POINT('',(-1.49,-1.49,2.E-02));
#4580 = VECTOR('',#4581,1.);
#4581 = DIRECTION('',(1.,-2.22044604925E-16,0.));
#4582 = ORIENTED_EDGE('',*,*,#4583,.T.);
#4583 = EDGE_CURVE('',#4576,#4584,#4586,.T.);
#4584 = VERTEX_POINT('',#4585);
#4585 = CARTESIAN_POINT('',(-0.5,-1.2,2.E-02));
#4586 = LINE('',#4587,#4588);
#4587 = CARTESIAN_POINT('',(-0.5,0.145,2.E-02));
#4588 = VECTOR('',#4589,1.);
#4589 = DIRECTION('',(5.202945970721E-16,1.,0.));
#4590 = ORIENTED_EDGE('',*,*,#4591,.T.);
#4591 = EDGE_CURVE('',#4584,#4592,#4594,.T.);
#4592 = VERTEX_POINT('',#4593);
#4593 = CARTESIAN_POINT('',(-0.3,-1.2,2.E-02));
#4594 = CIRCLE('',#4595,0.1);
#4595 = AXIS2_PLACEMENT_3D('',#4596,#4597,#4598);
#4596 = CARTESIAN_POINT('',(-0.4,-1.2,2.E-02));
#4597 = DIRECTION('',(0.,-0.,-1.));
#4598 = DIRECTION('',(1.,-1.144237745222E-17,0.));
#4599 = ORIENTED_EDGE('',*,*,#4600,.T.);
#4600 = EDGE_CURVE('',#4592,#4601,#4603,.T.);
#4601 = VERTEX_POINT('',#4602);
#4602 = CARTESIAN_POINT('',(-0.3,-1.49,2.E-02));
#4603 = LINE('',#4604,#4605);
#4604 = CARTESIAN_POINT('',(-0.3,-5.E-03,2.E-02));
#4605 = VECTOR('',#4606,1.);
#4606 = DIRECTION('',(-5.665538897648E-16,-1.,0.));
#4607 = ORIENTED_EDGE('',*,*,#4608,.T.);
#4608 = EDGE_CURVE('',#4601,#4609,#4611,.T.);
#4609 = VERTEX_POINT('',#4610);
#4610 = CARTESIAN_POINT('',(-0.1,-1.49,2.E-02));
#4611 = LINE('',#4612,#4613);
#4612 = CARTESIAN_POINT('',(-1.49,-1.49,2.E-02));
#4613 = VECTOR('',#4614,1.);
#4614 = DIRECTION('',(1.,-2.22044604925E-16,0.));
#4615 = ORIENTED_EDGE('',*,*,#4616,.T.);
#4616 = EDGE_CURVE('',#4609,#4617,#4619,.T.);
#4617 = VERTEX_POINT('',#4618);
#4618 = CARTESIAN_POINT('',(-0.1,-1.2,2.E-02));
#4619 = LINE('',#4620,#4621);
#4620 = CARTESIAN_POINT('',(-0.1,0.145,2.E-02));
#4621 = VECTOR('',#4622,1.);
#4622 = DIRECTION('',(5.202945970721E-16,1.,0.));
#4623 = ORIENTED_EDGE('',*,*,#4624,.T.);
#4624 = EDGE_CURVE('',#4617,#4625,#4627,.T.);
#4625 = VERTEX_POINT('',#4626);
#4626 = CARTESIAN_POINT('',(0.1,-1.2,2.E-02));
#4627 = CIRCLE('',#4628,0.1);
#4628 = AXIS2_PLACEMENT_3D('',#4629,#4630,#4631);
#4629 = CARTESIAN_POINT('',(-4.884981308351E-16,-1.2,2.E-02));
#4630 = DIRECTION('',(0.,-0.,-1.));
#4631 = DIRECTION('',(1.,-1.144237745222E-17,0.));
#4632 = ORIENTED_EDGE('',*,*,#4633,.T.);
#4633 = EDGE_CURVE('',#4625,#4634,#4636,.T.);
#4634 = VERTEX_POINT('',#4635);
#4635 = CARTESIAN_POINT('',(0.1,-1.49,2.E-02));
#4636 = LINE('',#4637,#4638);
#4637 = CARTESIAN_POINT('',(0.1,-5.E-03,2.E-02));
#4638 = VECTOR('',#4639,1.);
#4639 = DIRECTION('',(-5.665538897648E-16,-1.,0.));
#4640 = ORIENTED_EDGE('',*,*,#4641,.T.);
#4641 = EDGE_CURVE('',#4634,#4642,#4644,.T.);
#4642 = VERTEX_POINT('',#4643);
#4643 = CARTESIAN_POINT('',(0.3,-1.49,2.E-02));
#4644 = LINE('',#4645,#4646);
#4645 = CARTESIAN_POINT('',(-1.49,-1.49,2.E-02));
#4646 = VECTOR('',#4647,1.);
#4647 = DIRECTION('',(1.,-2.22044604925E-16,0.));
#4648 = ORIENTED_EDGE('',*,*,#4649,.T.);
#4649 = EDGE_CURVE('',#4642,#4650,#4652,.T.);
#4650 = VERTEX_POINT('',#4651);
#4651 = CARTESIAN_POINT('',(0.3,-1.2,2.E-02));
#4652 = LINE('',#4653,#4654);
#4653 = CARTESIAN_POINT('',(0.3,0.145,2.E-02));
#4654 = VECTOR('',#4655,1.);
#4655 = DIRECTION('',(5.202945970721E-16,1.,0.));
#4656 = ORIENTED_EDGE('',*,*,#4657,.T.);
#4657 = EDGE_CURVE('',#4650,#4658,#4660,.T.);
#4658 = VERTEX_POINT('',#4659);
#4659 = CARTESIAN_POINT('',(0.5,-1.2,2.E-02));
#4660 = CIRCLE('',#4661,0.1);
#4661 = AXIS2_PLACEMENT_3D('',#4662,#4663,#4664);
#4662 = CARTESIAN_POINT('',(0.4,-1.2,2.E-02));
#4663 = DIRECTION('',(0.,-0.,-1.));
#4664 = DIRECTION('',(1.,-1.144237745222E-17,0.));
#4665 = ORIENTED_EDGE('',*,*,#4666,.T.);
#4666 = EDGE_CURVE('',#4658,#4667,#4669,.T.);
#4667 = VERTEX_POINT('',#4668);
#4668 = CARTESIAN_POINT('',(0.5,-1.49,2.E-02));
#4669 = LINE('',#4670,#4671);
#4670 = CARTESIAN_POINT('',(0.5,-5.E-03,2.E-02));
#4671 = VECTOR('',#4672,1.);
#4672 = DIRECTION('',(-5.665538897648E-16,-1.,0.));
#4673 = ORIENTED_EDGE('',*,*,#4674,.T.);
#4674 = EDGE_CURVE('',#4667,#4675,#4677,.T.);
#4675 = VERTEX_POINT('',#4676);
#4676 = CARTESIAN_POINT('',(0.7,-1.49,2.E-02));
#4677 = LINE('',#4678,#4679);
#4678 = CARTESIAN_POINT('',(-1.49,-1.49,2.E-02));
#4679 = VECTOR('',#4680,1.);
#4680 = DIRECTION('',(1.,-2.22044604925E-16,0.));
#4681 = ORIENTED_EDGE('',*,*,#4682,.T.);
#4682 = EDGE_CURVE('',#4675,#4683,#4685,.T.);
#4683 = VERTEX_POINT('',#4684);
#4684 = CARTESIAN_POINT('',(0.7,-1.2,2.E-02));
#4685 = LINE('',#4686,#4687);
#4686 = CARTESIAN_POINT('',(0.7,0.145,2.E-02));
#4687 = VECTOR('',#4688,1.);
#4688 = DIRECTION('',(5.202945970721E-16,1.,0.));
#4689 = ORIENTED_EDGE('',*,*,#4690,.T.);
#4690 = EDGE_CURVE('',#4683,#4691,#4693,.T.);
#4691 = VERTEX_POINT('',#4692);
#4692 = CARTESIAN_POINT('',(0.9,-1.2,2.E-02));
#4693 = CIRCLE('',#4694,0.1);
#4694 = AXIS2_PLACEMENT_3D('',#4695,#4696,#4697);
#4695 = CARTESIAN_POINT('',(0.8,-1.2,2.E-02));
#4696 = DIRECTION('',(0.,-0.,-1.));
#4697 = DIRECTION('',(1.,-1.144237745222E-17,0.));
#4698 = ORIENTED_EDGE('',*,*,#4699,.T.);
#4699 = EDGE_CURVE('',#4691,#4700,#4702,.T.);
#4700 = VERTEX_POINT('',#4701);
#4701 = CARTESIAN_POINT('',(0.9,-1.49,2.E-02));
#4702 = LINE('',#4703,#4704);
#4703 = CARTESIAN_POINT('',(0.9,-5.000000000001E-03,2.E-02));
#4704 = VECTOR('',#4705,1.);
#4705 = DIRECTION('',(-5.665538897648E-16,-1.,0.));
#4706 = ORIENTED_EDGE('',*,*,#4707,.T.);
#4707 = EDGE_CURVE('',#4700,#4708,#4710,.T.);
#4708 = VERTEX_POINT('',#4709);
#4709 = CARTESIAN_POINT('',(1.49,-1.49,2.E-02));
#4710 = LINE('',#4711,#4712);
#4711 = CARTESIAN_POINT('',(-1.49,-1.49,2.E-02));
#4712 = VECTOR('',#4713,1.);
#4713 = DIRECTION('',(1.,-2.22044604925E-16,0.));
#4714 = ORIENTED_EDGE('',*,*,#4715,.F.);
#4715 = EDGE_CURVE('',#4305,#4708,#4716,.T.);
#4716 = LINE('',#4717,#4718);
#4717 = CARTESIAN_POINT('',(1.49,1.49,2.E-02));
#4718 = VECTOR('',#4719,1.);
#4719 = DIRECTION('',(-2.22044604925E-16,-1.,0.));
#4720 = ORIENTED_EDGE('',*,*,#4304,.T.);
#4721 = ORIENTED_EDGE('',*,*,#4285,.T.);
#4722 = ORIENTED_EDGE('',*,*,#4255,.T.);
#4723 = ORIENTED_EDGE('',*,*,#4724,.F.);
#4724 = EDGE_CURVE('',#4725,#4248,#4727,.T.);
#4725 = VERTEX_POINT('',#4726);
#4726 = CARTESIAN_POINT('',(1.49,-0.5,2.E-02));
#4727 = LINE('',#4728,#4729);
#4728 = CARTESIAN_POINT('',(1.49,1.49,2.E-02));
#4729 = VECTOR('',#4730,1.);
#4730 = DIRECTION('',(-2.22044604925E-16,-1.,0.));
#4731 = ORIENTED_EDGE('',*,*,#4732,.T.);
#4732 = EDGE_CURVE('',#4725,#4733,#4735,.T.);
#4733 = VERTEX_POINT('',#4734);
#4734 = CARTESIAN_POINT('',(1.2,-0.5,2.E-02));
#4735 = LINE('',#4736,#4737);
#4736 = CARTESIAN_POINT('',(-0.145,-0.5,2.E-02));
#4737 = VECTOR('',#4738,1.);
#4738 = DIRECTION('',(-1.,2.982499921471E-16,0.));
#4739 = ORIENTED_EDGE('',*,*,#4740,.T.);
#4740 = EDGE_CURVE('',#4733,#4741,#4743,.T.);
#4741 = VERTEX_POINT('',#4742);
#4742 = CARTESIAN_POINT('',(1.2,-0.3,2.E-02));
#4743 = CIRCLE('',#4744,0.1);
#4744 = AXIS2_PLACEMENT_3D('',#4745,#4746,#4747);
#4745 = CARTESIAN_POINT('',(1.2,-0.4,2.E-02));
#4746 = DIRECTION('',(0.,0.,-1.));
#4747 = DIRECTION('',(-2.106022274728E-16,1.,0.));
#4748 = ORIENTED_EDGE('',*,*,#4749,.T.);
#4749 = EDGE_CURVE('',#4741,#4750,#4752,.T.);
#4750 = VERTEX_POINT('',#4751);
#4751 = CARTESIAN_POINT('',(1.49,-0.3,2.E-02));
#4752 = LINE('',#4753,#4754);
#4753 = CARTESIAN_POINT('',(5.E-03,-0.3,2.E-02));
#4754 = VECTOR('',#4755,1.);
#4755 = DIRECTION('',(1.,-3.445092848398E-16,0.));
#4756 = ORIENTED_EDGE('',*,*,#4757,.F.);
#4757 = EDGE_CURVE('',#4758,#4750,#4760,.T.);
#4758 = VERTEX_POINT('',#4759);
#4759 = CARTESIAN_POINT('',(1.49,-0.1,2.E-02));
#4760 = LINE('',#4761,#4762);
#4761 = CARTESIAN_POINT('',(1.49,1.49,2.E-02));
#4762 = VECTOR('',#4763,1.);
#4763 = DIRECTION('',(-2.22044604925E-16,-1.,0.));
#4764 = ORIENTED_EDGE('',*,*,#4765,.T.);
#4765 = EDGE_CURVE('',#4758,#4766,#4768,.T.);
#4766 = VERTEX_POINT('',#4767);
#4767 = CARTESIAN_POINT('',(1.2,-0.1,2.E-02));
#4768 = LINE('',#4769,#4770);
#4769 = CARTESIAN_POINT('',(-0.145,-0.1,2.E-02));
#4770 = VECTOR('',#4771,1.);
#4771 = DIRECTION('',(-1.,2.982499921471E-16,0.));
#4772 = ORIENTED_EDGE('',*,*,#4773,.T.);
#4773 = EDGE_CURVE('',#4766,#4774,#4776,.T.);
#4774 = VERTEX_POINT('',#4775);
#4775 = CARTESIAN_POINT('',(1.2,0.1,2.E-02));
#4776 = CIRCLE('',#4777,0.1);
#4777 = AXIS2_PLACEMENT_3D('',#4778,#4779,#4780);
#4778 = CARTESIAN_POINT('',(1.2,-2.109423746788E-16,2.E-02));
#4779 = DIRECTION('',(0.,0.,-1.));
#4780 = DIRECTION('',(-2.106022274728E-16,1.,0.));
#4781 = ORIENTED_EDGE('',*,*,#4782,.T.);
#4782 = EDGE_CURVE('',#4774,#4783,#4785,.T.);
#4783 = VERTEX_POINT('',#4784);
#4784 = CARTESIAN_POINT('',(1.49,0.1,2.E-02));
#4785 = LINE('',#4786,#4787);
#4786 = CARTESIAN_POINT('',(5.E-03,0.1,2.E-02));
#4787 = VECTOR('',#4788,1.);
#4788 = DIRECTION('',(1.,-3.445092848398E-16,0.));
#4789 = ORIENTED_EDGE('',*,*,#4790,.F.);
#4790 = EDGE_CURVE('',#4791,#4783,#4793,.T.);
#4791 = VERTEX_POINT('',#4792);
#4792 = CARTESIAN_POINT('',(1.49,0.3,2.E-02));
#4793 = LINE('',#4794,#4795);
#4794 = CARTESIAN_POINT('',(1.49,1.49,2.E-02));
#4795 = VECTOR('',#4796,1.);
#4796 = DIRECTION('',(-2.22044604925E-16,-1.,0.));
#4797 = ORIENTED_EDGE('',*,*,#4798,.T.);
#4798 = EDGE_CURVE('',#4791,#4799,#4801,.T.);
#4799 = VERTEX_POINT('',#4800);
#4800 = CARTESIAN_POINT('',(1.2,0.3,2.E-02));
#4801 = LINE('',#4802,#4803);
#4802 = CARTESIAN_POINT('',(-0.145,0.3,2.E-02));
#4803 = VECTOR('',#4804,1.);
#4804 = DIRECTION('',(-1.,2.982499921471E-16,0.));
#4805 = ORIENTED_EDGE('',*,*,#4806,.T.);
#4806 = EDGE_CURVE('',#4799,#4807,#4809,.T.);
#4807 = VERTEX_POINT('',#4808);
#4808 = CARTESIAN_POINT('',(1.2,0.5,2.E-02));
#4809 = CIRCLE('',#4810,0.1);
#4810 = AXIS2_PLACEMENT_3D('',#4811,#4812,#4813);
#4811 = CARTESIAN_POINT('',(1.2,0.4,2.E-02));
#4812 = DIRECTION('',(0.,0.,-1.));
#4813 = DIRECTION('',(-2.106022274728E-16,1.,0.));
#4814 = ORIENTED_EDGE('',*,*,#4815,.T.);
#4815 = EDGE_CURVE('',#4807,#4816,#4818,.T.);
#4816 = VERTEX_POINT('',#4817);
#4817 = CARTESIAN_POINT('',(1.49,0.5,2.E-02));
#4818 = LINE('',#4819,#4820);
#4819 = CARTESIAN_POINT('',(5.E-03,0.5,2.E-02));
#4820 = VECTOR('',#4821,1.);
#4821 = DIRECTION('',(1.,-3.445092848398E-16,0.));
#4822 = ORIENTED_EDGE('',*,*,#4823,.F.);
#4823 = EDGE_CURVE('',#4824,#4816,#4826,.T.);
#4824 = VERTEX_POINT('',#4825);
#4825 = CARTESIAN_POINT('',(1.49,0.7,2.E-02));
#4826 = LINE('',#4827,#4828);
#4827 = CARTESIAN_POINT('',(1.49,1.49,2.E-02));
#4828 = VECTOR('',#4829,1.);
#4829 = DIRECTION('',(-2.22044604925E-16,-1.,0.));
#4830 = ORIENTED_EDGE('',*,*,#4831,.T.);
#4831 = EDGE_CURVE('',#4824,#4832,#4834,.T.);
#4832 = VERTEX_POINT('',#4833);
#4833 = CARTESIAN_POINT('',(1.2,0.7,2.E-02));
#4834 = LINE('',#4835,#4836);
#4835 = CARTESIAN_POINT('',(-0.145,0.7,2.E-02));
#4836 = VECTOR('',#4837,1.);
#4837 = DIRECTION('',(-1.,2.982499921471E-16,0.));
#4838 = ORIENTED_EDGE('',*,*,#4839,.T.);
#4839 = EDGE_CURVE('',#4832,#4840,#4842,.T.);
#4840 = VERTEX_POINT('',#4841);
#4841 = CARTESIAN_POINT('',(1.2,0.9,2.E-02));
#4842 = CIRCLE('',#4843,0.1);
#4843 = AXIS2_PLACEMENT_3D('',#4844,#4845,#4846);
#4844 = CARTESIAN_POINT('',(1.2,0.8,2.E-02));
#4845 = DIRECTION('',(0.,0.,-1.));
#4846 = DIRECTION('',(-2.106022274728E-16,1.,0.));
#4847 = ORIENTED_EDGE('',*,*,#4848,.T.);
#4848 = EDGE_CURVE('',#4840,#4849,#4851,.T.);
#4849 = VERTEX_POINT('',#4850);
#4850 = CARTESIAN_POINT('',(1.49,0.9,2.E-02));
#4851 = LINE('',#4852,#4853);
#4852 = CARTESIAN_POINT('',(5.E-03,0.9,2.E-02));
#4853 = VECTOR('',#4854,1.);
#4854 = DIRECTION('',(1.,-3.445092848398E-16,0.));
#4855 = ORIENTED_EDGE('',*,*,#4856,.F.);
#4856 = EDGE_CURVE('',#4857,#4849,#4859,.T.);
#4857 = VERTEX_POINT('',#4858);
#4858 = CARTESIAN_POINT('',(1.49,1.49,2.E-02));
#4859 = LINE('',#4860,#4861);
#4860 = CARTESIAN_POINT('',(1.49,1.49,2.E-02));
#4861 = VECTOR('',#4862,1.);
#4862 = DIRECTION('',(-2.22044604925E-16,-1.,0.));
#4863 = ORIENTED_EDGE('',*,*,#4864,.F.);
#4864 = EDGE_CURVE('',#4865,#4857,#4867,.T.);
#4865 = VERTEX_POINT('',#4866);
#4866 = CARTESIAN_POINT('',(0.9,1.49,2.E-02));
#4867 = LINE('',#4868,#4869);
#4868 = CARTESIAN_POINT('',(-1.49,1.49,2.E-02));
#4869 = VECTOR('',#4870,1.);
#4870 = DIRECTION('',(1.,-2.22044604925E-16,0.));
#4871 = ORIENTED_EDGE('',*,*,#4872,.T.);
#4872 = EDGE_CURVE('',#4865,#4873,#4875,.T.);
#4873 = VERTEX_POINT('',#4874);
#4874 = CARTESIAN_POINT('',(0.9,1.2,2.E-02));
#4875 = LINE('',#4876,#4877);
#4876 = CARTESIAN_POINT('',(0.9,1.345,2.E-02));
#4877 = VECTOR('',#4878,1.);
#4878 = DIRECTION('',(-4.092722946096E-16,-1.,0.));
#4879 = ORIENTED_EDGE('',*,*,#4880,.T.);
#4880 = EDGE_CURVE('',#4873,#4881,#4883,.T.);
#4881 = VERTEX_POINT('',#4882);
#4882 = CARTESIAN_POINT('',(0.7,1.2,2.E-02));
#4883 = CIRCLE('',#4884,0.1);
#4884 = AXIS2_PLACEMENT_3D('',#4885,#4886,#4887);
#4885 = CARTESIAN_POINT('',(0.8,1.2,2.E-02));
#4886 = DIRECTION('',(0.,-0.,-1.));
#4887 = DIRECTION('',(-1.,-9.95799250103E-17,0.));
#4888 = ORIENTED_EDGE('',*,*,#4889,.T.);
#4889 = EDGE_CURVE('',#4881,#4890,#4892,.T.);
#4890 = VERTEX_POINT('',#4891);
#4891 = CARTESIAN_POINT('',(0.7,1.49,2.E-02));
#4892 = LINE('',#4893,#4894);
#4893 = CARTESIAN_POINT('',(0.7,1.495,2.E-02));
#4894 = VECTOR('',#4895,1.);
#4895 = DIRECTION('',(4.555315873023E-16,1.,0.));
#4896 = ORIENTED_EDGE('',*,*,#4897,.F.);
#4897 = EDGE_CURVE('',#4898,#4890,#4900,.T.);
#4898 = VERTEX_POINT('',#4899);
#4899 = CARTESIAN_POINT('',(0.5,1.49,2.E-02));
#4900 = LINE('',#4901,#4902);
#4901 = CARTESIAN_POINT('',(-1.49,1.49,2.E-02));
#4902 = VECTOR('',#4903,1.);
#4903 = DIRECTION('',(1.,-2.22044604925E-16,0.));
#4904 = ORIENTED_EDGE('',*,*,#4905,.T.);
#4905 = EDGE_CURVE('',#4898,#4906,#4908,.T.);
#4906 = VERTEX_POINT('',#4907);
#4907 = CARTESIAN_POINT('',(0.5,1.2,2.E-02));
#4908 = LINE('',#4909,#4910);
#4909 = CARTESIAN_POINT('',(0.5,1.345,2.E-02));
#4910 = VECTOR('',#4911,1.);
#4911 = DIRECTION('',(-4.092722946096E-16,-1.,0.));
#4912 = ORIENTED_EDGE('',*,*,#4913,.T.);
#4913 = EDGE_CURVE('',#4906,#4914,#4916,.T.);
#4914 = VERTEX_POINT('',#4915);
#4915 = CARTESIAN_POINT('',(0.3,1.2,2.E-02));
#4916 = CIRCLE('',#4917,0.1);
#4917 = AXIS2_PLACEMENT_3D('',#4918,#4919,#4920);
#4918 = CARTESIAN_POINT('',(0.4,1.2,2.E-02));
#4919 = DIRECTION('',(0.,-0.,-1.));
#4920 = DIRECTION('',(-1.,-9.95799250103E-17,0.));
#4921 = ORIENTED_EDGE('',*,*,#4922,.T.);
#4922 = EDGE_CURVE('',#4914,#4923,#4925,.T.);
#4923 = VERTEX_POINT('',#4924);
#4924 = CARTESIAN_POINT('',(0.3,1.49,2.E-02));
#4925 = LINE('',#4926,#4927);
#4926 = CARTESIAN_POINT('',(0.3,1.495,2.E-02));
#4927 = VECTOR('',#4928,1.);
#4928 = DIRECTION('',(4.555315873023E-16,1.,0.));
#4929 = ORIENTED_EDGE('',*,*,#4930,.F.);
#4930 = EDGE_CURVE('',#4931,#4923,#4933,.T.);
#4931 = VERTEX_POINT('',#4932);
#4932 = CARTESIAN_POINT('',(0.1,1.49,2.E-02));
#4933 = LINE('',#4934,#4935);
#4934 = CARTESIAN_POINT('',(-1.49,1.49,2.E-02));
#4935 = VECTOR('',#4936,1.);
#4936 = DIRECTION('',(1.,-2.22044604925E-16,0.));
#4937 = ORIENTED_EDGE('',*,*,#4938,.T.);
#4938 = EDGE_CURVE('',#4931,#4939,#4941,.T.);
#4939 = VERTEX_POINT('',#4940);
#4940 = CARTESIAN_POINT('',(0.1,1.2,2.E-02));
#4941 = LINE('',#4942,#4943);
#4942 = CARTESIAN_POINT('',(0.1,1.345,2.E-02));
#4943 = VECTOR('',#4944,1.);
#4944 = DIRECTION('',(-4.092722946096E-16,-1.,0.));
#4945 = ORIENTED_EDGE('',*,*,#4946,.T.);
#4946 = EDGE_CURVE('',#4939,#4947,#4949,.T.);
#4947 = VERTEX_POINT('',#4948);
#4948 = CARTESIAN_POINT('',(-0.1,1.2,2.E-02));
#4949 = CIRCLE('',#4950,0.1);
#4950 = AXIS2_PLACEMENT_3D('',#4951,#4952,#4953);
#4951 = CARTESIAN_POINT('',(3.497202527569E-16,1.2,2.E-02));
#4952 = DIRECTION('',(0.,-0.,-1.));
#4953 = DIRECTION('',(-1.,-9.95799250103E-17,0.));
#4954 = ORIENTED_EDGE('',*,*,#4955,.T.);
#4955 = EDGE_CURVE('',#4947,#4956,#4958,.T.);
#4956 = VERTEX_POINT('',#4957);
#4957 = CARTESIAN_POINT('',(-0.1,1.49,2.E-02));
#4958 = LINE('',#4959,#4960);
#4959 = CARTESIAN_POINT('',(-0.1,1.495,2.E-02));
#4960 = VECTOR('',#4961,1.);
#4961 = DIRECTION('',(4.555315873023E-16,1.,0.));
#4962 = ORIENTED_EDGE('',*,*,#4963,.F.);
#4963 = EDGE_CURVE('',#4964,#4956,#4966,.T.);
#4964 = VERTEX_POINT('',#4965);
#4965 = CARTESIAN_POINT('',(-0.3,1.49,2.E-02));
#4966 = LINE('',#4967,#4968);
#4967 = CARTESIAN_POINT('',(-1.49,1.49,2.E-02));
#4968 = VECTOR('',#4969,1.);
#4969 = DIRECTION('',(1.,-2.22044604925E-16,0.));
#4970 = ORIENTED_EDGE('',*,*,#4971,.T.);
#4971 = EDGE_CURVE('',#4964,#4972,#4974,.T.);
#4972 = VERTEX_POINT('',#4973);
#4973 = CARTESIAN_POINT('',(-0.3,1.2,2.E-02));
#4974 = LINE('',#4975,#4976);
#4975 = CARTESIAN_POINT('',(-0.3,1.345,2.E-02));
#4976 = VECTOR('',#4977,1.);
#4977 = DIRECTION('',(-4.092722946096E-16,-1.,0.));
#4978 = ORIENTED_EDGE('',*,*,#4979,.T.);
#4979 = EDGE_CURVE('',#4972,#4980,#4982,.T.);
#4980 = VERTEX_POINT('',#4981);
#4981 = CARTESIAN_POINT('',(-0.5,1.2,2.E-02));
#4982 = CIRCLE('',#4983,0.1);
#4983 = AXIS2_PLACEMENT_3D('',#4984,#4985,#4986);
#4984 = CARTESIAN_POINT('',(-0.4,1.2,2.E-02));
#4985 = DIRECTION('',(0.,-0.,-1.));
#4986 = DIRECTION('',(-1.,-9.95799250103E-17,0.));
#4987 = ORIENTED_EDGE('',*,*,#4988,.T.);
#4988 = EDGE_CURVE('',#4980,#4989,#4991,.T.);
#4989 = VERTEX_POINT('',#4990);
#4990 = CARTESIAN_POINT('',(-0.5,1.49,2.E-02));
#4991 = LINE('',#4992,#4993);
#4992 = CARTESIAN_POINT('',(-0.5,1.495,2.E-02));
#4993 = VECTOR('',#4994,1.);
#4994 = DIRECTION('',(4.555315873023E-16,1.,0.));
#4995 = ORIENTED_EDGE('',*,*,#4996,.F.);
#4996 = EDGE_CURVE('',#4997,#4989,#4999,.T.);
#4997 = VERTEX_POINT('',#4998);
#4998 = CARTESIAN_POINT('',(-0.7,1.49,2.E-02));
#4999 = LINE('',#5000,#5001);
#5000 = CARTESIAN_POINT('',(-1.49,1.49,2.E-02));
#5001 = VECTOR('',#5002,1.);
#5002 = DIRECTION('',(1.,-2.22044604925E-16,0.));
#5003 = ORIENTED_EDGE('',*,*,#5004,.T.);
#5004 = EDGE_CURVE('',#4997,#5005,#5007,.T.);
#5005 = VERTEX_POINT('',#5006);
#5006 = CARTESIAN_POINT('',(-0.7,1.2,2.E-02));
#5007 = LINE('',#5008,#5009);
#5008 = CARTESIAN_POINT('',(-0.7,1.345,2.E-02));
#5009 = VECTOR('',#5010,1.);
#5010 = DIRECTION('',(-4.092722946096E-16,-1.,0.));
#5011 = ORIENTED_EDGE('',*,*,#5012,.T.);
#5012 = EDGE_CURVE('',#5005,#5013,#5015,.T.);
#5013 = VERTEX_POINT('',#5014);
#5014 = CARTESIAN_POINT('',(-0.9,1.2,2.E-02));
#5015 = CIRCLE('',#5016,0.1);
#5016 = AXIS2_PLACEMENT_3D('',#5017,#5018,#5019);
#5017 = CARTESIAN_POINT('',(-0.8,1.2,2.E-02));
#5018 = DIRECTION('',(0.,-0.,-1.));
#5019 = DIRECTION('',(-1.,-9.95799250103E-17,0.));
#5020 = ORIENTED_EDGE('',*,*,#5021,.T.);
#5021 = EDGE_CURVE('',#5013,#4362,#5022,.T.);
#5022 = LINE('',#5023,#5024);
#5023 = CARTESIAN_POINT('',(-0.9,1.495,2.E-02));
#5024 = VECTOR('',#5025,1.);
#5025 = DIRECTION('',(4.555315873023E-16,1.,0.));
#5026 = FACE_BOUND('',#5027,.F.);
#5027 = EDGE_LOOP('',(#5028,#5038,#5046,#5054,#5062));
#5028 = ORIENTED_EDGE('',*,*,#5029,.F.);
#5029 = EDGE_CURVE('',#5030,#5032,#5034,.T.);
#5030 = VERTEX_POINT('',#5031);
#5031 = CARTESIAN_POINT('',(-0.9,0.7,2.E-02));
#5032 = VERTEX_POINT('',#5033);
#5033 = CARTESIAN_POINT('',(-0.9,-0.9,2.E-02));
#5034 = LINE('',#5035,#5036);
#5035 = CARTESIAN_POINT('',(-0.9,0.7,2.E-02));
#5036 = VECTOR('',#5037,1.);
#5037 = DIRECTION('',(-2.22044604925E-16,-1.,0.));
#5038 = ORIENTED_EDGE('',*,*,#5039,.F.);
#5039 = EDGE_CURVE('',#5040,#5030,#5042,.T.);
#5040 = VERTEX_POINT('',#5041);
#5041 = CARTESIAN_POINT('',(-0.7,0.9,2.E-02));
#5042 = LINE('',#5043,#5044);
#5043 = CARTESIAN_POINT('',(-0.7,0.9,2.E-02));
#5044 = VECTOR('',#5045,1.);
#5045 = DIRECTION('',(-0.707106781187,-0.707106781187,0.));
#5046 = ORIENTED_EDGE('',*,*,#5047,.F.);
#5047 = EDGE_CURVE('',#5048,#5040,#5050,.T.);
#5048 = VERTEX_POINT('',#5049);
#5049 = CARTESIAN_POINT('',(0.9,0.9,2.E-02));
#5050 = LINE('',#5051,#5052);
#5051 = CARTESIAN_POINT('',(0.9,0.9,2.E-02));
#5052 = VECTOR('',#5053,1.);
#5053 = DIRECTION('',(-1.,2.22044604925E-16,0.));
#5054 = ORIENTED_EDGE('',*,*,#5055,.F.);
#5055 = EDGE_CURVE('',#5056,#5048,#5058,.T.);
#5056 = VERTEX_POINT('',#5057);
#5057 = CARTESIAN_POINT('',(0.9,-0.9,2.E-02));
#5058 = LINE('',#5059,#5060);
#5059 = CARTESIAN_POINT('',(0.9,-0.9,2.E-02));
#5060 = VECTOR('',#5061,1.);
#5061 = DIRECTION('',(2.22044604925E-16,1.,0.));
#5062 = ORIENTED_EDGE('',*,*,#5063,.F.);
#5063 = EDGE_CURVE('',#5032,#5056,#5064,.T.);
#5064 = LINE('',#5065,#5066);
#5065 = CARTESIAN_POINT('',(-0.9,-0.9,2.E-02));
#5066 = VECTOR('',#5067,1.);
#5067 = DIRECTION('',(1.,-1.603655480014E-16,0.));
#5068 = PLANE('',#5069);
#5069 = AXIS2_PLACEMENT_3D('',#5070,#5071,#5072);
#5070 = CARTESIAN_POINT('',(-1.49,1.49,2.E-02));
#5071 = DIRECTION('',(0.,0.,1.));
#5072 = DIRECTION('',(-2.22044604925E-16,-1.,0.));
#5073 = ADVANCED_FACE('',(#5074),#5200,.T.);
#5074 = FACE_BOUND('',#5075,.T.);
#5075 = EDGE_LOOP('',(#5076,#5077,#5085,#5093,#5099,#5100,#5101,#5107,
    #5108,#5109,#5117,#5125,#5131,#5132,#5140,#5148,#5154,#5155,#5163,
    #5171,#5177,#5178,#5186,#5194));
#5076 = ORIENTED_EDGE('',*,*,#4856,.F.);
#5077 = ORIENTED_EDGE('',*,*,#5078,.T.);
#5078 = EDGE_CURVE('',#4857,#5079,#5081,.T.);
#5079 = VERTEX_POINT('',#5080);
#5080 = CARTESIAN_POINT('',(1.49,1.49,0.52));
#5081 = LINE('',#5082,#5083);
#5082 = CARTESIAN_POINT('',(1.49,1.49,2.E-02));
#5083 = VECTOR('',#5084,1.);
#5084 = DIRECTION('',(0.,0.,1.));
#5085 = ORIENTED_EDGE('',*,*,#5086,.T.);
#5086 = EDGE_CURVE('',#5079,#5087,#5089,.T.);
#5087 = VERTEX_POINT('',#5088);
#5088 = CARTESIAN_POINT('',(1.49,-1.49,0.52));
#5089 = LINE('',#5090,#5091);
#5090 = CARTESIAN_POINT('',(1.49,1.49,0.52));
#5091 = VECTOR('',#5092,1.);
#5092 = DIRECTION('',(-2.22044604925E-16,-1.,0.));
#5093 = ORIENTED_EDGE('',*,*,#5094,.F.);
#5094 = EDGE_CURVE('',#4708,#5087,#5095,.T.);
#5095 = LINE('',#5096,#5097);
#5096 = CARTESIAN_POINT('',(1.49,-1.49,2.E-02));
#5097 = VECTOR('',#5098,1.);
#5098 = DIRECTION('',(0.,0.,1.));
#5099 = ORIENTED_EDGE('',*,*,#4715,.F.);
#5100 = ORIENTED_EDGE('',*,*,#4312,.T.);
#5101 = ORIENTED_EDGE('',*,*,#5102,.T.);
#5102 = EDGE_CURVE('',#4313,#4240,#5103,.T.);
#5103 = LINE('',#5104,#5105);
#5104 = CARTESIAN_POINT('',(1.49,0.395,0.2));
#5105 = VECTOR('',#5106,1.);
#5106 = DIRECTION('',(2.22044604925E-16,1.,0.));
#5107 = ORIENTED_EDGE('',*,*,#4247,.T.);
#5108 = ORIENTED_EDGE('',*,*,#4724,.F.);
#5109 = ORIENTED_EDGE('',*,*,#5110,.T.);
#5110 = EDGE_CURVE('',#4725,#5111,#5113,.T.);
#5111 = VERTEX_POINT('',#5112);
#5112 = CARTESIAN_POINT('',(1.49,-0.5,0.2));
#5113 = LINE('',#5114,#5115);
#5114 = CARTESIAN_POINT('',(1.49,-0.5,1.E-02));
#5115 = VECTOR('',#5116,1.);
#5116 = DIRECTION('',(0.,0.,1.));
#5117 = ORIENTED_EDGE('',*,*,#5118,.T.);
#5118 = EDGE_CURVE('',#5111,#5119,#5121,.T.);
#5119 = VERTEX_POINT('',#5120);
#5120 = CARTESIAN_POINT('',(1.49,-0.3,0.2));
#5121 = LINE('',#5122,#5123);
#5122 = CARTESIAN_POINT('',(1.49,0.595,0.2));
#5123 = VECTOR('',#5124,1.);
#5124 = DIRECTION('',(2.22044604925E-16,1.,0.));
#5125 = ORIENTED_EDGE('',*,*,#5126,.T.);
#5126 = EDGE_CURVE('',#5119,#4750,#5127,.T.);
#5127 = LINE('',#5128,#5129);
#5128 = CARTESIAN_POINT('',(1.49,-0.3,1.E-02));
#5129 = VECTOR('',#5130,1.);
#5130 = DIRECTION('',(0.,-0.,-1.));
#5131 = ORIENTED_EDGE('',*,*,#4757,.F.);
#5132 = ORIENTED_EDGE('',*,*,#5133,.T.);
#5133 = EDGE_CURVE('',#4758,#5134,#5136,.T.);
#5134 = VERTEX_POINT('',#5135);
#5135 = CARTESIAN_POINT('',(1.49,-0.1,0.2));
#5136 = LINE('',#5137,#5138);
#5137 = CARTESIAN_POINT('',(1.49,-0.1,1.E-02));
#5138 = VECTOR('',#5139,1.);
#5139 = DIRECTION('',(0.,0.,1.));
#5140 = ORIENTED_EDGE('',*,*,#5141,.T.);
#5141 = EDGE_CURVE('',#5134,#5142,#5144,.T.);
#5142 = VERTEX_POINT('',#5143);
#5143 = CARTESIAN_POINT('',(1.49,0.1,0.2));
#5144 = LINE('',#5145,#5146);
#5145 = CARTESIAN_POINT('',(1.49,0.795,0.2));
#5146 = VECTOR('',#5147,1.);
#5147 = DIRECTION('',(2.22044604925E-16,1.,0.));
#5148 = ORIENTED_EDGE('',*,*,#5149,.T.);
#5149 = EDGE_CURVE('',#5142,#4783,#5150,.T.);
#5150 = LINE('',#5151,#5152);
#5151 = CARTESIAN_POINT('',(1.49,0.1,1.E-02));
#5152 = VECTOR('',#5153,1.);
#5153 = DIRECTION('',(0.,-0.,-1.));
#5154 = ORIENTED_EDGE('',*,*,#4790,.F.);
#5155 = ORIENTED_EDGE('',*,*,#5156,.T.);
#5156 = EDGE_CURVE('',#4791,#5157,#5159,.T.);
#5157 = VERTEX_POINT('',#5158);
#5158 = CARTESIAN_POINT('',(1.49,0.3,0.2));
#5159 = LINE('',#5160,#5161);
#5160 = CARTESIAN_POINT('',(1.49,0.3,1.E-02));
#5161 = VECTOR('',#5162,1.);
#5162 = DIRECTION('',(0.,0.,1.));
#5163 = ORIENTED_EDGE('',*,*,#5164,.T.);
#5164 = EDGE_CURVE('',#5157,#5165,#5167,.T.);
#5165 = VERTEX_POINT('',#5166);
#5166 = CARTESIAN_POINT('',(1.49,0.5,0.2));
#5167 = LINE('',#5168,#5169);
#5168 = CARTESIAN_POINT('',(1.49,0.995,0.2));
#5169 = VECTOR('',#5170,1.);
#5170 = DIRECTION('',(2.22044604925E-16,1.,0.));
#5171 = ORIENTED_EDGE('',*,*,#5172,.T.);
#5172 = EDGE_CURVE('',#5165,#4816,#5173,.T.);
#5173 = LINE('',#5174,#5175);
#5174 = CARTESIAN_POINT('',(1.49,0.5,1.E-02));
#5175 = VECTOR('',#5176,1.);
#5176 = DIRECTION('',(0.,-0.,-1.));
#5177 = ORIENTED_EDGE('',*,*,#4823,.F.);
#5178 = ORIENTED_EDGE('',*,*,#5179,.T.);
#5179 = EDGE_CURVE('',#4824,#5180,#5182,.T.);
#5180 = VERTEX_POINT('',#5181);
#5181 = CARTESIAN_POINT('',(1.49,0.7,0.2));
#5182 = LINE('',#5183,#5184);
#5183 = CARTESIAN_POINT('',(1.49,0.7,1.E-02));
#5184 = VECTOR('',#5185,1.);
#5185 = DIRECTION('',(0.,0.,1.));
#5186 = ORIENTED_EDGE('',*,*,#5187,.T.);
#5187 = EDGE_CURVE('',#5180,#5188,#5190,.T.);
#5188 = VERTEX_POINT('',#5189);
#5189 = CARTESIAN_POINT('',(1.49,0.9,0.2));
#5190 = LINE('',#5191,#5192);
#5191 = CARTESIAN_POINT('',(1.49,1.195,0.2));
#5192 = VECTOR('',#5193,1.);
#5193 = DIRECTION('',(2.22044604925E-16,1.,0.));
#5194 = ORIENTED_EDGE('',*,*,#5195,.T.);
#5195 = EDGE_CURVE('',#5188,#4849,#5196,.T.);
#5196 = LINE('',#5197,#5198);
#5197 = CARTESIAN_POINT('',(1.49,0.9,1.E-02));
#5198 = VECTOR('',#5199,1.);
#5199 = DIRECTION('',(0.,-0.,-1.));
#5200 = PLANE('',#5201);
#5201 = AXIS2_PLACEMENT_3D('',#5202,#5203,#5204);
#5202 = CARTESIAN_POINT('',(1.49,1.49,2.E-02));
#5203 = DIRECTION('',(1.,-2.22044604925E-16,0.));
#5204 = DIRECTION('',(0.,0.,1.));
#5205 = ADVANCED_FACE('',(#5206),#5212,.F.);
#5206 = FACE_BOUND('',#5207,.F.);
#5207 = EDGE_LOOP('',(#5208,#5209,#5210,#5211));
#5208 = ORIENTED_EDGE('',*,*,#4239,.F.);
#5209 = ORIENTED_EDGE('',*,*,#4343,.F.);
#5210 = ORIENTED_EDGE('',*,*,#4320,.F.);
#5211 = ORIENTED_EDGE('',*,*,#5102,.T.);
#5212 = PLANE('',#5213);
#5213 = AXIS2_PLACEMENT_3D('',#5214,#5215,#5216);
#5214 = CARTESIAN_POINT('',(1.5,-0.7,0.2));
#5215 = DIRECTION('',(0.,0.,-1.));
#5216 = DIRECTION('',(-3.445092848398E-16,-1.,-0.));
#5217 = ADVANCED_FACE('',(#5218),#5351,.F.);
#5218 = FACE_BOUND('',#5219,.F.);
#5219 = EDGE_LOOP('',(#5220,#5228,#5234,#5235,#5243,#5251,#5257,#5258,
    #5266,#5274,#5280,#5281,#5289,#5297,#5303,#5304,#5312,#5320,#5326,
    #5327,#5335,#5343,#5349,#5350));
#5220 = ORIENTED_EDGE('',*,*,#5221,.F.);
#5221 = EDGE_CURVE('',#5222,#5079,#5224,.T.);
#5222 = VERTEX_POINT('',#5223);
#5223 = CARTESIAN_POINT('',(-1.49,1.49,0.52));
#5224 = LINE('',#5225,#5226);
#5225 = CARTESIAN_POINT('',(-1.49,1.49,0.52));
#5226 = VECTOR('',#5227,1.);
#5227 = DIRECTION('',(1.,-2.22044604925E-16,0.));
#5228 = ORIENTED_EDGE('',*,*,#5229,.F.);
#5229 = EDGE_CURVE('',#4360,#5222,#5230,.T.);
#5230 = LINE('',#5231,#5232);
#5231 = CARTESIAN_POINT('',(-1.49,1.49,2.E-02));
#5232 = VECTOR('',#5233,1.);
#5233 = DIRECTION('',(0.,0.,1.));
#5234 = ORIENTED_EDGE('',*,*,#4359,.T.);
#5235 = ORIENTED_EDGE('',*,*,#5236,.T.);
#5236 = EDGE_CURVE('',#4362,#5237,#5239,.T.);
#5237 = VERTEX_POINT('',#5238);
#5238 = CARTESIAN_POINT('',(-0.9,1.49,0.2));
#5239 = LINE('',#5240,#5241);
#5240 = CARTESIAN_POINT('',(-0.9,1.49,1.E-02));
#5241 = VECTOR('',#5242,1.);
#5242 = DIRECTION('',(0.,0.,1.));
#5243 = ORIENTED_EDGE('',*,*,#5244,.T.);
#5244 = EDGE_CURVE('',#5237,#5245,#5247,.T.);
#5245 = VERTEX_POINT('',#5246);
#5246 = CARTESIAN_POINT('',(-0.7,1.49,0.2));
#5247 = LINE('',#5248,#5249);
#5248 = CARTESIAN_POINT('',(-1.195,1.49,0.2));
#5249 = VECTOR('',#5250,1.);
#5250 = DIRECTION('',(1.,-2.22044604925E-16,0.));
#5251 = ORIENTED_EDGE('',*,*,#5252,.T.);
#5252 = EDGE_CURVE('',#5245,#4997,#5253,.T.);
#5253 = LINE('',#5254,#5255);
#5254 = CARTESIAN_POINT('',(-0.7,1.49,1.E-02));
#5255 = VECTOR('',#5256,1.);
#5256 = DIRECTION('',(-0.,0.,-1.));
#5257 = ORIENTED_EDGE('',*,*,#4996,.T.);
#5258 = ORIENTED_EDGE('',*,*,#5259,.T.);
#5259 = EDGE_CURVE('',#4989,#5260,#5262,.T.);
#5260 = VERTEX_POINT('',#5261);
#5261 = CARTESIAN_POINT('',(-0.5,1.49,0.2));
#5262 = LINE('',#5263,#5264);
#5263 = CARTESIAN_POINT('',(-0.5,1.49,1.E-02));
#5264 = VECTOR('',#5265,1.);
#5265 = DIRECTION('',(0.,0.,1.));
#5266 = ORIENTED_EDGE('',*,*,#5267,.T.);
#5267 = EDGE_CURVE('',#5260,#5268,#5270,.T.);
#5268 = VERTEX_POINT('',#5269);
#5269 = CARTESIAN_POINT('',(-0.3,1.49,0.2));
#5270 = LINE('',#5271,#5272);
#5271 = CARTESIAN_POINT('',(-0.995,1.49,0.2));
#5272 = VECTOR('',#5273,1.);
#5273 = DIRECTION('',(1.,-2.22044604925E-16,0.));
#5274 = ORIENTED_EDGE('',*,*,#5275,.T.);
#5275 = EDGE_CURVE('',#5268,#4964,#5276,.T.);
#5276 = LINE('',#5277,#5278);
#5277 = CARTESIAN_POINT('',(-0.3,1.49,1.E-02));
#5278 = VECTOR('',#5279,1.);
#5279 = DIRECTION('',(-0.,0.,-1.));
#5280 = ORIENTED_EDGE('',*,*,#4963,.T.);
#5281 = ORIENTED_EDGE('',*,*,#5282,.T.);
#5282 = EDGE_CURVE('',#4956,#5283,#5285,.T.);
#5283 = VERTEX_POINT('',#5284);
#5284 = CARTESIAN_POINT('',(-0.1,1.49,0.2));
#5285 = LINE('',#5286,#5287);
#5286 = CARTESIAN_POINT('',(-0.1,1.49,1.E-02));
#5287 = VECTOR('',#5288,1.);
#5288 = DIRECTION('',(0.,0.,1.));
#5289 = ORIENTED_EDGE('',*,*,#5290,.T.);
#5290 = EDGE_CURVE('',#5283,#5291,#5293,.T.);
#5291 = VERTEX_POINT('',#5292);
#5292 = CARTESIAN_POINT('',(0.1,1.49,0.2));
#5293 = LINE('',#5294,#5295);
#5294 = CARTESIAN_POINT('',(-0.795,1.49,0.2));
#5295 = VECTOR('',#5296,1.);
#5296 = DIRECTION('',(1.,-2.22044604925E-16,0.));
#5297 = ORIENTED_EDGE('',*,*,#5298,.T.);
#5298 = EDGE_CURVE('',#5291,#4931,#5299,.T.);
#5299 = LINE('',#5300,#5301);
#5300 = CARTESIAN_POINT('',(0.1,1.49,1.E-02));
#5301 = VECTOR('',#5302,1.);
#5302 = DIRECTION('',(-0.,0.,-1.));
#5303 = ORIENTED_EDGE('',*,*,#4930,.T.);
#5304 = ORIENTED_EDGE('',*,*,#5305,.T.);
#5305 = EDGE_CURVE('',#4923,#5306,#5308,.T.);
#5306 = VERTEX_POINT('',#5307);
#5307 = CARTESIAN_POINT('',(0.3,1.49,0.2));
#5308 = LINE('',#5309,#5310);
#5309 = CARTESIAN_POINT('',(0.3,1.49,1.E-02));
#5310 = VECTOR('',#5311,1.);
#5311 = DIRECTION('',(0.,0.,1.));
#5312 = ORIENTED_EDGE('',*,*,#5313,.T.);
#5313 = EDGE_CURVE('',#5306,#5314,#5316,.T.);
#5314 = VERTEX_POINT('',#5315);
#5315 = CARTESIAN_POINT('',(0.5,1.49,0.2));
#5316 = LINE('',#5317,#5318);
#5317 = CARTESIAN_POINT('',(-0.595,1.49,0.2));
#5318 = VECTOR('',#5319,1.);
#5319 = DIRECTION('',(1.,-2.22044604925E-16,0.));
#5320 = ORIENTED_EDGE('',*,*,#5321,.T.);
#5321 = EDGE_CURVE('',#5314,#4898,#5322,.T.);
#5322 = LINE('',#5323,#5324);
#5323 = CARTESIAN_POINT('',(0.5,1.49,1.E-02));
#5324 = VECTOR('',#5325,1.);
#5325 = DIRECTION('',(-0.,0.,-1.));
#5326 = ORIENTED_EDGE('',*,*,#4897,.T.);
#5327 = ORIENTED_EDGE('',*,*,#5328,.T.);
#5328 = EDGE_CURVE('',#4890,#5329,#5331,.T.);
#5329 = VERTEX_POINT('',#5330);
#5330 = CARTESIAN_POINT('',(0.7,1.49,0.2));
#5331 = LINE('',#5332,#5333);
#5332 = CARTESIAN_POINT('',(0.7,1.49,1.E-02));
#5333 = VECTOR('',#5334,1.);
#5334 = DIRECTION('',(0.,0.,1.));
#5335 = ORIENTED_EDGE('',*,*,#5336,.T.);
#5336 = EDGE_CURVE('',#5329,#5337,#5339,.T.);
#5337 = VERTEX_POINT('',#5338);
#5338 = CARTESIAN_POINT('',(0.9,1.49,0.2));
#5339 = LINE('',#5340,#5341);
#5340 = CARTESIAN_POINT('',(-0.395,1.49,0.2));
#5341 = VECTOR('',#5342,1.);
#5342 = DIRECTION('',(1.,-2.22044604925E-16,0.));
#5343 = ORIENTED_EDGE('',*,*,#5344,.T.);
#5344 = EDGE_CURVE('',#5337,#4865,#5345,.T.);
#5345 = LINE('',#5346,#5347);
#5346 = CARTESIAN_POINT('',(0.9,1.49,1.E-02));
#5347 = VECTOR('',#5348,1.);
#5348 = DIRECTION('',(-0.,0.,-1.));
#5349 = ORIENTED_EDGE('',*,*,#4864,.T.);
#5350 = ORIENTED_EDGE('',*,*,#5078,.T.);
#5351 = PLANE('',#5352);
#5352 = AXIS2_PLACEMENT_3D('',#5353,#5354,#5355);
#5353 = CARTESIAN_POINT('',(-1.49,1.49,2.E-02));
#5354 = DIRECTION('',(-2.22044604925E-16,-1.,0.));
#5355 = DIRECTION('',(0.,0.,1.));
#5356 = ADVANCED_FACE('',(#5357),#5490,.F.);
#5357 = FACE_BOUND('',#5358,.F.);
#5358 = EDGE_LOOP('',(#5359,#5360,#5361,#5369,#5375,#5376,#5384,#5392,
    #5398,#5399,#5407,#5415,#5421,#5422,#5430,#5438,#5444,#5445,#5453,
    #5461,#5467,#5468,#5476,#5484));
#5359 = ORIENTED_EDGE('',*,*,#4369,.F.);
#5360 = ORIENTED_EDGE('',*,*,#5229,.T.);
#5361 = ORIENTED_EDGE('',*,*,#5362,.T.);
#5362 = EDGE_CURVE('',#5222,#5363,#5365,.T.);
#5363 = VERTEX_POINT('',#5364);
#5364 = CARTESIAN_POINT('',(-1.49,-1.49,0.52));
#5365 = LINE('',#5366,#5367);
#5366 = CARTESIAN_POINT('',(-1.49,1.49,0.52));
#5367 = VECTOR('',#5368,1.);
#5368 = DIRECTION('',(-2.22044604925E-16,-1.,0.));
#5369 = ORIENTED_EDGE('',*,*,#5370,.F.);
#5370 = EDGE_CURVE('',#4535,#5363,#5371,.T.);
#5371 = LINE('',#5372,#5373);
#5372 = CARTESIAN_POINT('',(-1.49,-1.49,2.E-02));
#5373 = VECTOR('',#5374,1.);
#5374 = DIRECTION('',(0.,0.,1.));
#5375 = ORIENTED_EDGE('',*,*,#4534,.F.);
#5376 = ORIENTED_EDGE('',*,*,#5377,.T.);
#5377 = EDGE_CURVE('',#4527,#5378,#5380,.T.);
#5378 = VERTEX_POINT('',#5379);
#5379 = CARTESIAN_POINT('',(-1.49,-0.9,0.2));
#5380 = LINE('',#5381,#5382);
#5381 = CARTESIAN_POINT('',(-1.49,-0.9,1.E-02));
#5382 = VECTOR('',#5383,1.);
#5383 = DIRECTION('',(0.,0.,1.));
#5384 = ORIENTED_EDGE('',*,*,#5385,.T.);
#5385 = EDGE_CURVE('',#5378,#5386,#5388,.T.);
#5386 = VERTEX_POINT('',#5387);
#5387 = CARTESIAN_POINT('',(-1.49,-0.7,0.2));
#5388 = LINE('',#5389,#5390);
#5389 = CARTESIAN_POINT('',(-1.49,0.295,0.2));
#5390 = VECTOR('',#5391,1.);
#5391 = DIRECTION('',(2.22044604925E-16,1.,0.));
#5392 = ORIENTED_EDGE('',*,*,#5393,.T.);
#5393 = EDGE_CURVE('',#5386,#4502,#5394,.T.);
#5394 = LINE('',#5395,#5396);
#5395 = CARTESIAN_POINT('',(-1.49,-0.7,1.E-02));
#5396 = VECTOR('',#5397,1.);
#5397 = DIRECTION('',(0.,-0.,-1.));
#5398 = ORIENTED_EDGE('',*,*,#4501,.F.);
#5399 = ORIENTED_EDGE('',*,*,#5400,.T.);
#5400 = EDGE_CURVE('',#4494,#5401,#5403,.T.);
#5401 = VERTEX_POINT('',#5402);
#5402 = CARTESIAN_POINT('',(-1.49,-0.5,0.2));
#5403 = LINE('',#5404,#5405);
#5404 = CARTESIAN_POINT('',(-1.49,-0.5,1.E-02));
#5405 = VECTOR('',#5406,1.);
#5406 = DIRECTION('',(0.,0.,1.));
#5407 = ORIENTED_EDGE('',*,*,#5408,.T.);
#5408 = EDGE_CURVE('',#5401,#5409,#5411,.T.);
#5409 = VERTEX_POINT('',#5410);
#5410 = CARTESIAN_POINT('',(-1.49,-0.3,0.2));
#5411 = LINE('',#5412,#5413);
#5412 = CARTESIAN_POINT('',(-1.49,0.495,0.2));
#5413 = VECTOR('',#5414,1.);
#5414 = DIRECTION('',(2.22044604925E-16,1.,0.));
#5415 = ORIENTED_EDGE('',*,*,#5416,.T.);
#5416 = EDGE_CURVE('',#5409,#4469,#5417,.T.);
#5417 = LINE('',#5418,#5419);
#5418 = CARTESIAN_POINT('',(-1.49,-0.3,1.E-02));
#5419 = VECTOR('',#5420,1.);
#5420 = DIRECTION('',(0.,-0.,-1.));
#5421 = ORIENTED_EDGE('',*,*,#4468,.F.);
#5422 = ORIENTED_EDGE('',*,*,#5423,.T.);
#5423 = EDGE_CURVE('',#4461,#5424,#5426,.T.);
#5424 = VERTEX_POINT('',#5425);
#5425 = CARTESIAN_POINT('',(-1.49,-0.1,0.2));
#5426 = LINE('',#5427,#5428);
#5427 = CARTESIAN_POINT('',(-1.49,-0.1,1.E-02));
#5428 = VECTOR('',#5429,1.);
#5429 = DIRECTION('',(0.,0.,1.));
#5430 = ORIENTED_EDGE('',*,*,#5431,.T.);
#5431 = EDGE_CURVE('',#5424,#5432,#5434,.T.);
#5432 = VERTEX_POINT('',#5433);
#5433 = CARTESIAN_POINT('',(-1.49,0.1,0.2));
#5434 = LINE('',#5435,#5436);
#5435 = CARTESIAN_POINT('',(-1.49,0.695,0.2));
#5436 = VECTOR('',#5437,1.);
#5437 = DIRECTION('',(2.22044604925E-16,1.,0.));
#5438 = ORIENTED_EDGE('',*,*,#5439,.T.);
#5439 = EDGE_CURVE('',#5432,#4436,#5440,.T.);
#5440 = LINE('',#5441,#5442);
#5441 = CARTESIAN_POINT('',(-1.49,0.1,1.E-02));
#5442 = VECTOR('',#5443,1.);
#5443 = DIRECTION('',(0.,-0.,-1.));
#5444 = ORIENTED_EDGE('',*,*,#4435,.F.);
#5445 = ORIENTED_EDGE('',*,*,#5446,.T.);
#5446 = EDGE_CURVE('',#4428,#5447,#5449,.T.);
#5447 = VERTEX_POINT('',#5448);
#5448 = CARTESIAN_POINT('',(-1.49,0.3,0.2));
#5449 = LINE('',#5450,#5451);
#5450 = CARTESIAN_POINT('',(-1.49,0.3,1.E-02));
#5451 = VECTOR('',#5452,1.);
#5452 = DIRECTION('',(0.,0.,1.));
#5453 = ORIENTED_EDGE('',*,*,#5454,.T.);
#5454 = EDGE_CURVE('',#5447,#5455,#5457,.T.);
#5455 = VERTEX_POINT('',#5456);
#5456 = CARTESIAN_POINT('',(-1.49,0.5,0.2));
#5457 = LINE('',#5458,#5459);
#5458 = CARTESIAN_POINT('',(-1.49,0.895,0.2));
#5459 = VECTOR('',#5460,1.);
#5460 = DIRECTION('',(2.22044604925E-16,1.,0.));
#5461 = ORIENTED_EDGE('',*,*,#5462,.T.);
#5462 = EDGE_CURVE('',#5455,#4403,#5463,.T.);
#5463 = LINE('',#5464,#5465);
#5464 = CARTESIAN_POINT('',(-1.49,0.5,1.E-02));
#5465 = VECTOR('',#5466,1.);
#5466 = DIRECTION('',(0.,-0.,-1.));
#5467 = ORIENTED_EDGE('',*,*,#4402,.F.);
#5468 = ORIENTED_EDGE('',*,*,#5469,.T.);
#5469 = EDGE_CURVE('',#4395,#5470,#5472,.T.);
#5470 = VERTEX_POINT('',#5471);
#5471 = CARTESIAN_POINT('',(-1.49,0.7,0.2));
#5472 = LINE('',#5473,#5474);
#5473 = CARTESIAN_POINT('',(-1.49,0.7,1.E-02));
#5474 = VECTOR('',#5475,1.);
#5475 = DIRECTION('',(0.,0.,1.));
#5476 = ORIENTED_EDGE('',*,*,#5477,.T.);
#5477 = EDGE_CURVE('',#5470,#5478,#5480,.T.);
#5478 = VERTEX_POINT('',#5479);
#5479 = CARTESIAN_POINT('',(-1.49,0.9,0.2));
#5480 = LINE('',#5481,#5482);
#5481 = CARTESIAN_POINT('',(-1.49,1.095,0.2));
#5482 = VECTOR('',#5483,1.);
#5483 = DIRECTION('',(2.22044604925E-16,1.,0.));
#5484 = ORIENTED_EDGE('',*,*,#5485,.T.);
#5485 = EDGE_CURVE('',#5478,#4370,#5486,.T.);
#5486 = LINE('',#5487,#5488);
#5487 = CARTESIAN_POINT('',(-1.49,0.9,1.E-02));
#5488 = VECTOR('',#5489,1.);
#5489 = DIRECTION('',(0.,-0.,-1.));
#5490 = PLANE('',#5491);
#5491 = AXIS2_PLACEMENT_3D('',#5492,#5493,#5494);
#5492 = CARTESIAN_POINT('',(-1.49,1.49,2.E-02));
#5493 = DIRECTION('',(1.,-2.22044604925E-16,0.));
#5494 = DIRECTION('',(0.,0.,1.));
#5495 = ADVANCED_FACE('',(#5496),#5530,.F.);
#5496 = FACE_BOUND('',#5497,.F.);
#5497 = EDGE_LOOP('',(#5498,#5508,#5516,#5522,#5523,#5524));
#5498 = ORIENTED_EDGE('',*,*,#5499,.F.);
#5499 = EDGE_CURVE('',#5500,#5502,#5504,.T.);
#5500 = VERTEX_POINT('',#5501);
#5501 = CARTESIAN_POINT('',(-0.9,1.5,0.));
#5502 = VERTEX_POINT('',#5503);
#5503 = CARTESIAN_POINT('',(-0.9,1.2,0.));
#5504 = LINE('',#5505,#5506);
#5505 = CARTESIAN_POINT('',(-0.9,1.5,0.));
#5506 = VECTOR('',#5507,1.);
#5507 = DIRECTION('',(-4.555315873023E-16,-1.,0.));
#5508 = ORIENTED_EDGE('',*,*,#5509,.T.);
#5509 = EDGE_CURVE('',#5500,#5510,#5512,.T.);
#5510 = VERTEX_POINT('',#5511);
#5511 = CARTESIAN_POINT('',(-0.9,1.5,0.2));
#5512 = LINE('',#5513,#5514);
#5513 = CARTESIAN_POINT('',(-0.9,1.5,0.));
#5514 = VECTOR('',#5515,1.);
#5515 = DIRECTION('',(0.,0.,1.));
#5516 = ORIENTED_EDGE('',*,*,#5517,.T.);
#5517 = EDGE_CURVE('',#5510,#5237,#5518,.T.);
#5518 = LINE('',#5519,#5520);
#5519 = CARTESIAN_POINT('',(-0.9,1.5,0.2));
#5520 = VECTOR('',#5521,1.);
#5521 = DIRECTION('',(-4.555315873023E-16,-1.,0.));
#5522 = ORIENTED_EDGE('',*,*,#5236,.F.);
#5523 = ORIENTED_EDGE('',*,*,#5021,.F.);
#5524 = ORIENTED_EDGE('',*,*,#5525,.F.);
#5525 = EDGE_CURVE('',#5502,#5013,#5526,.T.);
#5526 = LINE('',#5527,#5528);
#5527 = CARTESIAN_POINT('',(-0.9,1.2,0.));
#5528 = VECTOR('',#5529,1.);
#5529 = DIRECTION('',(0.,0.,1.));
#5530 = PLANE('',#5531);
#5531 = AXIS2_PLACEMENT_3D('',#5532,#5533,#5534);
#5532 = CARTESIAN_POINT('',(-0.9,1.5,0.));
#5533 = DIRECTION('',(1.,-4.555315873023E-16,0.));
#5534 = DIRECTION('',(-4.555315873023E-16,-1.,0.));
#5535 = ADVANCED_FACE('',(#5536),#5570,.F.);
#5536 = FACE_BOUND('',#5537,.F.);
#5537 = EDGE_LOOP('',(#5538,#5548,#5554,#5555,#5556,#5564));
#5538 = ORIENTED_EDGE('',*,*,#5539,.F.);
#5539 = EDGE_CURVE('',#5540,#5542,#5544,.T.);
#5540 = VERTEX_POINT('',#5541);
#5541 = CARTESIAN_POINT('',(-1.2,0.9,0.));
#5542 = VERTEX_POINT('',#5543);
#5543 = CARTESIAN_POINT('',(-1.5,0.9,0.));
#5544 = LINE('',#5545,#5546);
#5545 = CARTESIAN_POINT('',(-1.2,0.9,0.));
#5546 = VECTOR('',#5547,1.);
#5547 = DIRECTION('',(-1.,4.207146720618E-16,0.));
#5548 = ORIENTED_EDGE('',*,*,#5549,.T.);
#5549 = EDGE_CURVE('',#5540,#4378,#5550,.T.);
#5550 = LINE('',#5551,#5552);
#5551 = CARTESIAN_POINT('',(-1.2,0.9,0.));
#5552 = VECTOR('',#5553,1.);
#5553 = DIRECTION('',(0.,0.,1.));
#5554 = ORIENTED_EDGE('',*,*,#4377,.F.);
#5555 = ORIENTED_EDGE('',*,*,#5485,.F.);
#5556 = ORIENTED_EDGE('',*,*,#5557,.T.);
#5557 = EDGE_CURVE('',#5478,#5558,#5560,.T.);
#5558 = VERTEX_POINT('',#5559);
#5559 = CARTESIAN_POINT('',(-1.5,0.9,0.2));
#5560 = LINE('',#5561,#5562);
#5561 = CARTESIAN_POINT('',(-1.2,0.9,0.2));
#5562 = VECTOR('',#5563,1.);
#5563 = DIRECTION('',(-1.,4.207146720618E-16,0.));
#5564 = ORIENTED_EDGE('',*,*,#5565,.F.);
#5565 = EDGE_CURVE('',#5542,#5558,#5566,.T.);
#5566 = LINE('',#5567,#5568);
#5567 = CARTESIAN_POINT('',(-1.5,0.9,0.));
#5568 = VECTOR('',#5569,1.);
#5569 = DIRECTION('',(0.,0.,1.));
#5570 = PLANE('',#5571);
#5571 = AXIS2_PLACEMENT_3D('',#5572,#5573,#5574);
#5572 = CARTESIAN_POINT('',(-1.2,0.9,0.));
#5573 = DIRECTION('',(-4.207146720618E-16,-1.,0.));
#5574 = DIRECTION('',(-1.,4.207146720618E-16,0.));
#5575 = ADVANCED_FACE('',(#5576),#5595,.T.);
#5576 = FACE_BOUND('',#5577,.T.);
#5577 = EDGE_LOOP('',(#5578,#5586,#5587,#5588));
#5578 = ORIENTED_EDGE('',*,*,#5579,.T.);
#5579 = EDGE_CURVE('',#5580,#5005,#5582,.T.);
#5580 = VERTEX_POINT('',#5581);
#5581 = CARTESIAN_POINT('',(-0.7,1.2,0.));
#5582 = LINE('',#5583,#5584);
#5583 = CARTESIAN_POINT('',(-0.7,1.2,0.));
#5584 = VECTOR('',#5585,1.);
#5585 = DIRECTION('',(0.,0.,1.));
#5586 = ORIENTED_EDGE('',*,*,#5012,.T.);
#5587 = ORIENTED_EDGE('',*,*,#5525,.F.);
#5588 = ORIENTED_EDGE('',*,*,#5589,.T.);
#5589 = EDGE_CURVE('',#5502,#5580,#5590,.T.);
#5590 = CIRCLE('',#5591,0.1);
#5591 = AXIS2_PLACEMENT_3D('',#5592,#5593,#5594);
#5592 = CARTESIAN_POINT('',(-0.8,1.2,0.));
#5593 = DIRECTION('',(0.,0.,1.));
#5594 = DIRECTION('',(-1.,-9.95799250103E-17,0.));
#5595 = CYLINDRICAL_SURFACE('',#5596,0.1);
#5596 = AXIS2_PLACEMENT_3D('',#5597,#5598,#5599);
#5597 = CARTESIAN_POINT('',(-0.8,1.2,0.));
#5598 = DIRECTION('',(0.,0.,-1.));
#5599 = DIRECTION('',(-1.,-9.95799250103E-17,-0.));
#5600 = ADVANCED_FACE('',(#5601),#5620,.T.);
#5601 = FACE_BOUND('',#5602,.T.);
#5602 = EDGE_LOOP('',(#5603,#5604,#5605,#5613));
#5603 = ORIENTED_EDGE('',*,*,#5549,.T.);
#5604 = ORIENTED_EDGE('',*,*,#4385,.T.);
#5605 = ORIENTED_EDGE('',*,*,#5606,.F.);
#5606 = EDGE_CURVE('',#5607,#4386,#5609,.T.);
#5607 = VERTEX_POINT('',#5608);
#5608 = CARTESIAN_POINT('',(-1.2,0.7,0.));
#5609 = LINE('',#5610,#5611);
#5610 = CARTESIAN_POINT('',(-1.2,0.7,0.));
#5611 = VECTOR('',#5612,1.);
#5612 = DIRECTION('',(0.,0.,1.));
#5613 = ORIENTED_EDGE('',*,*,#5614,.T.);
#5614 = EDGE_CURVE('',#5607,#5540,#5615,.T.);
#5615 = CIRCLE('',#5616,0.1);
#5616 = AXIS2_PLACEMENT_3D('',#5617,#5618,#5619);
#5617 = CARTESIAN_POINT('',(-1.2,0.8,0.));
#5618 = DIRECTION('',(-0.,0.,1.));
#5619 = DIRECTION('',(8.813754755808E-17,-1.,0.));
#5620 = CYLINDRICAL_SURFACE('',#5621,0.1);
#5621 = AXIS2_PLACEMENT_3D('',#5622,#5623,#5624);
#5622 = CARTESIAN_POINT('',(-1.2,0.8,0.));
#5623 = DIRECTION('',(0.,0.,-1.));
#5624 = DIRECTION('',(8.813754755808E-17,-1.,0.));
#5625 = ADVANCED_FACE('',(#5626),#5653,.F.);
#5626 = FACE_BOUND('',#5627,.F.);
#5627 = EDGE_LOOP('',(#5628,#5636,#5637,#5638,#5639,#5647));
#5628 = ORIENTED_EDGE('',*,*,#5629,.F.);
#5629 = EDGE_CURVE('',#5580,#5630,#5632,.T.);
#5630 = VERTEX_POINT('',#5631);
#5631 = CARTESIAN_POINT('',(-0.7,1.5,0.));
#5632 = LINE('',#5633,#5634);
#5633 = CARTESIAN_POINT('',(-0.7,1.2,0.));
#5634 = VECTOR('',#5635,1.);
#5635 = DIRECTION('',(4.092722946096E-16,1.,0.));
#5636 = ORIENTED_EDGE('',*,*,#5579,.T.);
#5637 = ORIENTED_EDGE('',*,*,#5004,.F.);
#5638 = ORIENTED_EDGE('',*,*,#5252,.F.);
#5639 = ORIENTED_EDGE('',*,*,#5640,.T.);
#5640 = EDGE_CURVE('',#5245,#5641,#5643,.T.);
#5641 = VERTEX_POINT('',#5642);
#5642 = CARTESIAN_POINT('',(-0.7,1.5,0.2));
#5643 = LINE('',#5644,#5645);
#5644 = CARTESIAN_POINT('',(-0.7,1.2,0.2));
#5645 = VECTOR('',#5646,1.);
#5646 = DIRECTION('',(4.092722946096E-16,1.,0.));
#5647 = ORIENTED_EDGE('',*,*,#5648,.F.);
#5648 = EDGE_CURVE('',#5630,#5641,#5649,.T.);
#5649 = LINE('',#5650,#5651);
#5650 = CARTESIAN_POINT('',(-0.7,1.5,0.));
#5651 = VECTOR('',#5652,1.);
#5652 = DIRECTION('',(0.,0.,1.));
#5653 = PLANE('',#5654);
#5654 = AXIS2_PLACEMENT_3D('',#5655,#5656,#5657);
#5655 = CARTESIAN_POINT('',(-0.7,1.2,0.));
#5656 = DIRECTION('',(-1.,4.092722946096E-16,0.));
#5657 = DIRECTION('',(4.092722946096E-16,1.,0.));
#5658 = ADVANCED_FACE('',(#5659),#5686,.F.);
#5659 = FACE_BOUND('',#5660,.F.);
#5660 = EDGE_LOOP('',(#5661,#5669,#5677,#5683,#5684,#5685));
#5661 = ORIENTED_EDGE('',*,*,#5662,.F.);
#5662 = EDGE_CURVE('',#5663,#5607,#5665,.T.);
#5663 = VERTEX_POINT('',#5664);
#5664 = CARTESIAN_POINT('',(-1.5,0.7,0.));
#5665 = LINE('',#5666,#5667);
#5666 = CARTESIAN_POINT('',(-1.5,0.7,0.));
#5667 = VECTOR('',#5668,1.);
#5668 = DIRECTION('',(1.,-4.669739647545E-16,0.));
#5669 = ORIENTED_EDGE('',*,*,#5670,.T.);
#5670 = EDGE_CURVE('',#5663,#5671,#5673,.T.);
#5671 = VERTEX_POINT('',#5672);
#5672 = CARTESIAN_POINT('',(-1.5,0.7,0.2));
#5673 = LINE('',#5674,#5675);
#5674 = CARTESIAN_POINT('',(-1.5,0.7,0.));
#5675 = VECTOR('',#5676,1.);
#5676 = DIRECTION('',(0.,0.,1.));
#5677 = ORIENTED_EDGE('',*,*,#5678,.T.);
#5678 = EDGE_CURVE('',#5671,#5470,#5679,.T.);
#5679 = LINE('',#5680,#5681);
#5680 = CARTESIAN_POINT('',(-1.5,0.7,0.2));
#5681 = VECTOR('',#5682,1.);
#5682 = DIRECTION('',(1.,-4.669739647545E-16,0.));
#5683 = ORIENTED_EDGE('',*,*,#5469,.F.);
#5684 = ORIENTED_EDGE('',*,*,#4394,.F.);
#5685 = ORIENTED_EDGE('',*,*,#5606,.F.);
#5686 = PLANE('',#5687);
#5687 = AXIS2_PLACEMENT_3D('',#5688,#5689,#5690);
#5688 = CARTESIAN_POINT('',(-1.5,0.7,0.));
#5689 = DIRECTION('',(4.669739647545E-16,1.,0.));
#5690 = DIRECTION('',(1.,-4.669739647545E-16,0.));
#5691 = ADVANCED_FACE('',(#5692),#5726,.F.);
#5692 = FACE_BOUND('',#5693,.F.);
#5693 = EDGE_LOOP('',(#5694,#5704,#5712,#5718,#5719,#5720));
#5694 = ORIENTED_EDGE('',*,*,#5695,.F.);
#5695 = EDGE_CURVE('',#5696,#5698,#5700,.T.);
#5696 = VERTEX_POINT('',#5697);
#5697 = CARTESIAN_POINT('',(-0.5,1.5,0.));
#5698 = VERTEX_POINT('',#5699);
#5699 = CARTESIAN_POINT('',(-0.5,1.2,0.));
#5700 = LINE('',#5701,#5702);
#5701 = CARTESIAN_POINT('',(-0.5,1.5,0.));
#5702 = VECTOR('',#5703,1.);
#5703 = DIRECTION('',(-4.555315873023E-16,-1.,0.));
#5704 = ORIENTED_EDGE('',*,*,#5705,.T.);
#5705 = EDGE_CURVE('',#5696,#5706,#5708,.T.);
#5706 = VERTEX_POINT('',#5707);
#5707 = CARTESIAN_POINT('',(-0.5,1.5,0.2));
#5708 = LINE('',#5709,#5710);
#5709 = CARTESIAN_POINT('',(-0.5,1.5,0.));
#5710 = VECTOR('',#5711,1.);
#5711 = DIRECTION('',(0.,0.,1.));
#5712 = ORIENTED_EDGE('',*,*,#5713,.T.);
#5713 = EDGE_CURVE('',#5706,#5260,#5714,.T.);
#5714 = LINE('',#5715,#5716);
#5715 = CARTESIAN_POINT('',(-0.5,1.5,0.2));
#5716 = VECTOR('',#5717,1.);
#5717 = DIRECTION('',(-4.555315873023E-16,-1.,0.));
#5718 = ORIENTED_EDGE('',*,*,#5259,.F.);
#5719 = ORIENTED_EDGE('',*,*,#4988,.F.);
#5720 = ORIENTED_EDGE('',*,*,#5721,.F.);
#5721 = EDGE_CURVE('',#5698,#4980,#5722,.T.);
#5722 = LINE('',#5723,#5724);
#5723 = CARTESIAN_POINT('',(-0.5,1.2,0.));
#5724 = VECTOR('',#5725,1.);
#5725 = DIRECTION('',(0.,0.,1.));
#5726 = PLANE('',#5727);
#5727 = AXIS2_PLACEMENT_3D('',#5728,#5729,#5730);
#5728 = CARTESIAN_POINT('',(-0.5,1.5,0.));
#5729 = DIRECTION('',(1.,-4.555315873023E-16,0.));
#5730 = DIRECTION('',(-4.555315873023E-16,-1.,0.));
#5731 = ADVANCED_FACE('',(#5732),#5766,.F.);
#5732 = FACE_BOUND('',#5733,.F.);
#5733 = EDGE_LOOP('',(#5734,#5744,#5750,#5751,#5752,#5760));
#5734 = ORIENTED_EDGE('',*,*,#5735,.F.);
#5735 = EDGE_CURVE('',#5736,#5738,#5740,.T.);
#5736 = VERTEX_POINT('',#5737);
#5737 = CARTESIAN_POINT('',(-1.2,0.5,0.));
#5738 = VERTEX_POINT('',#5739);
#5739 = CARTESIAN_POINT('',(-1.5,0.5,0.));
#5740 = LINE('',#5741,#5742);
#5741 = CARTESIAN_POINT('',(-1.2,0.5,0.));
#5742 = VECTOR('',#5743,1.);
#5743 = DIRECTION('',(-1.,4.207146720618E-16,0.));
#5744 = ORIENTED_EDGE('',*,*,#5745,.T.);
#5745 = EDGE_CURVE('',#5736,#4411,#5746,.T.);
#5746 = LINE('',#5747,#5748);
#5747 = CARTESIAN_POINT('',(-1.2,0.5,0.));
#5748 = VECTOR('',#5749,1.);
#5749 = DIRECTION('',(0.,0.,1.));
#5750 = ORIENTED_EDGE('',*,*,#4410,.F.);
#5751 = ORIENTED_EDGE('',*,*,#5462,.F.);
#5752 = ORIENTED_EDGE('',*,*,#5753,.T.);
#5753 = EDGE_CURVE('',#5455,#5754,#5756,.T.);
#5754 = VERTEX_POINT('',#5755);
#5755 = CARTESIAN_POINT('',(-1.5,0.5,0.2));
#5756 = LINE('',#5757,#5758);
#5757 = CARTESIAN_POINT('',(-1.2,0.5,0.2));
#5758 = VECTOR('',#5759,1.);
#5759 = DIRECTION('',(-1.,4.207146720618E-16,0.));
#5760 = ORIENTED_EDGE('',*,*,#5761,.F.);
#5761 = EDGE_CURVE('',#5738,#5754,#5762,.T.);
#5762 = LINE('',#5763,#5764);
#5763 = CARTESIAN_POINT('',(-1.5,0.5,0.));
#5764 = VECTOR('',#5765,1.);
#5765 = DIRECTION('',(0.,0.,1.));
#5766 = PLANE('',#5767);
#5767 = AXIS2_PLACEMENT_3D('',#5768,#5769,#5770);
#5768 = CARTESIAN_POINT('',(-1.2,0.5,0.));
#5769 = DIRECTION('',(-4.207146720618E-16,-1.,0.));
#5770 = DIRECTION('',(-1.,4.207146720618E-16,0.));
#5771 = ADVANCED_FACE('',(#5772),#5791,.T.);
#5772 = FACE_BOUND('',#5773,.T.);
#5773 = EDGE_LOOP('',(#5774,#5782,#5783,#5784));
#5774 = ORIENTED_EDGE('',*,*,#5775,.T.);
#5775 = EDGE_CURVE('',#5776,#4972,#5778,.T.);
#5776 = VERTEX_POINT('',#5777);
#5777 = CARTESIAN_POINT('',(-0.3,1.2,0.));
#5778 = LINE('',#5779,#5780);
#5779 = CARTESIAN_POINT('',(-0.3,1.2,0.));
#5780 = VECTOR('',#5781,1.);
#5781 = DIRECTION('',(0.,0.,1.));
#5782 = ORIENTED_EDGE('',*,*,#4979,.T.);
#5783 = ORIENTED_EDGE('',*,*,#5721,.F.);
#5784 = ORIENTED_EDGE('',*,*,#5785,.T.);
#5785 = EDGE_CURVE('',#5698,#5776,#5786,.T.);
#5786 = CIRCLE('',#5787,0.1);
#5787 = AXIS2_PLACEMENT_3D('',#5788,#5789,#5790);
#5788 = CARTESIAN_POINT('',(-0.4,1.2,0.));
#5789 = DIRECTION('',(0.,0.,1.));
#5790 = DIRECTION('',(-1.,-9.95799250103E-17,0.));
#5791 = CYLINDRICAL_SURFACE('',#5792,0.1);
#5792 = AXIS2_PLACEMENT_3D('',#5793,#5794,#5795);
#5793 = CARTESIAN_POINT('',(-0.4,1.2,0.));
#5794 = DIRECTION('',(0.,0.,-1.));
#5795 = DIRECTION('',(-1.,-9.95799250103E-17,-0.));
#5796 = ADVANCED_FACE('',(#5797),#5816,.T.);
#5797 = FACE_BOUND('',#5798,.T.);
#5798 = EDGE_LOOP('',(#5799,#5800,#5801,#5809));
#5799 = ORIENTED_EDGE('',*,*,#5745,.T.);
#5800 = ORIENTED_EDGE('',*,*,#4418,.T.);
#5801 = ORIENTED_EDGE('',*,*,#5802,.F.);
#5802 = EDGE_CURVE('',#5803,#4419,#5805,.T.);
#5803 = VERTEX_POINT('',#5804);
#5804 = CARTESIAN_POINT('',(-1.2,0.3,0.));
#5805 = LINE('',#5806,#5807);
#5806 = CARTESIAN_POINT('',(-1.2,0.3,0.));
#5807 = VECTOR('',#5808,1.);
#5808 = DIRECTION('',(0.,0.,1.));
#5809 = ORIENTED_EDGE('',*,*,#5810,.T.);
#5810 = EDGE_CURVE('',#5803,#5736,#5811,.T.);
#5811 = CIRCLE('',#5812,0.1);
#5812 = AXIS2_PLACEMENT_3D('',#5813,#5814,#5815);
#5813 = CARTESIAN_POINT('',(-1.2,0.4,0.));
#5814 = DIRECTION('',(-0.,0.,1.));
#5815 = DIRECTION('',(8.813754755808E-17,-1.,0.));
#5816 = CYLINDRICAL_SURFACE('',#5817,0.1);
#5817 = AXIS2_PLACEMENT_3D('',#5818,#5819,#5820);
#5818 = CARTESIAN_POINT('',(-1.2,0.4,0.));
#5819 = DIRECTION('',(0.,0.,-1.));
#5820 = DIRECTION('',(8.813754755808E-17,-1.,0.));
#5821 = ADVANCED_FACE('',(#5822),#5849,.F.);
#5822 = FACE_BOUND('',#5823,.F.);
#5823 = EDGE_LOOP('',(#5824,#5832,#5833,#5834,#5835,#5843));
#5824 = ORIENTED_EDGE('',*,*,#5825,.F.);
#5825 = EDGE_CURVE('',#5776,#5826,#5828,.T.);
#5826 = VERTEX_POINT('',#5827);
#5827 = CARTESIAN_POINT('',(-0.3,1.5,0.));
#5828 = LINE('',#5829,#5830);
#5829 = CARTESIAN_POINT('',(-0.3,1.2,0.));
#5830 = VECTOR('',#5831,1.);
#5831 = DIRECTION('',(4.092722946096E-16,1.,0.));
#5832 = ORIENTED_EDGE('',*,*,#5775,.T.);
#5833 = ORIENTED_EDGE('',*,*,#4971,.F.);
#5834 = ORIENTED_EDGE('',*,*,#5275,.F.);
#5835 = ORIENTED_EDGE('',*,*,#5836,.T.);
#5836 = EDGE_CURVE('',#5268,#5837,#5839,.T.);
#5837 = VERTEX_POINT('',#5838);
#5838 = CARTESIAN_POINT('',(-0.3,1.5,0.2));
#5839 = LINE('',#5840,#5841);
#5840 = CARTESIAN_POINT('',(-0.3,1.2,0.2));
#5841 = VECTOR('',#5842,1.);
#5842 = DIRECTION('',(4.092722946096E-16,1.,0.));
#5843 = ORIENTED_EDGE('',*,*,#5844,.F.);
#5844 = EDGE_CURVE('',#5826,#5837,#5845,.T.);
#5845 = LINE('',#5846,#5847);
#5846 = CARTESIAN_POINT('',(-0.3,1.5,0.));
#5847 = VECTOR('',#5848,1.);
#5848 = DIRECTION('',(0.,0.,1.));
#5849 = PLANE('',#5850);
#5850 = AXIS2_PLACEMENT_3D('',#5851,#5852,#5853);
#5851 = CARTESIAN_POINT('',(-0.3,1.2,0.));
#5852 = DIRECTION('',(-1.,4.092722946096E-16,0.));
#5853 = DIRECTION('',(4.092722946096E-16,1.,0.));
#5854 = ADVANCED_FACE('',(#5855),#5882,.F.);
#5855 = FACE_BOUND('',#5856,.F.);
#5856 = EDGE_LOOP('',(#5857,#5865,#5873,#5879,#5880,#5881));
#5857 = ORIENTED_EDGE('',*,*,#5858,.F.);
#5858 = EDGE_CURVE('',#5859,#5803,#5861,.T.);
#5859 = VERTEX_POINT('',#5860);
#5860 = CARTESIAN_POINT('',(-1.5,0.3,0.));
#5861 = LINE('',#5862,#5863);
#5862 = CARTESIAN_POINT('',(-1.5,0.3,0.));
#5863 = VECTOR('',#5864,1.);
#5864 = DIRECTION('',(1.,-4.669739647545E-16,0.));
#5865 = ORIENTED_EDGE('',*,*,#5866,.T.);
#5866 = EDGE_CURVE('',#5859,#5867,#5869,.T.);
#5867 = VERTEX_POINT('',#5868);
#5868 = CARTESIAN_POINT('',(-1.5,0.3,0.2));
#5869 = LINE('',#5870,#5871);
#5870 = CARTESIAN_POINT('',(-1.5,0.3,0.));
#5871 = VECTOR('',#5872,1.);
#5872 = DIRECTION('',(0.,0.,1.));
#5873 = ORIENTED_EDGE('',*,*,#5874,.T.);
#5874 = EDGE_CURVE('',#5867,#5447,#5875,.T.);
#5875 = LINE('',#5876,#5877);
#5876 = CARTESIAN_POINT('',(-1.5,0.3,0.2));
#5877 = VECTOR('',#5878,1.);
#5878 = DIRECTION('',(1.,-4.669739647545E-16,0.));
#5879 = ORIENTED_EDGE('',*,*,#5446,.F.);
#5880 = ORIENTED_EDGE('',*,*,#4427,.F.);
#5881 = ORIENTED_EDGE('',*,*,#5802,.F.);
#5882 = PLANE('',#5883);
#5883 = AXIS2_PLACEMENT_3D('',#5884,#5885,#5886);
#5884 = CARTESIAN_POINT('',(-1.5,0.3,0.));
#5885 = DIRECTION('',(4.669739647545E-16,1.,0.));
#5886 = DIRECTION('',(1.,-4.669739647545E-16,0.));
#5887 = ADVANCED_FACE('',(#5888),#5922,.F.);
#5888 = FACE_BOUND('',#5889,.F.);
#5889 = EDGE_LOOP('',(#5890,#5900,#5908,#5914,#5915,#5916));
#5890 = ORIENTED_EDGE('',*,*,#5891,.F.);
#5891 = EDGE_CURVE('',#5892,#5894,#5896,.T.);
#5892 = VERTEX_POINT('',#5893);
#5893 = CARTESIAN_POINT('',(-0.1,1.5,0.));
#5894 = VERTEX_POINT('',#5895);
#5895 = CARTESIAN_POINT('',(-0.1,1.2,0.));
#5896 = LINE('',#5897,#5898);
#5897 = CARTESIAN_POINT('',(-0.1,1.5,0.));
#5898 = VECTOR('',#5899,1.);
#5899 = DIRECTION('',(-4.555315873023E-16,-1.,0.));
#5900 = ORIENTED_EDGE('',*,*,#5901,.T.);
#5901 = EDGE_CURVE('',#5892,#5902,#5904,.T.);
#5902 = VERTEX_POINT('',#5903);
#5903 = CARTESIAN_POINT('',(-0.1,1.5,0.2));
#5904 = LINE('',#5905,#5906);
#5905 = CARTESIAN_POINT('',(-0.1,1.5,0.));
#5906 = VECTOR('',#5907,1.);
#5907 = DIRECTION('',(0.,0.,1.));
#5908 = ORIENTED_EDGE('',*,*,#5909,.T.);
#5909 = EDGE_CURVE('',#5902,#5283,#5910,.T.);
#5910 = LINE('',#5911,#5912);
#5911 = CARTESIAN_POINT('',(-0.1,1.5,0.2));
#5912 = VECTOR('',#5913,1.);
#5913 = DIRECTION('',(-4.555315873023E-16,-1.,0.));
#5914 = ORIENTED_EDGE('',*,*,#5282,.F.);
#5915 = ORIENTED_EDGE('',*,*,#4955,.F.);
#5916 = ORIENTED_EDGE('',*,*,#5917,.F.);
#5917 = EDGE_CURVE('',#5894,#4947,#5918,.T.);
#5918 = LINE('',#5919,#5920);
#5919 = CARTESIAN_POINT('',(-0.1,1.2,0.));
#5920 = VECTOR('',#5921,1.);
#5921 = DIRECTION('',(0.,0.,1.));
#5922 = PLANE('',#5923);
#5923 = AXIS2_PLACEMENT_3D('',#5924,#5925,#5926);
#5924 = CARTESIAN_POINT('',(-0.1,1.5,0.));
#5925 = DIRECTION('',(1.,-4.555315873023E-16,0.));
#5926 = DIRECTION('',(-4.555315873023E-16,-1.,0.));
#5927 = ADVANCED_FACE('',(#5928),#5962,.F.);
#5928 = FACE_BOUND('',#5929,.F.);
#5929 = EDGE_LOOP('',(#5930,#5940,#5946,#5947,#5948,#5956));
#5930 = ORIENTED_EDGE('',*,*,#5931,.F.);
#5931 = EDGE_CURVE('',#5932,#5934,#5936,.T.);
#5932 = VERTEX_POINT('',#5933);
#5933 = CARTESIAN_POINT('',(-1.2,0.1,0.));
#5934 = VERTEX_POINT('',#5935);
#5935 = CARTESIAN_POINT('',(-1.5,0.1,0.));
#5936 = LINE('',#5937,#5938);
#5937 = CARTESIAN_POINT('',(-1.2,0.1,0.));
#5938 = VECTOR('',#5939,1.);
#5939 = DIRECTION('',(-1.,4.207146720618E-16,0.));
#5940 = ORIENTED_EDGE('',*,*,#5941,.T.);
#5941 = EDGE_CURVE('',#5932,#4444,#5942,.T.);
#5942 = LINE('',#5943,#5944);
#5943 = CARTESIAN_POINT('',(-1.2,0.1,0.));
#5944 = VECTOR('',#5945,1.);
#5945 = DIRECTION('',(0.,0.,1.));
#5946 = ORIENTED_EDGE('',*,*,#4443,.F.);
#5947 = ORIENTED_EDGE('',*,*,#5439,.F.);
#5948 = ORIENTED_EDGE('',*,*,#5949,.T.);
#5949 = EDGE_CURVE('',#5432,#5950,#5952,.T.);
#5950 = VERTEX_POINT('',#5951);
#5951 = CARTESIAN_POINT('',(-1.5,0.1,0.2));
#5952 = LINE('',#5953,#5954);
#5953 = CARTESIAN_POINT('',(-1.2,0.1,0.2));
#5954 = VECTOR('',#5955,1.);
#5955 = DIRECTION('',(-1.,4.207146720618E-16,0.));
#5956 = ORIENTED_EDGE('',*,*,#5957,.F.);
#5957 = EDGE_CURVE('',#5934,#5950,#5958,.T.);
#5958 = LINE('',#5959,#5960);
#5959 = CARTESIAN_POINT('',(-1.5,0.1,0.));
#5960 = VECTOR('',#5961,1.);
#5961 = DIRECTION('',(0.,0.,1.));
#5962 = PLANE('',#5963);
#5963 = AXIS2_PLACEMENT_3D('',#5964,#5965,#5966);
#5964 = CARTESIAN_POINT('',(-1.2,0.1,0.));
#5965 = DIRECTION('',(-4.207146720618E-16,-1.,0.));
#5966 = DIRECTION('',(-1.,4.207146720618E-16,0.));
#5967 = ADVANCED_FACE('',(#5968),#5987,.T.);
#5968 = FACE_BOUND('',#5969,.T.);
#5969 = EDGE_LOOP('',(#5970,#5978,#5979,#5980));
#5970 = ORIENTED_EDGE('',*,*,#5971,.T.);
#5971 = EDGE_CURVE('',#5972,#4939,#5974,.T.);
#5972 = VERTEX_POINT('',#5973);
#5973 = CARTESIAN_POINT('',(0.1,1.2,0.));
#5974 = LINE('',#5975,#5976);
#5975 = CARTESIAN_POINT('',(0.1,1.2,0.));
#5976 = VECTOR('',#5977,1.);
#5977 = DIRECTION('',(0.,0.,1.));
#5978 = ORIENTED_EDGE('',*,*,#4946,.T.);
#5979 = ORIENTED_EDGE('',*,*,#5917,.F.);
#5980 = ORIENTED_EDGE('',*,*,#5981,.T.);
#5981 = EDGE_CURVE('',#5894,#5972,#5982,.T.);
#5982 = CIRCLE('',#5983,0.1);
#5983 = AXIS2_PLACEMENT_3D('',#5984,#5985,#5986);
#5984 = CARTESIAN_POINT('',(3.469446951954E-16,1.2,0.));
#5985 = DIRECTION('',(0.,0.,1.));
#5986 = DIRECTION('',(-1.,-9.95799250103E-17,0.));
#5987 = CYLINDRICAL_SURFACE('',#5988,0.1);
#5988 = AXIS2_PLACEMENT_3D('',#5989,#5990,#5991);
#5989 = CARTESIAN_POINT('',(3.469446951954E-16,1.2,0.));
#5990 = DIRECTION('',(0.,0.,-1.));
#5991 = DIRECTION('',(-1.,-9.95799250103E-17,-0.));
#5992 = ADVANCED_FACE('',(#5993),#6012,.T.);
#5993 = FACE_BOUND('',#5994,.T.);
#5994 = EDGE_LOOP('',(#5995,#5996,#5997,#6005));
#5995 = ORIENTED_EDGE('',*,*,#5941,.T.);
#5996 = ORIENTED_EDGE('',*,*,#4451,.T.);
#5997 = ORIENTED_EDGE('',*,*,#5998,.F.);
#5998 = EDGE_CURVE('',#5999,#4452,#6001,.T.);
#5999 = VERTEX_POINT('',#6000);
#6000 = CARTESIAN_POINT('',(-1.2,-0.1,0.));
#6001 = LINE('',#6002,#6003);
#6002 = CARTESIAN_POINT('',(-1.2,-0.1,0.));
#6003 = VECTOR('',#6004,1.);
#6004 = DIRECTION('',(0.,0.,1.));
#6005 = ORIENTED_EDGE('',*,*,#6006,.T.);
#6006 = EDGE_CURVE('',#5999,#5932,#6007,.T.);
#6007 = CIRCLE('',#6008,0.1);
#6008 = AXIS2_PLACEMENT_3D('',#6009,#6010,#6011);
#6009 = CARTESIAN_POINT('',(-1.2,3.608224830032E-16,0.));
#6010 = DIRECTION('',(-0.,0.,1.));
#6011 = DIRECTION('',(8.813754755808E-17,-1.,0.));
#6012 = CYLINDRICAL_SURFACE('',#6013,0.1);
#6013 = AXIS2_PLACEMENT_3D('',#6014,#6015,#6016);
#6014 = CARTESIAN_POINT('',(-1.2,3.608224830032E-16,0.));
#6015 = DIRECTION('',(0.,0.,-1.));
#6016 = DIRECTION('',(8.813754755808E-17,-1.,0.));
#6017 = ADVANCED_FACE('',(#6018),#6045,.F.);
#6018 = FACE_BOUND('',#6019,.F.);
#6019 = EDGE_LOOP('',(#6020,#6028,#6029,#6030,#6031,#6039));
#6020 = ORIENTED_EDGE('',*,*,#6021,.F.);
#6021 = EDGE_CURVE('',#5972,#6022,#6024,.T.);
#6022 = VERTEX_POINT('',#6023);
#6023 = CARTESIAN_POINT('',(0.1,1.5,0.));
#6024 = LINE('',#6025,#6026);
#6025 = CARTESIAN_POINT('',(0.1,1.2,0.));
#6026 = VECTOR('',#6027,1.);
#6027 = DIRECTION('',(4.092722946096E-16,1.,0.));
#6028 = ORIENTED_EDGE('',*,*,#5971,.T.);
#6029 = ORIENTED_EDGE('',*,*,#4938,.F.);
#6030 = ORIENTED_EDGE('',*,*,#5298,.F.);
#6031 = ORIENTED_EDGE('',*,*,#6032,.T.);
#6032 = EDGE_CURVE('',#5291,#6033,#6035,.T.);
#6033 = VERTEX_POINT('',#6034);
#6034 = CARTESIAN_POINT('',(0.1,1.5,0.2));
#6035 = LINE('',#6036,#6037);
#6036 = CARTESIAN_POINT('',(0.1,1.2,0.2));
#6037 = VECTOR('',#6038,1.);
#6038 = DIRECTION('',(4.092722946096E-16,1.,0.));
#6039 = ORIENTED_EDGE('',*,*,#6040,.F.);
#6040 = EDGE_CURVE('',#6022,#6033,#6041,.T.);
#6041 = LINE('',#6042,#6043);
#6042 = CARTESIAN_POINT('',(0.1,1.5,0.));
#6043 = VECTOR('',#6044,1.);
#6044 = DIRECTION('',(0.,0.,1.));
#6045 = PLANE('',#6046);
#6046 = AXIS2_PLACEMENT_3D('',#6047,#6048,#6049);
#6047 = CARTESIAN_POINT('',(0.1,1.2,0.));
#6048 = DIRECTION('',(-1.,4.092722946096E-16,0.));
#6049 = DIRECTION('',(4.092722946096E-16,1.,0.));
#6050 = ADVANCED_FACE('',(#6051),#6078,.F.);
#6051 = FACE_BOUND('',#6052,.F.);
#6052 = EDGE_LOOP('',(#6053,#6061,#6069,#6075,#6076,#6077));
#6053 = ORIENTED_EDGE('',*,*,#6054,.F.);
#6054 = EDGE_CURVE('',#6055,#5999,#6057,.T.);
#6055 = VERTEX_POINT('',#6056);
#6056 = CARTESIAN_POINT('',(-1.5,-0.1,0.));
#6057 = LINE('',#6058,#6059);
#6058 = CARTESIAN_POINT('',(-1.5,-0.1,0.));
#6059 = VECTOR('',#6060,1.);
#6060 = DIRECTION('',(1.,-4.669739647545E-16,0.));
#6061 = ORIENTED_EDGE('',*,*,#6062,.T.);
#6062 = EDGE_CURVE('',#6055,#6063,#6065,.T.);
#6063 = VERTEX_POINT('',#6064);
#6064 = CARTESIAN_POINT('',(-1.5,-0.1,0.2));
#6065 = LINE('',#6066,#6067);
#6066 = CARTESIAN_POINT('',(-1.5,-0.1,0.));
#6067 = VECTOR('',#6068,1.);
#6068 = DIRECTION('',(0.,0.,1.));
#6069 = ORIENTED_EDGE('',*,*,#6070,.T.);
#6070 = EDGE_CURVE('',#6063,#5424,#6071,.T.);
#6071 = LINE('',#6072,#6073);
#6072 = CARTESIAN_POINT('',(-1.5,-0.1,0.2));
#6073 = VECTOR('',#6074,1.);
#6074 = DIRECTION('',(1.,-4.669739647545E-16,0.));
#6075 = ORIENTED_EDGE('',*,*,#5423,.F.);
#6076 = ORIENTED_EDGE('',*,*,#4460,.F.);
#6077 = ORIENTED_EDGE('',*,*,#5998,.F.);
#6078 = PLANE('',#6079);
#6079 = AXIS2_PLACEMENT_3D('',#6080,#6081,#6082);
#6080 = CARTESIAN_POINT('',(-1.5,-0.1,0.));
#6081 = DIRECTION('',(4.669739647545E-16,1.,0.));
#6082 = DIRECTION('',(1.,-4.669739647545E-16,0.));
#6083 = ADVANCED_FACE('',(#6084),#6118,.F.);
#6084 = FACE_BOUND('',#6085,.F.);
#6085 = EDGE_LOOP('',(#6086,#6096,#6104,#6110,#6111,#6112));
#6086 = ORIENTED_EDGE('',*,*,#6087,.F.);
#6087 = EDGE_CURVE('',#6088,#6090,#6092,.T.);
#6088 = VERTEX_POINT('',#6089);
#6089 = CARTESIAN_POINT('',(0.3,1.5,0.));
#6090 = VERTEX_POINT('',#6091);
#6091 = CARTESIAN_POINT('',(0.3,1.2,0.));
#6092 = LINE('',#6093,#6094);
#6093 = CARTESIAN_POINT('',(0.3,1.5,0.));
#6094 = VECTOR('',#6095,1.);
#6095 = DIRECTION('',(-4.555315873023E-16,-1.,0.));
#6096 = ORIENTED_EDGE('',*,*,#6097,.T.);
#6097 = EDGE_CURVE('',#6088,#6098,#6100,.T.);
#6098 = VERTEX_POINT('',#6099);
#6099 = CARTESIAN_POINT('',(0.3,1.5,0.2));
#6100 = LINE('',#6101,#6102);
#6101 = CARTESIAN_POINT('',(0.3,1.5,0.));
#6102 = VECTOR('',#6103,1.);
#6103 = DIRECTION('',(0.,0.,1.));
#6104 = ORIENTED_EDGE('',*,*,#6105,.T.);
#6105 = EDGE_CURVE('',#6098,#5306,#6106,.T.);
#6106 = LINE('',#6107,#6108);
#6107 = CARTESIAN_POINT('',(0.3,1.5,0.2));
#6108 = VECTOR('',#6109,1.);
#6109 = DIRECTION('',(-4.555315873023E-16,-1.,0.));
#6110 = ORIENTED_EDGE('',*,*,#5305,.F.);
#6111 = ORIENTED_EDGE('',*,*,#4922,.F.);
#6112 = ORIENTED_EDGE('',*,*,#6113,.F.);
#6113 = EDGE_CURVE('',#6090,#4914,#6114,.T.);
#6114 = LINE('',#6115,#6116);
#6115 = CARTESIAN_POINT('',(0.3,1.2,0.));
#6116 = VECTOR('',#6117,1.);
#6117 = DIRECTION('',(0.,0.,1.));
#6118 = PLANE('',#6119);
#6119 = AXIS2_PLACEMENT_3D('',#6120,#6121,#6122);
#6120 = CARTESIAN_POINT('',(0.3,1.5,0.));
#6121 = DIRECTION('',(1.,-4.555315873023E-16,0.));
#6122 = DIRECTION('',(-4.555315873023E-16,-1.,0.));
#6123 = ADVANCED_FACE('',(#6124),#6158,.F.);
#6124 = FACE_BOUND('',#6125,.F.);
#6125 = EDGE_LOOP('',(#6126,#6136,#6142,#6143,#6144,#6152));
#6126 = ORIENTED_EDGE('',*,*,#6127,.F.);
#6127 = EDGE_CURVE('',#6128,#6130,#6132,.T.);
#6128 = VERTEX_POINT('',#6129);
#6129 = CARTESIAN_POINT('',(-1.2,-0.3,0.));
#6130 = VERTEX_POINT('',#6131);
#6131 = CARTESIAN_POINT('',(-1.5,-0.3,0.));
#6132 = LINE('',#6133,#6134);
#6133 = CARTESIAN_POINT('',(-1.2,-0.3,0.));
#6134 = VECTOR('',#6135,1.);
#6135 = DIRECTION('',(-1.,4.207146720618E-16,0.));
#6136 = ORIENTED_EDGE('',*,*,#6137,.T.);
#6137 = EDGE_CURVE('',#6128,#4477,#6138,.T.);
#6138 = LINE('',#6139,#6140);
#6139 = CARTESIAN_POINT('',(-1.2,-0.3,0.));
#6140 = VECTOR('',#6141,1.);
#6141 = DIRECTION('',(0.,0.,1.));
#6142 = ORIENTED_EDGE('',*,*,#4476,.F.);
#6143 = ORIENTED_EDGE('',*,*,#5416,.F.);
#6144 = ORIENTED_EDGE('',*,*,#6145,.T.);
#6145 = EDGE_CURVE('',#5409,#6146,#6148,.T.);
#6146 = VERTEX_POINT('',#6147);
#6147 = CARTESIAN_POINT('',(-1.5,-0.3,0.2));
#6148 = LINE('',#6149,#6150);
#6149 = CARTESIAN_POINT('',(-1.2,-0.3,0.2));
#6150 = VECTOR('',#6151,1.);
#6151 = DIRECTION('',(-1.,4.207146720618E-16,0.));
#6152 = ORIENTED_EDGE('',*,*,#6153,.F.);
#6153 = EDGE_CURVE('',#6130,#6146,#6154,.T.);
#6154 = LINE('',#6155,#6156);
#6155 = CARTESIAN_POINT('',(-1.5,-0.3,0.));
#6156 = VECTOR('',#6157,1.);
#6157 = DIRECTION('',(0.,0.,1.));
#6158 = PLANE('',#6159);
#6159 = AXIS2_PLACEMENT_3D('',#6160,#6161,#6162);
#6160 = CARTESIAN_POINT('',(-1.2,-0.3,0.));
#6161 = DIRECTION('',(-4.207146720618E-16,-1.,0.));
#6162 = DIRECTION('',(-1.,4.207146720618E-16,0.));
#6163 = ADVANCED_FACE('',(#6164),#6183,.T.);
#6164 = FACE_BOUND('',#6165,.T.);
#6165 = EDGE_LOOP('',(#6166,#6174,#6175,#6176));
#6166 = ORIENTED_EDGE('',*,*,#6167,.T.);
#6167 = EDGE_CURVE('',#6168,#4906,#6170,.T.);
#6168 = VERTEX_POINT('',#6169);
#6169 = CARTESIAN_POINT('',(0.5,1.2,0.));
#6170 = LINE('',#6171,#6172);
#6171 = CARTESIAN_POINT('',(0.5,1.2,0.));
#6172 = VECTOR('',#6173,1.);
#6173 = DIRECTION('',(0.,0.,1.));
#6174 = ORIENTED_EDGE('',*,*,#4913,.T.);
#6175 = ORIENTED_EDGE('',*,*,#6113,.F.);
#6176 = ORIENTED_EDGE('',*,*,#6177,.T.);
#6177 = EDGE_CURVE('',#6090,#6168,#6178,.T.);
#6178 = CIRCLE('',#6179,0.1);
#6179 = AXIS2_PLACEMENT_3D('',#6180,#6181,#6182);
#6180 = CARTESIAN_POINT('',(0.4,1.2,0.));
#6181 = DIRECTION('',(0.,0.,1.));
#6182 = DIRECTION('',(-1.,-9.95799250103E-17,0.));
#6183 = CYLINDRICAL_SURFACE('',#6184,0.1);
#6184 = AXIS2_PLACEMENT_3D('',#6185,#6186,#6187);
#6185 = CARTESIAN_POINT('',(0.4,1.2,0.));
#6186 = DIRECTION('',(0.,0.,-1.));
#6187 = DIRECTION('',(-1.,-9.95799250103E-17,-0.));
#6188 = ADVANCED_FACE('',(#6189),#6208,.T.);
#6189 = FACE_BOUND('',#6190,.T.);
#6190 = EDGE_LOOP('',(#6191,#6192,#6193,#6201));
#6191 = ORIENTED_EDGE('',*,*,#6137,.T.);
#6192 = ORIENTED_EDGE('',*,*,#4484,.T.);
#6193 = ORIENTED_EDGE('',*,*,#6194,.F.);
#6194 = EDGE_CURVE('',#6195,#4485,#6197,.T.);
#6195 = VERTEX_POINT('',#6196);
#6196 = CARTESIAN_POINT('',(-1.2,-0.5,0.));
#6197 = LINE('',#6198,#6199);
#6198 = CARTESIAN_POINT('',(-1.2,-0.5,0.));
#6199 = VECTOR('',#6200,1.);
#6200 = DIRECTION('',(0.,0.,1.));
#6201 = ORIENTED_EDGE('',*,*,#6202,.T.);
#6202 = EDGE_CURVE('',#6195,#6128,#6203,.T.);
#6203 = CIRCLE('',#6204,0.1);
#6204 = AXIS2_PLACEMENT_3D('',#6205,#6206,#6207);
#6205 = CARTESIAN_POINT('',(-1.2,-0.4,0.));
#6206 = DIRECTION('',(-0.,0.,1.));
#6207 = DIRECTION('',(8.813754755808E-17,-1.,0.));
#6208 = CYLINDRICAL_SURFACE('',#6209,0.1);
#6209 = AXIS2_PLACEMENT_3D('',#6210,#6211,#6212);
#6210 = CARTESIAN_POINT('',(-1.2,-0.4,0.));
#6211 = DIRECTION('',(0.,0.,-1.));
#6212 = DIRECTION('',(8.813754755808E-17,-1.,0.));
#6213 = ADVANCED_FACE('',(#6214),#6241,.F.);
#6214 = FACE_BOUND('',#6215,.F.);
#6215 = EDGE_LOOP('',(#6216,#6224,#6225,#6226,#6227,#6235));
#6216 = ORIENTED_EDGE('',*,*,#6217,.F.);
#6217 = EDGE_CURVE('',#6168,#6218,#6220,.T.);
#6218 = VERTEX_POINT('',#6219);
#6219 = CARTESIAN_POINT('',(0.5,1.5,0.));
#6220 = LINE('',#6221,#6222);
#6221 = CARTESIAN_POINT('',(0.5,1.2,0.));
#6222 = VECTOR('',#6223,1.);
#6223 = DIRECTION('',(4.092722946096E-16,1.,0.));
#6224 = ORIENTED_EDGE('',*,*,#6167,.T.);
#6225 = ORIENTED_EDGE('',*,*,#4905,.F.);
#6226 = ORIENTED_EDGE('',*,*,#5321,.F.);
#6227 = ORIENTED_EDGE('',*,*,#6228,.T.);
#6228 = EDGE_CURVE('',#5314,#6229,#6231,.T.);
#6229 = VERTEX_POINT('',#6230);
#6230 = CARTESIAN_POINT('',(0.5,1.5,0.2));
#6231 = LINE('',#6232,#6233);
#6232 = CARTESIAN_POINT('',(0.5,1.2,0.2));
#6233 = VECTOR('',#6234,1.);
#6234 = DIRECTION('',(4.092722946096E-16,1.,0.));
#6235 = ORIENTED_EDGE('',*,*,#6236,.F.);
#6236 = EDGE_CURVE('',#6218,#6229,#6237,.T.);
#6237 = LINE('',#6238,#6239);
#6238 = CARTESIAN_POINT('',(0.5,1.5,0.));
#6239 = VECTOR('',#6240,1.);
#6240 = DIRECTION('',(0.,0.,1.));
#6241 = PLANE('',#6242);
#6242 = AXIS2_PLACEMENT_3D('',#6243,#6244,#6245);
#6243 = CARTESIAN_POINT('',(0.5,1.2,0.));
#6244 = DIRECTION('',(-1.,4.092722946096E-16,0.));
#6245 = DIRECTION('',(4.092722946096E-16,1.,0.));
#6246 = ADVANCED_FACE('',(#6247),#6274,.F.);
#6247 = FACE_BOUND('',#6248,.F.);
#6248 = EDGE_LOOP('',(#6249,#6257,#6265,#6271,#6272,#6273));
#6249 = ORIENTED_EDGE('',*,*,#6250,.F.);
#6250 = EDGE_CURVE('',#6251,#6195,#6253,.T.);
#6251 = VERTEX_POINT('',#6252);
#6252 = CARTESIAN_POINT('',(-1.5,-0.5,0.));
#6253 = LINE('',#6254,#6255);
#6254 = CARTESIAN_POINT('',(-1.5,-0.5,0.));
#6255 = VECTOR('',#6256,1.);
#6256 = DIRECTION('',(1.,-4.669739647545E-16,0.));
#6257 = ORIENTED_EDGE('',*,*,#6258,.T.);
#6258 = EDGE_CURVE('',#6251,#6259,#6261,.T.);
#6259 = VERTEX_POINT('',#6260);
#6260 = CARTESIAN_POINT('',(-1.5,-0.5,0.2));
#6261 = LINE('',#6262,#6263);
#6262 = CARTESIAN_POINT('',(-1.5,-0.5,0.));
#6263 = VECTOR('',#6264,1.);
#6264 = DIRECTION('',(0.,0.,1.));
#6265 = ORIENTED_EDGE('',*,*,#6266,.T.);
#6266 = EDGE_CURVE('',#6259,#5401,#6267,.T.);
#6267 = LINE('',#6268,#6269);
#6268 = CARTESIAN_POINT('',(-1.5,-0.5,0.2));
#6269 = VECTOR('',#6270,1.);
#6270 = DIRECTION('',(1.,-4.669739647545E-16,0.));
#6271 = ORIENTED_EDGE('',*,*,#5400,.F.);
#6272 = ORIENTED_EDGE('',*,*,#4493,.F.);
#6273 = ORIENTED_EDGE('',*,*,#6194,.F.);
#6274 = PLANE('',#6275);
#6275 = AXIS2_PLACEMENT_3D('',#6276,#6277,#6278);
#6276 = CARTESIAN_POINT('',(-1.5,-0.5,0.));
#6277 = DIRECTION('',(4.669739647545E-16,1.,0.));
#6278 = DIRECTION('',(1.,-4.669739647545E-16,0.));
#6279 = ADVANCED_FACE('',(#6280),#6314,.F.);
#6280 = FACE_BOUND('',#6281,.F.);
#6281 = EDGE_LOOP('',(#6282,#6292,#6300,#6306,#6307,#6308));
#6282 = ORIENTED_EDGE('',*,*,#6283,.F.);
#6283 = EDGE_CURVE('',#6284,#6286,#6288,.T.);
#6284 = VERTEX_POINT('',#6285);
#6285 = CARTESIAN_POINT('',(0.7,1.5,0.));
#6286 = VERTEX_POINT('',#6287);
#6287 = CARTESIAN_POINT('',(0.7,1.2,0.));
#6288 = LINE('',#6289,#6290);
#6289 = CARTESIAN_POINT('',(0.7,1.5,0.));
#6290 = VECTOR('',#6291,1.);
#6291 = DIRECTION('',(-4.555315873023E-16,-1.,0.));
#6292 = ORIENTED_EDGE('',*,*,#6293,.T.);
#6293 = EDGE_CURVE('',#6284,#6294,#6296,.T.);
#6294 = VERTEX_POINT('',#6295);
#6295 = CARTESIAN_POINT('',(0.7,1.5,0.2));
#6296 = LINE('',#6297,#6298);
#6297 = CARTESIAN_POINT('',(0.7,1.5,0.));
#6298 = VECTOR('',#6299,1.);
#6299 = DIRECTION('',(0.,0.,1.));
#6300 = ORIENTED_EDGE('',*,*,#6301,.T.);
#6301 = EDGE_CURVE('',#6294,#5329,#6302,.T.);
#6302 = LINE('',#6303,#6304);
#6303 = CARTESIAN_POINT('',(0.7,1.5,0.2));
#6304 = VECTOR('',#6305,1.);
#6305 = DIRECTION('',(-4.555315873023E-16,-1.,0.));
#6306 = ORIENTED_EDGE('',*,*,#5328,.F.);
#6307 = ORIENTED_EDGE('',*,*,#4889,.F.);
#6308 = ORIENTED_EDGE('',*,*,#6309,.F.);
#6309 = EDGE_CURVE('',#6286,#4881,#6310,.T.);
#6310 = LINE('',#6311,#6312);
#6311 = CARTESIAN_POINT('',(0.7,1.2,0.));
#6312 = VECTOR('',#6313,1.);
#6313 = DIRECTION('',(0.,0.,1.));
#6314 = PLANE('',#6315);
#6315 = AXIS2_PLACEMENT_3D('',#6316,#6317,#6318);
#6316 = CARTESIAN_POINT('',(0.7,1.5,0.));
#6317 = DIRECTION('',(1.,-4.555315873023E-16,0.));
#6318 = DIRECTION('',(-4.555315873023E-16,-1.,0.));
#6319 = ADVANCED_FACE('',(#6320),#6354,.F.);
#6320 = FACE_BOUND('',#6321,.F.);
#6321 = EDGE_LOOP('',(#6322,#6332,#6338,#6339,#6340,#6348));
#6322 = ORIENTED_EDGE('',*,*,#6323,.F.);
#6323 = EDGE_CURVE('',#6324,#6326,#6328,.T.);
#6324 = VERTEX_POINT('',#6325);
#6325 = CARTESIAN_POINT('',(-1.2,-0.7,0.));
#6326 = VERTEX_POINT('',#6327);
#6327 = CARTESIAN_POINT('',(-1.5,-0.7,0.));
#6328 = LINE('',#6329,#6330);
#6329 = CARTESIAN_POINT('',(-1.2,-0.7,0.));
#6330 = VECTOR('',#6331,1.);
#6331 = DIRECTION('',(-1.,4.207146720618E-16,0.));
#6332 = ORIENTED_EDGE('',*,*,#6333,.T.);
#6333 = EDGE_CURVE('',#6324,#4510,#6334,.T.);
#6334 = LINE('',#6335,#6336);
#6335 = CARTESIAN_POINT('',(-1.2,-0.7,0.));
#6336 = VECTOR('',#6337,1.);
#6337 = DIRECTION('',(0.,0.,1.));
#6338 = ORIENTED_EDGE('',*,*,#4509,.F.);
#6339 = ORIENTED_EDGE('',*,*,#5393,.F.);
#6340 = ORIENTED_EDGE('',*,*,#6341,.T.);
#6341 = EDGE_CURVE('',#5386,#6342,#6344,.T.);
#6342 = VERTEX_POINT('',#6343);
#6343 = CARTESIAN_POINT('',(-1.5,-0.7,0.2));
#6344 = LINE('',#6345,#6346);
#6345 = CARTESIAN_POINT('',(-1.2,-0.7,0.2));
#6346 = VECTOR('',#6347,1.);
#6347 = DIRECTION('',(-1.,4.207146720618E-16,0.));
#6348 = ORIENTED_EDGE('',*,*,#6349,.F.);
#6349 = EDGE_CURVE('',#6326,#6342,#6350,.T.);
#6350 = LINE('',#6351,#6352);
#6351 = CARTESIAN_POINT('',(-1.5,-0.7,0.));
#6352 = VECTOR('',#6353,1.);
#6353 = DIRECTION('',(0.,0.,1.));
#6354 = PLANE('',#6355);
#6355 = AXIS2_PLACEMENT_3D('',#6356,#6357,#6358);
#6356 = CARTESIAN_POINT('',(-1.2,-0.7,0.));
#6357 = DIRECTION('',(-4.207146720618E-16,-1.,0.));
#6358 = DIRECTION('',(-1.,4.207146720618E-16,0.));
#6359 = ADVANCED_FACE('',(#6360),#6379,.T.);
#6360 = FACE_BOUND('',#6361,.T.);
#6361 = EDGE_LOOP('',(#6362,#6370,#6371,#6372));
#6362 = ORIENTED_EDGE('',*,*,#6363,.T.);
#6363 = EDGE_CURVE('',#6364,#4873,#6366,.T.);
#6364 = VERTEX_POINT('',#6365);
#6365 = CARTESIAN_POINT('',(0.9,1.2,0.));
#6366 = LINE('',#6367,#6368);
#6367 = CARTESIAN_POINT('',(0.9,1.2,0.));
#6368 = VECTOR('',#6369,1.);
#6369 = DIRECTION('',(0.,0.,1.));
#6370 = ORIENTED_EDGE('',*,*,#4880,.T.);
#6371 = ORIENTED_EDGE('',*,*,#6309,.F.);
#6372 = ORIENTED_EDGE('',*,*,#6373,.T.);
#6373 = EDGE_CURVE('',#6286,#6364,#6374,.T.);
#6374 = CIRCLE('',#6375,0.1);
#6375 = AXIS2_PLACEMENT_3D('',#6376,#6377,#6378);
#6376 = CARTESIAN_POINT('',(0.8,1.2,0.));
#6377 = DIRECTION('',(0.,0.,1.));
#6378 = DIRECTION('',(-1.,-9.95799250103E-17,0.));
#6379 = CYLINDRICAL_SURFACE('',#6380,0.1);
#6380 = AXIS2_PLACEMENT_3D('',#6381,#6382,#6383);
#6381 = CARTESIAN_POINT('',(0.8,1.2,0.));
#6382 = DIRECTION('',(0.,0.,-1.));
#6383 = DIRECTION('',(-1.,-9.95799250103E-17,-0.));
#6384 = ADVANCED_FACE('',(#6385),#6404,.T.);
#6385 = FACE_BOUND('',#6386,.T.);
#6386 = EDGE_LOOP('',(#6387,#6388,#6389,#6397));
#6387 = ORIENTED_EDGE('',*,*,#6333,.T.);
#6388 = ORIENTED_EDGE('',*,*,#4517,.T.);
#6389 = ORIENTED_EDGE('',*,*,#6390,.F.);
#6390 = EDGE_CURVE('',#6391,#4518,#6393,.T.);
#6391 = VERTEX_POINT('',#6392);
#6392 = CARTESIAN_POINT('',(-1.2,-0.9,0.));
#6393 = LINE('',#6394,#6395);
#6394 = CARTESIAN_POINT('',(-1.2,-0.9,0.));
#6395 = VECTOR('',#6396,1.);
#6396 = DIRECTION('',(0.,0.,1.));
#6397 = ORIENTED_EDGE('',*,*,#6398,.T.);
#6398 = EDGE_CURVE('',#6391,#6324,#6399,.T.);
#6399 = CIRCLE('',#6400,0.1);
#6400 = AXIS2_PLACEMENT_3D('',#6401,#6402,#6403);
#6401 = CARTESIAN_POINT('',(-1.2,-0.8,0.));
#6402 = DIRECTION('',(-0.,0.,1.));
#6403 = DIRECTION('',(8.813754755808E-17,-1.,0.));
#6404 = CYLINDRICAL_SURFACE('',#6405,0.1);
#6405 = AXIS2_PLACEMENT_3D('',#6406,#6407,#6408);
#6406 = CARTESIAN_POINT('',(-1.2,-0.8,0.));
#6407 = DIRECTION('',(0.,0.,-1.));
#6408 = DIRECTION('',(8.813754755808E-17,-1.,0.));
#6409 = ADVANCED_FACE('',(#6410),#6437,.F.);
#6410 = FACE_BOUND('',#6411,.F.);
#6411 = EDGE_LOOP('',(#6412,#6420,#6421,#6422,#6423,#6431));
#6412 = ORIENTED_EDGE('',*,*,#6413,.F.);
#6413 = EDGE_CURVE('',#6364,#6414,#6416,.T.);
#6414 = VERTEX_POINT('',#6415);
#6415 = CARTESIAN_POINT('',(0.9,1.5,0.));
#6416 = LINE('',#6417,#6418);
#6417 = CARTESIAN_POINT('',(0.9,1.2,0.));
#6418 = VECTOR('',#6419,1.);
#6419 = DIRECTION('',(4.092722946096E-16,1.,0.));
#6420 = ORIENTED_EDGE('',*,*,#6363,.T.);
#6421 = ORIENTED_EDGE('',*,*,#4872,.F.);
#6422 = ORIENTED_EDGE('',*,*,#5344,.F.);
#6423 = ORIENTED_EDGE('',*,*,#6424,.T.);
#6424 = EDGE_CURVE('',#5337,#6425,#6427,.T.);
#6425 = VERTEX_POINT('',#6426);
#6426 = CARTESIAN_POINT('',(0.9,1.5,0.2));
#6427 = LINE('',#6428,#6429);
#6428 = CARTESIAN_POINT('',(0.9,1.2,0.2));
#6429 = VECTOR('',#6430,1.);
#6430 = DIRECTION('',(4.092722946096E-16,1.,0.));
#6431 = ORIENTED_EDGE('',*,*,#6432,.F.);
#6432 = EDGE_CURVE('',#6414,#6425,#6433,.T.);
#6433 = LINE('',#6434,#6435);
#6434 = CARTESIAN_POINT('',(0.9,1.5,0.));
#6435 = VECTOR('',#6436,1.);
#6436 = DIRECTION('',(0.,0.,1.));
#6437 = PLANE('',#6438);
#6438 = AXIS2_PLACEMENT_3D('',#6439,#6440,#6441);
#6439 = CARTESIAN_POINT('',(0.9,1.2,0.));
#6440 = DIRECTION('',(-1.,4.092722946096E-16,0.));
#6441 = DIRECTION('',(4.092722946096E-16,1.,0.));
#6442 = ADVANCED_FACE('',(#6443),#6470,.F.);
#6443 = FACE_BOUND('',#6444,.F.);
#6444 = EDGE_LOOP('',(#6445,#6453,#6461,#6467,#6468,#6469));
#6445 = ORIENTED_EDGE('',*,*,#6446,.F.);
#6446 = EDGE_CURVE('',#6447,#6391,#6449,.T.);
#6447 = VERTEX_POINT('',#6448);
#6448 = CARTESIAN_POINT('',(-1.5,-0.9,0.));
#6449 = LINE('',#6450,#6451);
#6450 = CARTESIAN_POINT('',(-1.5,-0.9,0.));
#6451 = VECTOR('',#6452,1.);
#6452 = DIRECTION('',(1.,-4.669739647545E-16,0.));
#6453 = ORIENTED_EDGE('',*,*,#6454,.T.);
#6454 = EDGE_CURVE('',#6447,#6455,#6457,.T.);
#6455 = VERTEX_POINT('',#6456);
#6456 = CARTESIAN_POINT('',(-1.5,-0.9,0.2));
#6457 = LINE('',#6458,#6459);
#6458 = CARTESIAN_POINT('',(-1.5,-0.9,0.));
#6459 = VECTOR('',#6460,1.);
#6460 = DIRECTION('',(0.,0.,1.));
#6461 = ORIENTED_EDGE('',*,*,#6462,.T.);
#6462 = EDGE_CURVE('',#6455,#5378,#6463,.T.);
#6463 = LINE('',#6464,#6465);
#6464 = CARTESIAN_POINT('',(-1.5,-0.9,0.2));
#6465 = VECTOR('',#6466,1.);
#6466 = DIRECTION('',(1.,-4.669739647545E-16,0.));
#6467 = ORIENTED_EDGE('',*,*,#5377,.F.);
#6468 = ORIENTED_EDGE('',*,*,#4526,.F.);
#6469 = ORIENTED_EDGE('',*,*,#6390,.F.);
#6470 = PLANE('',#6471);
#6471 = AXIS2_PLACEMENT_3D('',#6472,#6473,#6474);
#6472 = CARTESIAN_POINT('',(-1.5,-0.9,0.));
#6473 = DIRECTION('',(4.669739647545E-16,1.,0.));
#6474 = DIRECTION('',(1.,-4.669739647545E-16,0.));
#6475 = ADVANCED_FACE('',(#6476),#6602,.T.);
#6476 = FACE_BOUND('',#6477,.T.);
#6477 = EDGE_LOOP('',(#6478,#6484,#6485,#6486,#6494,#6502,#6508,#6509,
    #6517,#6525,#6531,#6532,#6540,#6548,#6554,#6555,#6563,#6571,#6577,
    #6578,#6586,#6594,#6600,#6601));
#6478 = ORIENTED_EDGE('',*,*,#6479,.F.);
#6479 = EDGE_CURVE('',#5363,#5087,#6480,.T.);
#6480 = LINE('',#6481,#6482);
#6481 = CARTESIAN_POINT('',(-1.49,-1.49,0.52));
#6482 = VECTOR('',#6483,1.);
#6483 = DIRECTION('',(1.,-2.22044604925E-16,0.));
#6484 = ORIENTED_EDGE('',*,*,#5370,.F.);
#6485 = ORIENTED_EDGE('',*,*,#4542,.T.);
#6486 = ORIENTED_EDGE('',*,*,#6487,.T.);
#6487 = EDGE_CURVE('',#4543,#6488,#6490,.T.);
#6488 = VERTEX_POINT('',#6489);
#6489 = CARTESIAN_POINT('',(-0.9,-1.49,0.2));
#6490 = LINE('',#6491,#6492);
#6491 = CARTESIAN_POINT('',(-0.9,-1.49,1.E-02));
#6492 = VECTOR('',#6493,1.);
#6493 = DIRECTION('',(0.,0.,1.));
#6494 = ORIENTED_EDGE('',*,*,#6495,.T.);
#6495 = EDGE_CURVE('',#6488,#6496,#6498,.T.);
#6496 = VERTEX_POINT('',#6497);
#6497 = CARTESIAN_POINT('',(-0.7,-1.49,0.2));
#6498 = LINE('',#6499,#6500);
#6499 = CARTESIAN_POINT('',(-1.095,-1.49,0.2));
#6500 = VECTOR('',#6501,1.);
#6501 = DIRECTION('',(1.,-2.22044604925E-16,0.));
#6502 = ORIENTED_EDGE('',*,*,#6503,.T.);
#6503 = EDGE_CURVE('',#6496,#4568,#6504,.T.);
#6504 = LINE('',#6505,#6506);
#6505 = CARTESIAN_POINT('',(-0.7,-1.49,1.E-02));
#6506 = VECTOR('',#6507,1.);
#6507 = DIRECTION('',(-0.,0.,-1.));
#6508 = ORIENTED_EDGE('',*,*,#4575,.T.);
#6509 = ORIENTED_EDGE('',*,*,#6510,.T.);
#6510 = EDGE_CURVE('',#4576,#6511,#6513,.T.);
#6511 = VERTEX_POINT('',#6512);
#6512 = CARTESIAN_POINT('',(-0.5,-1.49,0.2));
#6513 = LINE('',#6514,#6515);
#6514 = CARTESIAN_POINT('',(-0.5,-1.49,1.E-02));
#6515 = VECTOR('',#6516,1.);
#6516 = DIRECTION('',(0.,0.,1.));
#6517 = ORIENTED_EDGE('',*,*,#6518,.T.);
#6518 = EDGE_CURVE('',#6511,#6519,#6521,.T.);
#6519 = VERTEX_POINT('',#6520);
#6520 = CARTESIAN_POINT('',(-0.3,-1.49,0.2));
#6521 = LINE('',#6522,#6523);
#6522 = CARTESIAN_POINT('',(-0.895,-1.49,0.2));
#6523 = VECTOR('',#6524,1.);
#6524 = DIRECTION('',(1.,-2.22044604925E-16,0.));
#6525 = ORIENTED_EDGE('',*,*,#6526,.T.);
#6526 = EDGE_CURVE('',#6519,#4601,#6527,.T.);
#6527 = LINE('',#6528,#6529);
#6528 = CARTESIAN_POINT('',(-0.3,-1.49,1.E-02));
#6529 = VECTOR('',#6530,1.);
#6530 = DIRECTION('',(-0.,0.,-1.));
#6531 = ORIENTED_EDGE('',*,*,#4608,.T.);
#6532 = ORIENTED_EDGE('',*,*,#6533,.T.);
#6533 = EDGE_CURVE('',#4609,#6534,#6536,.T.);
#6534 = VERTEX_POINT('',#6535);
#6535 = CARTESIAN_POINT('',(-0.1,-1.49,0.2));
#6536 = LINE('',#6537,#6538);
#6537 = CARTESIAN_POINT('',(-0.1,-1.49,1.E-02));
#6538 = VECTOR('',#6539,1.);
#6539 = DIRECTION('',(0.,0.,1.));
#6540 = ORIENTED_EDGE('',*,*,#6541,.T.);
#6541 = EDGE_CURVE('',#6534,#6542,#6544,.T.);
#6542 = VERTEX_POINT('',#6543);
#6543 = CARTESIAN_POINT('',(0.1,-1.49,0.2));
#6544 = LINE('',#6545,#6546);
#6545 = CARTESIAN_POINT('',(-0.695,-1.49,0.2));
#6546 = VECTOR('',#6547,1.);
#6547 = DIRECTION('',(1.,-2.22044604925E-16,0.));
#6548 = ORIENTED_EDGE('',*,*,#6549,.T.);
#6549 = EDGE_CURVE('',#6542,#4634,#6550,.T.);
#6550 = LINE('',#6551,#6552);
#6551 = CARTESIAN_POINT('',(0.1,-1.49,1.E-02));
#6552 = VECTOR('',#6553,1.);
#6553 = DIRECTION('',(-0.,0.,-1.));
#6554 = ORIENTED_EDGE('',*,*,#4641,.T.);
#6555 = ORIENTED_EDGE('',*,*,#6556,.T.);
#6556 = EDGE_CURVE('',#4642,#6557,#6559,.T.);
#6557 = VERTEX_POINT('',#6558);
#6558 = CARTESIAN_POINT('',(0.3,-1.49,0.2));
#6559 = LINE('',#6560,#6561);
#6560 = CARTESIAN_POINT('',(0.3,-1.49,1.E-02));
#6561 = VECTOR('',#6562,1.);
#6562 = DIRECTION('',(0.,0.,1.));
#6563 = ORIENTED_EDGE('',*,*,#6564,.T.);
#6564 = EDGE_CURVE('',#6557,#6565,#6567,.T.);
#6565 = VERTEX_POINT('',#6566);
#6566 = CARTESIAN_POINT('',(0.5,-1.49,0.2));
#6567 = LINE('',#6568,#6569);
#6568 = CARTESIAN_POINT('',(-0.495,-1.49,0.2));
#6569 = VECTOR('',#6570,1.);
#6570 = DIRECTION('',(1.,-2.22044604925E-16,0.));
#6571 = ORIENTED_EDGE('',*,*,#6572,.T.);
#6572 = EDGE_CURVE('',#6565,#4667,#6573,.T.);
#6573 = LINE('',#6574,#6575);
#6574 = CARTESIAN_POINT('',(0.5,-1.49,1.E-02));
#6575 = VECTOR('',#6576,1.);
#6576 = DIRECTION('',(-0.,0.,-1.));
#6577 = ORIENTED_EDGE('',*,*,#4674,.T.);
#6578 = ORIENTED_EDGE('',*,*,#6579,.T.);
#6579 = EDGE_CURVE('',#4675,#6580,#6582,.T.);
#6580 = VERTEX_POINT('',#6581);
#6581 = CARTESIAN_POINT('',(0.7,-1.49,0.2));
#6582 = LINE('',#6583,#6584);
#6583 = CARTESIAN_POINT('',(0.7,-1.49,1.E-02));
#6584 = VECTOR('',#6585,1.);
#6585 = DIRECTION('',(0.,0.,1.));
#6586 = ORIENTED_EDGE('',*,*,#6587,.T.);
#6587 = EDGE_CURVE('',#6580,#6588,#6590,.T.);
#6588 = VERTEX_POINT('',#6589);
#6589 = CARTESIAN_POINT('',(0.9,-1.49,0.2));
#6590 = LINE('',#6591,#6592);
#6591 = CARTESIAN_POINT('',(-0.295,-1.49,0.2));
#6592 = VECTOR('',#6593,1.);
#6593 = DIRECTION('',(1.,-2.22044604925E-16,0.));
#6594 = ORIENTED_EDGE('',*,*,#6595,.T.);
#6595 = EDGE_CURVE('',#6588,#4700,#6596,.T.);
#6596 = LINE('',#6597,#6598);
#6597 = CARTESIAN_POINT('',(0.9,-1.49,1.E-02));
#6598 = VECTOR('',#6599,1.);
#6599 = DIRECTION('',(-0.,0.,-1.));
#6600 = ORIENTED_EDGE('',*,*,#4707,.T.);
#6601 = ORIENTED_EDGE('',*,*,#5094,.T.);
#6602 = PLANE('',#6603);
#6603 = AXIS2_PLACEMENT_3D('',#6604,#6605,#6606);
#6604 = CARTESIAN_POINT('',(-1.49,-1.49,2.E-02));
#6605 = DIRECTION('',(-2.22044604925E-16,-1.,0.));
#6606 = DIRECTION('',(0.,0.,1.));
#6607 = ADVANCED_FACE('',(#6608),#6642,.F.);
#6608 = FACE_BOUND('',#6609,.F.);
#6609 = EDGE_LOOP('',(#6610,#6620,#6628,#6634,#6635,#6636));
#6610 = ORIENTED_EDGE('',*,*,#6611,.F.);
#6611 = EDGE_CURVE('',#6612,#6614,#6616,.T.);
#6612 = VERTEX_POINT('',#6613);
#6613 = CARTESIAN_POINT('',(1.5,0.9,0.));
#6614 = VERTEX_POINT('',#6615);
#6615 = CARTESIAN_POINT('',(1.2,0.9,0.));
#6616 = LINE('',#6617,#6618);
#6617 = CARTESIAN_POINT('',(1.5,0.9,0.));
#6618 = VECTOR('',#6619,1.);
#6619 = DIRECTION('',(-1.,3.445092848398E-16,0.));
#6620 = ORIENTED_EDGE('',*,*,#6621,.T.);
#6621 = EDGE_CURVE('',#6612,#6622,#6624,.T.);
#6622 = VERTEX_POINT('',#6623);
#6623 = CARTESIAN_POINT('',(1.5,0.9,0.2));
#6624 = LINE('',#6625,#6626);
#6625 = CARTESIAN_POINT('',(1.5,0.9,0.));
#6626 = VECTOR('',#6627,1.);
#6627 = DIRECTION('',(0.,0.,1.));
#6628 = ORIENTED_EDGE('',*,*,#6629,.T.);
#6629 = EDGE_CURVE('',#6622,#5188,#6630,.T.);
#6630 = LINE('',#6631,#6632);
#6631 = CARTESIAN_POINT('',(1.5,0.9,0.2));
#6632 = VECTOR('',#6633,1.);
#6633 = DIRECTION('',(-1.,3.445092848398E-16,0.));
#6634 = ORIENTED_EDGE('',*,*,#5195,.T.);
#6635 = ORIENTED_EDGE('',*,*,#4848,.F.);
#6636 = ORIENTED_EDGE('',*,*,#6637,.F.);
#6637 = EDGE_CURVE('',#6614,#4840,#6638,.T.);
#6638 = LINE('',#6639,#6640);
#6639 = CARTESIAN_POINT('',(1.2,0.9,0.));
#6640 = VECTOR('',#6641,1.);
#6641 = DIRECTION('',(0.,0.,1.));
#6642 = PLANE('',#6643);
#6643 = AXIS2_PLACEMENT_3D('',#6644,#6645,#6646);
#6644 = CARTESIAN_POINT('',(1.5,0.9,0.));
#6645 = DIRECTION('',(-3.445092848398E-16,-1.,0.));
#6646 = DIRECTION('',(-1.,3.445092848398E-16,0.));
#6647 = ADVANCED_FACE('',(#6648),#6682,.F.);
#6648 = FACE_BOUND('',#6649,.F.);
#6649 = EDGE_LOOP('',(#6650,#6660,#6666,#6667,#6668,#6676));
#6650 = ORIENTED_EDGE('',*,*,#6651,.F.);
#6651 = EDGE_CURVE('',#6652,#6654,#6656,.T.);
#6652 = VERTEX_POINT('',#6653);
#6653 = CARTESIAN_POINT('',(-0.9,-1.2,0.));
#6654 = VERTEX_POINT('',#6655);
#6655 = CARTESIAN_POINT('',(-0.9,-1.5,0.));
#6656 = LINE('',#6657,#6658);
#6657 = CARTESIAN_POINT('',(-0.9,-1.2,0.));
#6658 = VECTOR('',#6659,1.);
#6659 = DIRECTION('',(-5.202945970721E-16,-1.,0.));
#6660 = ORIENTED_EDGE('',*,*,#6661,.T.);
#6661 = EDGE_CURVE('',#6652,#4551,#6662,.T.);
#6662 = LINE('',#6663,#6664);
#6663 = CARTESIAN_POINT('',(-0.9,-1.2,0.));
#6664 = VECTOR('',#6665,1.);
#6665 = DIRECTION('',(0.,0.,1.));
#6666 = ORIENTED_EDGE('',*,*,#4550,.F.);
#6667 = ORIENTED_EDGE('',*,*,#6487,.T.);
#6668 = ORIENTED_EDGE('',*,*,#6669,.T.);
#6669 = EDGE_CURVE('',#6488,#6670,#6672,.T.);
#6670 = VERTEX_POINT('',#6671);
#6671 = CARTESIAN_POINT('',(-0.9,-1.5,0.2));
#6672 = LINE('',#6673,#6674);
#6673 = CARTESIAN_POINT('',(-0.9,-1.2,0.2));
#6674 = VECTOR('',#6675,1.);
#6675 = DIRECTION('',(-5.202945970721E-16,-1.,0.));
#6676 = ORIENTED_EDGE('',*,*,#6677,.F.);
#6677 = EDGE_CURVE('',#6654,#6670,#6678,.T.);
#6678 = LINE('',#6679,#6680);
#6679 = CARTESIAN_POINT('',(-0.9,-1.5,0.));
#6680 = VECTOR('',#6681,1.);
#6681 = DIRECTION('',(0.,0.,1.));
#6682 = PLANE('',#6683);
#6683 = AXIS2_PLACEMENT_3D('',#6684,#6685,#6686);
#6684 = CARTESIAN_POINT('',(-0.9,-1.2,0.));
#6685 = DIRECTION('',(1.,-5.202945970721E-16,0.));
#6686 = DIRECTION('',(-5.202945970721E-16,-1.,0.));
#6687 = ADVANCED_FACE('',(#6688),#6707,.T.);
#6688 = FACE_BOUND('',#6689,.T.);
#6689 = EDGE_LOOP('',(#6690,#6698,#6699,#6700));
#6690 = ORIENTED_EDGE('',*,*,#6691,.T.);
#6691 = EDGE_CURVE('',#6692,#4832,#6694,.T.);
#6692 = VERTEX_POINT('',#6693);
#6693 = CARTESIAN_POINT('',(1.2,0.7,0.));
#6694 = LINE('',#6695,#6696);
#6695 = CARTESIAN_POINT('',(1.2,0.7,0.));
#6696 = VECTOR('',#6697,1.);
#6697 = DIRECTION('',(0.,0.,1.));
#6698 = ORIENTED_EDGE('',*,*,#4839,.T.);
#6699 = ORIENTED_EDGE('',*,*,#6637,.F.);
#6700 = ORIENTED_EDGE('',*,*,#6701,.T.);
#6701 = EDGE_CURVE('',#6614,#6692,#6702,.T.);
#6702 = CIRCLE('',#6703,0.1);
#6703 = AXIS2_PLACEMENT_3D('',#6704,#6705,#6706);
#6704 = CARTESIAN_POINT('',(1.2,0.8,0.));
#6705 = DIRECTION('',(0.,0.,1.));
#6706 = DIRECTION('',(-2.106022274728E-16,1.,0.));
#6707 = CYLINDRICAL_SURFACE('',#6708,0.1);
#6708 = AXIS2_PLACEMENT_3D('',#6709,#6710,#6711);
#6709 = CARTESIAN_POINT('',(1.2,0.8,0.));
#6710 = DIRECTION('',(0.,-0.,-1.));
#6711 = DIRECTION('',(-2.106022274728E-16,1.,-0.));
#6712 = ADVANCED_FACE('',(#6713),#6732,.T.);
#6713 = FACE_BOUND('',#6714,.T.);
#6714 = EDGE_LOOP('',(#6715,#6716,#6717,#6725));
#6715 = ORIENTED_EDGE('',*,*,#6661,.T.);
#6716 = ORIENTED_EDGE('',*,*,#4558,.T.);
#6717 = ORIENTED_EDGE('',*,*,#6718,.F.);
#6718 = EDGE_CURVE('',#6719,#4559,#6721,.T.);
#6719 = VERTEX_POINT('',#6720);
#6720 = CARTESIAN_POINT('',(-0.7,-1.2,0.));
#6721 = LINE('',#6722,#6723);
#6722 = CARTESIAN_POINT('',(-0.7,-1.2,0.));
#6723 = VECTOR('',#6724,1.);
#6724 = DIRECTION('',(0.,0.,1.));
#6725 = ORIENTED_EDGE('',*,*,#6726,.T.);
#6726 = EDGE_CURVE('',#6719,#6652,#6727,.T.);
#6727 = CIRCLE('',#6728,0.1);
#6728 = AXIS2_PLACEMENT_3D('',#6729,#6730,#6731);
#6729 = CARTESIAN_POINT('',(-0.8,-1.2,0.));
#6730 = DIRECTION('',(-0.,0.,1.));
#6731 = DIRECTION('',(1.,-1.144237745222E-17,0.));
#6732 = CYLINDRICAL_SURFACE('',#6733,0.1);
#6733 = AXIS2_PLACEMENT_3D('',#6734,#6735,#6736);
#6734 = CARTESIAN_POINT('',(-0.8,-1.2,0.));
#6735 = DIRECTION('',(-0.,0.,-1.));
#6736 = DIRECTION('',(1.,-1.144237745222E-17,-0.));
#6737 = ADVANCED_FACE('',(#6738),#6765,.F.);
#6738 = FACE_BOUND('',#6739,.F.);
#6739 = EDGE_LOOP('',(#6740,#6748,#6749,#6750,#6751,#6759));
#6740 = ORIENTED_EDGE('',*,*,#6741,.F.);
#6741 = EDGE_CURVE('',#6692,#6742,#6744,.T.);
#6742 = VERTEX_POINT('',#6743);
#6743 = CARTESIAN_POINT('',(1.5,0.7,0.));
#6744 = LINE('',#6745,#6746);
#6745 = CARTESIAN_POINT('',(1.2,0.7,0.));
#6746 = VECTOR('',#6747,1.);
#6747 = DIRECTION('',(1.,-2.982499921471E-16,0.));
#6748 = ORIENTED_EDGE('',*,*,#6691,.T.);
#6749 = ORIENTED_EDGE('',*,*,#4831,.F.);
#6750 = ORIENTED_EDGE('',*,*,#5179,.T.);
#6751 = ORIENTED_EDGE('',*,*,#6752,.T.);
#6752 = EDGE_CURVE('',#5180,#6753,#6755,.T.);
#6753 = VERTEX_POINT('',#6754);
#6754 = CARTESIAN_POINT('',(1.5,0.7,0.2));
#6755 = LINE('',#6756,#6757);
#6756 = CARTESIAN_POINT('',(1.2,0.7,0.2));
#6757 = VECTOR('',#6758,1.);
#6758 = DIRECTION('',(1.,-2.982499921471E-16,0.));
#6759 = ORIENTED_EDGE('',*,*,#6760,.F.);
#6760 = EDGE_CURVE('',#6742,#6753,#6761,.T.);
#6761 = LINE('',#6762,#6763);
#6762 = CARTESIAN_POINT('',(1.5,0.7,0.));
#6763 = VECTOR('',#6764,1.);
#6764 = DIRECTION('',(0.,0.,1.));
#6765 = PLANE('',#6766);
#6766 = AXIS2_PLACEMENT_3D('',#6767,#6768,#6769);
#6767 = CARTESIAN_POINT('',(1.2,0.7,0.));
#6768 = DIRECTION('',(2.982499921471E-16,1.,0.));
#6769 = DIRECTION('',(1.,-2.982499921471E-16,0.));
#6770 = ADVANCED_FACE('',(#6771),#6798,.F.);
#6771 = FACE_BOUND('',#6772,.F.);
#6772 = EDGE_LOOP('',(#6773,#6781,#6789,#6795,#6796,#6797));
#6773 = ORIENTED_EDGE('',*,*,#6774,.F.);
#6774 = EDGE_CURVE('',#6775,#6719,#6777,.T.);
#6775 = VERTEX_POINT('',#6776);
#6776 = CARTESIAN_POINT('',(-0.7,-1.5,0.));
#6777 = LINE('',#6778,#6779);
#6778 = CARTESIAN_POINT('',(-0.7,-1.5,0.));
#6779 = VECTOR('',#6780,1.);
#6780 = DIRECTION('',(5.665538897648E-16,1.,0.));
#6781 = ORIENTED_EDGE('',*,*,#6782,.T.);
#6782 = EDGE_CURVE('',#6775,#6783,#6785,.T.);
#6783 = VERTEX_POINT('',#6784);
#6784 = CARTESIAN_POINT('',(-0.7,-1.5,0.2));
#6785 = LINE('',#6786,#6787);
#6786 = CARTESIAN_POINT('',(-0.7,-1.5,0.));
#6787 = VECTOR('',#6788,1.);
#6788 = DIRECTION('',(0.,0.,1.));
#6789 = ORIENTED_EDGE('',*,*,#6790,.T.);
#6790 = EDGE_CURVE('',#6783,#6496,#6791,.T.);
#6791 = LINE('',#6792,#6793);
#6792 = CARTESIAN_POINT('',(-0.7,-1.5,0.2));
#6793 = VECTOR('',#6794,1.);
#6794 = DIRECTION('',(5.665538897648E-16,1.,0.));
#6795 = ORIENTED_EDGE('',*,*,#6503,.T.);
#6796 = ORIENTED_EDGE('',*,*,#4567,.F.);
#6797 = ORIENTED_EDGE('',*,*,#6718,.F.);
#6798 = PLANE('',#6799);
#6799 = AXIS2_PLACEMENT_3D('',#6800,#6801,#6802);
#6800 = CARTESIAN_POINT('',(-0.7,-1.5,0.));
#6801 = DIRECTION('',(-1.,5.665538897648E-16,0.));
#6802 = DIRECTION('',(5.665538897648E-16,1.,0.));
#6803 = ADVANCED_FACE('',(#6804),#6838,.F.);
#6804 = FACE_BOUND('',#6805,.F.);
#6805 = EDGE_LOOP('',(#6806,#6816,#6824,#6830,#6831,#6832));
#6806 = ORIENTED_EDGE('',*,*,#6807,.F.);
#6807 = EDGE_CURVE('',#6808,#6810,#6812,.T.);
#6808 = VERTEX_POINT('',#6809);
#6809 = CARTESIAN_POINT('',(1.5,0.5,0.));
#6810 = VERTEX_POINT('',#6811);
#6811 = CARTESIAN_POINT('',(1.2,0.5,0.));
#6812 = LINE('',#6813,#6814);
#6813 = CARTESIAN_POINT('',(1.5,0.5,0.));
#6814 = VECTOR('',#6815,1.);
#6815 = DIRECTION('',(-1.,3.445092848398E-16,0.));
#6816 = ORIENTED_EDGE('',*,*,#6817,.T.);
#6817 = EDGE_CURVE('',#6808,#6818,#6820,.T.);
#6818 = VERTEX_POINT('',#6819);
#6819 = CARTESIAN_POINT('',(1.5,0.5,0.2));
#6820 = LINE('',#6821,#6822);
#6821 = CARTESIAN_POINT('',(1.5,0.5,0.));
#6822 = VECTOR('',#6823,1.);
#6823 = DIRECTION('',(0.,0.,1.));
#6824 = ORIENTED_EDGE('',*,*,#6825,.T.);
#6825 = EDGE_CURVE('',#6818,#5165,#6826,.T.);
#6826 = LINE('',#6827,#6828);
#6827 = CARTESIAN_POINT('',(1.5,0.5,0.2));
#6828 = VECTOR('',#6829,1.);
#6829 = DIRECTION('',(-1.,3.445092848398E-16,0.));
#6830 = ORIENTED_EDGE('',*,*,#5172,.T.);
#6831 = ORIENTED_EDGE('',*,*,#4815,.F.);
#6832 = ORIENTED_EDGE('',*,*,#6833,.F.);
#6833 = EDGE_CURVE('',#6810,#4807,#6834,.T.);
#6834 = LINE('',#6835,#6836);
#6835 = CARTESIAN_POINT('',(1.2,0.5,0.));
#6836 = VECTOR('',#6837,1.);
#6837 = DIRECTION('',(0.,0.,1.));
#6838 = PLANE('',#6839);
#6839 = AXIS2_PLACEMENT_3D('',#6840,#6841,#6842);
#6840 = CARTESIAN_POINT('',(1.5,0.5,0.));
#6841 = DIRECTION('',(-3.445092848398E-16,-1.,0.));
#6842 = DIRECTION('',(-1.,3.445092848398E-16,0.));
#6843 = ADVANCED_FACE('',(#6844),#6878,.F.);
#6844 = FACE_BOUND('',#6845,.F.);
#6845 = EDGE_LOOP('',(#6846,#6856,#6862,#6863,#6864,#6872));
#6846 = ORIENTED_EDGE('',*,*,#6847,.F.);
#6847 = EDGE_CURVE('',#6848,#6850,#6852,.T.);
#6848 = VERTEX_POINT('',#6849);
#6849 = CARTESIAN_POINT('',(-0.5,-1.2,0.));
#6850 = VERTEX_POINT('',#6851);
#6851 = CARTESIAN_POINT('',(-0.5,-1.5,0.));
#6852 = LINE('',#6853,#6854);
#6853 = CARTESIAN_POINT('',(-0.5,-1.2,0.));
#6854 = VECTOR('',#6855,1.);
#6855 = DIRECTION('',(-5.202945970721E-16,-1.,0.));
#6856 = ORIENTED_EDGE('',*,*,#6857,.T.);
#6857 = EDGE_CURVE('',#6848,#4584,#6858,.T.);
#6858 = LINE('',#6859,#6860);
#6859 = CARTESIAN_POINT('',(-0.5,-1.2,0.));
#6860 = VECTOR('',#6861,1.);
#6861 = DIRECTION('',(0.,0.,1.));
#6862 = ORIENTED_EDGE('',*,*,#4583,.F.);
#6863 = ORIENTED_EDGE('',*,*,#6510,.T.);
#6864 = ORIENTED_EDGE('',*,*,#6865,.T.);
#6865 = EDGE_CURVE('',#6511,#6866,#6868,.T.);
#6866 = VERTEX_POINT('',#6867);
#6867 = CARTESIAN_POINT('',(-0.5,-1.5,0.2));
#6868 = LINE('',#6869,#6870);
#6869 = CARTESIAN_POINT('',(-0.5,-1.2,0.2));
#6870 = VECTOR('',#6871,1.);
#6871 = DIRECTION('',(-5.202945970721E-16,-1.,0.));
#6872 = ORIENTED_EDGE('',*,*,#6873,.F.);
#6873 = EDGE_CURVE('',#6850,#6866,#6874,.T.);
#6874 = LINE('',#6875,#6876);
#6875 = CARTESIAN_POINT('',(-0.5,-1.5,0.));
#6876 = VECTOR('',#6877,1.);
#6877 = DIRECTION('',(0.,0.,1.));
#6878 = PLANE('',#6879);
#6879 = AXIS2_PLACEMENT_3D('',#6880,#6881,#6882);
#6880 = CARTESIAN_POINT('',(-0.5,-1.2,0.));
#6881 = DIRECTION('',(1.,-5.202945970721E-16,0.));
#6882 = DIRECTION('',(-5.202945970721E-16,-1.,0.));
#6883 = ADVANCED_FACE('',(#6884),#6903,.T.);
#6884 = FACE_BOUND('',#6885,.T.);
#6885 = EDGE_LOOP('',(#6886,#6894,#6895,#6896));
#6886 = ORIENTED_EDGE('',*,*,#6887,.T.);
#6887 = EDGE_CURVE('',#6888,#4799,#6890,.T.);
#6888 = VERTEX_POINT('',#6889);
#6889 = CARTESIAN_POINT('',(1.2,0.3,0.));
#6890 = LINE('',#6891,#6892);
#6891 = CARTESIAN_POINT('',(1.2,0.3,0.));
#6892 = VECTOR('',#6893,1.);
#6893 = DIRECTION('',(0.,0.,1.));
#6894 = ORIENTED_EDGE('',*,*,#4806,.T.);
#6895 = ORIENTED_EDGE('',*,*,#6833,.F.);
#6896 = ORIENTED_EDGE('',*,*,#6897,.T.);
#6897 = EDGE_CURVE('',#6810,#6888,#6898,.T.);
#6898 = CIRCLE('',#6899,0.1);
#6899 = AXIS2_PLACEMENT_3D('',#6900,#6901,#6902);
#6900 = CARTESIAN_POINT('',(1.2,0.4,0.));
#6901 = DIRECTION('',(0.,0.,1.));
#6902 = DIRECTION('',(-2.106022274728E-16,1.,0.));
#6903 = CYLINDRICAL_SURFACE('',#6904,0.1);
#6904 = AXIS2_PLACEMENT_3D('',#6905,#6906,#6907);
#6905 = CARTESIAN_POINT('',(1.2,0.4,0.));
#6906 = DIRECTION('',(0.,-0.,-1.));
#6907 = DIRECTION('',(-2.106022274728E-16,1.,-0.));
#6908 = ADVANCED_FACE('',(#6909),#6928,.T.);
#6909 = FACE_BOUND('',#6910,.T.);
#6910 = EDGE_LOOP('',(#6911,#6912,#6913,#6921));
#6911 = ORIENTED_EDGE('',*,*,#6857,.T.);
#6912 = ORIENTED_EDGE('',*,*,#4591,.T.);
#6913 = ORIENTED_EDGE('',*,*,#6914,.F.);
#6914 = EDGE_CURVE('',#6915,#4592,#6917,.T.);
#6915 = VERTEX_POINT('',#6916);
#6916 = CARTESIAN_POINT('',(-0.3,-1.2,0.));
#6917 = LINE('',#6918,#6919);
#6918 = CARTESIAN_POINT('',(-0.3,-1.2,0.));
#6919 = VECTOR('',#6920,1.);
#6920 = DIRECTION('',(0.,0.,1.));
#6921 = ORIENTED_EDGE('',*,*,#6922,.T.);
#6922 = EDGE_CURVE('',#6915,#6848,#6923,.T.);
#6923 = CIRCLE('',#6924,0.1);
#6924 = AXIS2_PLACEMENT_3D('',#6925,#6926,#6927);
#6925 = CARTESIAN_POINT('',(-0.4,-1.2,0.));
#6926 = DIRECTION('',(-0.,0.,1.));
#6927 = DIRECTION('',(1.,-1.144237745222E-17,0.));
#6928 = CYLINDRICAL_SURFACE('',#6929,0.1);
#6929 = AXIS2_PLACEMENT_3D('',#6930,#6931,#6932);
#6930 = CARTESIAN_POINT('',(-0.4,-1.2,0.));
#6931 = DIRECTION('',(-0.,0.,-1.));
#6932 = DIRECTION('',(1.,-1.144237745222E-17,-0.));
#6933 = ADVANCED_FACE('',(#6934),#6961,.F.);
#6934 = FACE_BOUND('',#6935,.F.);
#6935 = EDGE_LOOP('',(#6936,#6944,#6945,#6946,#6947,#6955));
#6936 = ORIENTED_EDGE('',*,*,#6937,.F.);
#6937 = EDGE_CURVE('',#6888,#6938,#6940,.T.);
#6938 = VERTEX_POINT('',#6939);
#6939 = CARTESIAN_POINT('',(1.5,0.3,0.));
#6940 = LINE('',#6941,#6942);
#6941 = CARTESIAN_POINT('',(1.2,0.3,0.));
#6942 = VECTOR('',#6943,1.);
#6943 = DIRECTION('',(1.,-2.982499921471E-16,0.));
#6944 = ORIENTED_EDGE('',*,*,#6887,.T.);
#6945 = ORIENTED_EDGE('',*,*,#4798,.F.);
#6946 = ORIENTED_EDGE('',*,*,#5156,.T.);
#6947 = ORIENTED_EDGE('',*,*,#6948,.T.);
#6948 = EDGE_CURVE('',#5157,#6949,#6951,.T.);
#6949 = VERTEX_POINT('',#6950);
#6950 = CARTESIAN_POINT('',(1.5,0.3,0.2));
#6951 = LINE('',#6952,#6953);
#6952 = CARTESIAN_POINT('',(1.2,0.3,0.2));
#6953 = VECTOR('',#6954,1.);
#6954 = DIRECTION('',(1.,-2.982499921471E-16,0.));
#6955 = ORIENTED_EDGE('',*,*,#6956,.F.);
#6956 = EDGE_CURVE('',#6938,#6949,#6957,.T.);
#6957 = LINE('',#6958,#6959);
#6958 = CARTESIAN_POINT('',(1.5,0.3,0.));
#6959 = VECTOR('',#6960,1.);
#6960 = DIRECTION('',(0.,0.,1.));
#6961 = PLANE('',#6962);
#6962 = AXIS2_PLACEMENT_3D('',#6963,#6964,#6965);
#6963 = CARTESIAN_POINT('',(1.2,0.3,0.));
#6964 = DIRECTION('',(2.982499921471E-16,1.,0.));
#6965 = DIRECTION('',(1.,-2.982499921471E-16,0.));
#6966 = ADVANCED_FACE('',(#6967),#6994,.F.);
#6967 = FACE_BOUND('',#6968,.F.);
#6968 = EDGE_LOOP('',(#6969,#6977,#6985,#6991,#6992,#6993));
#6969 = ORIENTED_EDGE('',*,*,#6970,.F.);
#6970 = EDGE_CURVE('',#6971,#6915,#6973,.T.);
#6971 = VERTEX_POINT('',#6972);
#6972 = CARTESIAN_POINT('',(-0.3,-1.5,0.));
#6973 = LINE('',#6974,#6975);
#6974 = CARTESIAN_POINT('',(-0.3,-1.5,0.));
#6975 = VECTOR('',#6976,1.);
#6976 = DIRECTION('',(5.665538897648E-16,1.,0.));
#6977 = ORIENTED_EDGE('',*,*,#6978,.T.);
#6978 = EDGE_CURVE('',#6971,#6979,#6981,.T.);
#6979 = VERTEX_POINT('',#6980);
#6980 = CARTESIAN_POINT('',(-0.3,-1.5,0.2));
#6981 = LINE('',#6982,#6983);
#6982 = CARTESIAN_POINT('',(-0.3,-1.5,0.));
#6983 = VECTOR('',#6984,1.);
#6984 = DIRECTION('',(0.,0.,1.));
#6985 = ORIENTED_EDGE('',*,*,#6986,.T.);
#6986 = EDGE_CURVE('',#6979,#6519,#6987,.T.);
#6987 = LINE('',#6988,#6989);
#6988 = CARTESIAN_POINT('',(-0.3,-1.5,0.2));
#6989 = VECTOR('',#6990,1.);
#6990 = DIRECTION('',(5.665538897648E-16,1.,0.));
#6991 = ORIENTED_EDGE('',*,*,#6526,.T.);
#6992 = ORIENTED_EDGE('',*,*,#4600,.F.);
#6993 = ORIENTED_EDGE('',*,*,#6914,.F.);
#6994 = PLANE('',#6995);
#6995 = AXIS2_PLACEMENT_3D('',#6996,#6997,#6998);
#6996 = CARTESIAN_POINT('',(-0.3,-1.5,0.));
#6997 = DIRECTION('',(-1.,5.665538897648E-16,0.));
#6998 = DIRECTION('',(5.665538897648E-16,1.,0.));
#6999 = ADVANCED_FACE('',(#7000),#7034,.F.);
#7000 = FACE_BOUND('',#7001,.F.);
#7001 = EDGE_LOOP('',(#7002,#7012,#7020,#7026,#7027,#7028));
#7002 = ORIENTED_EDGE('',*,*,#7003,.F.);
#7003 = EDGE_CURVE('',#7004,#7006,#7008,.T.);
#7004 = VERTEX_POINT('',#7005);
#7005 = CARTESIAN_POINT('',(1.5,0.1,0.));
#7006 = VERTEX_POINT('',#7007);
#7007 = CARTESIAN_POINT('',(1.2,0.1,0.));
#7008 = LINE('',#7009,#7010);
#7009 = CARTESIAN_POINT('',(1.5,0.1,0.));
#7010 = VECTOR('',#7011,1.);
#7011 = DIRECTION('',(-1.,3.445092848398E-16,0.));
#7012 = ORIENTED_EDGE('',*,*,#7013,.T.);
#7013 = EDGE_CURVE('',#7004,#7014,#7016,.T.);
#7014 = VERTEX_POINT('',#7015);
#7015 = CARTESIAN_POINT('',(1.5,0.1,0.2));
#7016 = LINE('',#7017,#7018);
#7017 = CARTESIAN_POINT('',(1.5,0.1,0.));
#7018 = VECTOR('',#7019,1.);
#7019 = DIRECTION('',(0.,0.,1.));
#7020 = ORIENTED_EDGE('',*,*,#7021,.T.);
#7021 = EDGE_CURVE('',#7014,#5142,#7022,.T.);
#7022 = LINE('',#7023,#7024);
#7023 = CARTESIAN_POINT('',(1.5,0.1,0.2));
#7024 = VECTOR('',#7025,1.);
#7025 = DIRECTION('',(-1.,3.445092848398E-16,0.));
#7026 = ORIENTED_EDGE('',*,*,#5149,.T.);
#7027 = ORIENTED_EDGE('',*,*,#4782,.F.);
#7028 = ORIENTED_EDGE('',*,*,#7029,.F.);
#7029 = EDGE_CURVE('',#7006,#4774,#7030,.T.);
#7030 = LINE('',#7031,#7032);
#7031 = CARTESIAN_POINT('',(1.2,0.1,0.));
#7032 = VECTOR('',#7033,1.);
#7033 = DIRECTION('',(0.,0.,1.));
#7034 = PLANE('',#7035);
#7035 = AXIS2_PLACEMENT_3D('',#7036,#7037,#7038);
#7036 = CARTESIAN_POINT('',(1.5,0.1,0.));
#7037 = DIRECTION('',(-3.445092848398E-16,-1.,0.));
#7038 = DIRECTION('',(-1.,3.445092848398E-16,0.));
#7039 = ADVANCED_FACE('',(#7040),#7074,.F.);
#7040 = FACE_BOUND('',#7041,.F.);
#7041 = EDGE_LOOP('',(#7042,#7052,#7058,#7059,#7060,#7068));
#7042 = ORIENTED_EDGE('',*,*,#7043,.F.);
#7043 = EDGE_CURVE('',#7044,#7046,#7048,.T.);
#7044 = VERTEX_POINT('',#7045);
#7045 = CARTESIAN_POINT('',(-0.1,-1.2,0.));
#7046 = VERTEX_POINT('',#7047);
#7047 = CARTESIAN_POINT('',(-0.1,-1.5,0.));
#7048 = LINE('',#7049,#7050);
#7049 = CARTESIAN_POINT('',(-0.1,-1.2,0.));
#7050 = VECTOR('',#7051,1.);
#7051 = DIRECTION('',(-5.202945970721E-16,-1.,0.));
#7052 = ORIENTED_EDGE('',*,*,#7053,.T.);
#7053 = EDGE_CURVE('',#7044,#4617,#7054,.T.);
#7054 = LINE('',#7055,#7056);
#7055 = CARTESIAN_POINT('',(-0.1,-1.2,0.));
#7056 = VECTOR('',#7057,1.);
#7057 = DIRECTION('',(0.,0.,1.));
#7058 = ORIENTED_EDGE('',*,*,#4616,.F.);
#7059 = ORIENTED_EDGE('',*,*,#6533,.T.);
#7060 = ORIENTED_EDGE('',*,*,#7061,.T.);
#7061 = EDGE_CURVE('',#6534,#7062,#7064,.T.);
#7062 = VERTEX_POINT('',#7063);
#7063 = CARTESIAN_POINT('',(-0.1,-1.5,0.2));
#7064 = LINE('',#7065,#7066);
#7065 = CARTESIAN_POINT('',(-0.1,-1.2,0.2));
#7066 = VECTOR('',#7067,1.);
#7067 = DIRECTION('',(-5.202945970721E-16,-1.,0.));
#7068 = ORIENTED_EDGE('',*,*,#7069,.F.);
#7069 = EDGE_CURVE('',#7046,#7062,#7070,.T.);
#7070 = LINE('',#7071,#7072);
#7071 = CARTESIAN_POINT('',(-0.1,-1.5,0.));
#7072 = VECTOR('',#7073,1.);
#7073 = DIRECTION('',(0.,0.,1.));
#7074 = PLANE('',#7075);
#7075 = AXIS2_PLACEMENT_3D('',#7076,#7077,#7078);
#7076 = CARTESIAN_POINT('',(-0.1,-1.2,0.));
#7077 = DIRECTION('',(1.,-5.202945970721E-16,0.));
#7078 = DIRECTION('',(-5.202945970721E-16,-1.,0.));
#7079 = ADVANCED_FACE('',(#7080),#7099,.T.);
#7080 = FACE_BOUND('',#7081,.T.);
#7081 = EDGE_LOOP('',(#7082,#7090,#7091,#7092));
#7082 = ORIENTED_EDGE('',*,*,#7083,.T.);
#7083 = EDGE_CURVE('',#7084,#4766,#7086,.T.);
#7084 = VERTEX_POINT('',#7085);
#7085 = CARTESIAN_POINT('',(1.2,-0.1,0.));
#7086 = LINE('',#7087,#7088);
#7087 = CARTESIAN_POINT('',(1.2,-0.1,0.));
#7088 = VECTOR('',#7089,1.);
#7089 = DIRECTION('',(0.,0.,1.));
#7090 = ORIENTED_EDGE('',*,*,#4773,.T.);
#7091 = ORIENTED_EDGE('',*,*,#7029,.F.);
#7092 = ORIENTED_EDGE('',*,*,#7093,.T.);
#7093 = EDGE_CURVE('',#7006,#7084,#7094,.T.);
#7094 = CIRCLE('',#7095,0.1);
#7095 = AXIS2_PLACEMENT_3D('',#7096,#7097,#7098);
#7096 = CARTESIAN_POINT('',(1.2,-2.22044604925E-16,0.));
#7097 = DIRECTION('',(0.,0.,1.));
#7098 = DIRECTION('',(-2.106022274728E-16,1.,0.));
#7099 = CYLINDRICAL_SURFACE('',#7100,0.1);
#7100 = AXIS2_PLACEMENT_3D('',#7101,#7102,#7103);
#7101 = CARTESIAN_POINT('',(1.2,-2.22044604925E-16,0.));
#7102 = DIRECTION('',(0.,-0.,-1.));
#7103 = DIRECTION('',(-2.106022274728E-16,1.,-0.));
#7104 = ADVANCED_FACE('',(#7105),#7124,.T.);
#7105 = FACE_BOUND('',#7106,.T.);
#7106 = EDGE_LOOP('',(#7107,#7108,#7109,#7117));
#7107 = ORIENTED_EDGE('',*,*,#7053,.T.);
#7108 = ORIENTED_EDGE('',*,*,#4624,.T.);
#7109 = ORIENTED_EDGE('',*,*,#7110,.F.);
#7110 = EDGE_CURVE('',#7111,#4625,#7113,.T.);
#7111 = VERTEX_POINT('',#7112);
#7112 = CARTESIAN_POINT('',(0.1,-1.2,0.));
#7113 = LINE('',#7114,#7115);
#7114 = CARTESIAN_POINT('',(0.1,-1.2,0.));
#7115 = VECTOR('',#7116,1.);
#7116 = DIRECTION('',(0.,0.,1.));
#7117 = ORIENTED_EDGE('',*,*,#7118,.T.);
#7118 = EDGE_CURVE('',#7111,#7044,#7119,.T.);
#7119 = CIRCLE('',#7120,0.1);
#7120 = AXIS2_PLACEMENT_3D('',#7121,#7122,#7123);
#7121 = CARTESIAN_POINT('',(-4.857225732735E-16,-1.2,0.));
#7122 = DIRECTION('',(-0.,0.,1.));
#7123 = DIRECTION('',(1.,-1.144237745222E-17,0.));
#7124 = CYLINDRICAL_SURFACE('',#7125,0.1);
#7125 = AXIS2_PLACEMENT_3D('',#7126,#7127,#7128);
#7126 = CARTESIAN_POINT('',(-4.857225732735E-16,-1.2,0.));
#7127 = DIRECTION('',(-0.,0.,-1.));
#7128 = DIRECTION('',(1.,-1.144237745222E-17,-0.));
#7129 = ADVANCED_FACE('',(#7130),#7157,.F.);
#7130 = FACE_BOUND('',#7131,.F.);
#7131 = EDGE_LOOP('',(#7132,#7140,#7141,#7142,#7143,#7151));
#7132 = ORIENTED_EDGE('',*,*,#7133,.F.);
#7133 = EDGE_CURVE('',#7084,#7134,#7136,.T.);
#7134 = VERTEX_POINT('',#7135);
#7135 = CARTESIAN_POINT('',(1.5,-0.1,0.));
#7136 = LINE('',#7137,#7138);
#7137 = CARTESIAN_POINT('',(1.2,-0.1,0.));
#7138 = VECTOR('',#7139,1.);
#7139 = DIRECTION('',(1.,-2.982499921471E-16,0.));
#7140 = ORIENTED_EDGE('',*,*,#7083,.T.);
#7141 = ORIENTED_EDGE('',*,*,#4765,.F.);
#7142 = ORIENTED_EDGE('',*,*,#5133,.T.);
#7143 = ORIENTED_EDGE('',*,*,#7144,.T.);
#7144 = EDGE_CURVE('',#5134,#7145,#7147,.T.);
#7145 = VERTEX_POINT('',#7146);
#7146 = CARTESIAN_POINT('',(1.5,-0.1,0.2));
#7147 = LINE('',#7148,#7149);
#7148 = CARTESIAN_POINT('',(1.2,-0.1,0.2));
#7149 = VECTOR('',#7150,1.);
#7150 = DIRECTION('',(1.,-2.982499921471E-16,0.));
#7151 = ORIENTED_EDGE('',*,*,#7152,.F.);
#7152 = EDGE_CURVE('',#7134,#7145,#7153,.T.);
#7153 = LINE('',#7154,#7155);
#7154 = CARTESIAN_POINT('',(1.5,-0.1,0.));
#7155 = VECTOR('',#7156,1.);
#7156 = DIRECTION('',(0.,0.,1.));
#7157 = PLANE('',#7158);
#7158 = AXIS2_PLACEMENT_3D('',#7159,#7160,#7161);
#7159 = CARTESIAN_POINT('',(1.2,-0.1,0.));
#7160 = DIRECTION('',(2.982499921471E-16,1.,0.));
#7161 = DIRECTION('',(1.,-2.982499921471E-16,0.));
#7162 = ADVANCED_FACE('',(#7163),#7190,.F.);
#7163 = FACE_BOUND('',#7164,.F.);
#7164 = EDGE_LOOP('',(#7165,#7173,#7181,#7187,#7188,#7189));
#7165 = ORIENTED_EDGE('',*,*,#7166,.F.);
#7166 = EDGE_CURVE('',#7167,#7111,#7169,.T.);
#7167 = VERTEX_POINT('',#7168);
#7168 = CARTESIAN_POINT('',(0.1,-1.5,0.));
#7169 = LINE('',#7170,#7171);
#7170 = CARTESIAN_POINT('',(0.1,-1.5,0.));
#7171 = VECTOR('',#7172,1.);
#7172 = DIRECTION('',(5.665538897648E-16,1.,0.));
#7173 = ORIENTED_EDGE('',*,*,#7174,.T.);
#7174 = EDGE_CURVE('',#7167,#7175,#7177,.T.);
#7175 = VERTEX_POINT('',#7176);
#7176 = CARTESIAN_POINT('',(0.1,-1.5,0.2));
#7177 = LINE('',#7178,#7179);
#7178 = CARTESIAN_POINT('',(0.1,-1.5,0.));
#7179 = VECTOR('',#7180,1.);
#7180 = DIRECTION('',(0.,0.,1.));
#7181 = ORIENTED_EDGE('',*,*,#7182,.T.);
#7182 = EDGE_CURVE('',#7175,#6542,#7183,.T.);
#7183 = LINE('',#7184,#7185);
#7184 = CARTESIAN_POINT('',(0.1,-1.5,0.2));
#7185 = VECTOR('',#7186,1.);
#7186 = DIRECTION('',(5.665538897648E-16,1.,0.));
#7187 = ORIENTED_EDGE('',*,*,#6549,.T.);
#7188 = ORIENTED_EDGE('',*,*,#4633,.F.);
#7189 = ORIENTED_EDGE('',*,*,#7110,.F.);
#7190 = PLANE('',#7191);
#7191 = AXIS2_PLACEMENT_3D('',#7192,#7193,#7194);
#7192 = CARTESIAN_POINT('',(0.1,-1.5,0.));
#7193 = DIRECTION('',(-1.,5.665538897648E-16,0.));
#7194 = DIRECTION('',(5.665538897648E-16,1.,0.));
#7195 = ADVANCED_FACE('',(#7196),#7230,.F.);
#7196 = FACE_BOUND('',#7197,.F.);
#7197 = EDGE_LOOP('',(#7198,#7208,#7216,#7222,#7223,#7224));
#7198 = ORIENTED_EDGE('',*,*,#7199,.F.);
#7199 = EDGE_CURVE('',#7200,#7202,#7204,.T.);
#7200 = VERTEX_POINT('',#7201);
#7201 = CARTESIAN_POINT('',(1.5,-0.3,0.));
#7202 = VERTEX_POINT('',#7203);
#7203 = CARTESIAN_POINT('',(1.2,-0.3,0.));
#7204 = LINE('',#7205,#7206);
#7205 = CARTESIAN_POINT('',(1.5,-0.3,0.));
#7206 = VECTOR('',#7207,1.);
#7207 = DIRECTION('',(-1.,3.445092848398E-16,0.));
#7208 = ORIENTED_EDGE('',*,*,#7209,.T.);
#7209 = EDGE_CURVE('',#7200,#7210,#7212,.T.);
#7210 = VERTEX_POINT('',#7211);
#7211 = CARTESIAN_POINT('',(1.5,-0.3,0.2));
#7212 = LINE('',#7213,#7214);
#7213 = CARTESIAN_POINT('',(1.5,-0.3,0.));
#7214 = VECTOR('',#7215,1.);
#7215 = DIRECTION('',(0.,0.,1.));
#7216 = ORIENTED_EDGE('',*,*,#7217,.T.);
#7217 = EDGE_CURVE('',#7210,#5119,#7218,.T.);
#7218 = LINE('',#7219,#7220);
#7219 = CARTESIAN_POINT('',(1.5,-0.3,0.2));
#7220 = VECTOR('',#7221,1.);
#7221 = DIRECTION('',(-1.,3.445092848398E-16,0.));
#7222 = ORIENTED_EDGE('',*,*,#5126,.T.);
#7223 = ORIENTED_EDGE('',*,*,#4749,.F.);
#7224 = ORIENTED_EDGE('',*,*,#7225,.F.);
#7225 = EDGE_CURVE('',#7202,#4741,#7226,.T.);
#7226 = LINE('',#7227,#7228);
#7227 = CARTESIAN_POINT('',(1.2,-0.3,0.));
#7228 = VECTOR('',#7229,1.);
#7229 = DIRECTION('',(0.,0.,1.));
#7230 = PLANE('',#7231);
#7231 = AXIS2_PLACEMENT_3D('',#7232,#7233,#7234);
#7232 = CARTESIAN_POINT('',(1.5,-0.3,0.));
#7233 = DIRECTION('',(-3.445092848398E-16,-1.,0.));
#7234 = DIRECTION('',(-1.,3.445092848398E-16,0.));
#7235 = ADVANCED_FACE('',(#7236),#7270,.F.);
#7236 = FACE_BOUND('',#7237,.F.);
#7237 = EDGE_LOOP('',(#7238,#7248,#7254,#7255,#7256,#7264));
#7238 = ORIENTED_EDGE('',*,*,#7239,.F.);
#7239 = EDGE_CURVE('',#7240,#7242,#7244,.T.);
#7240 = VERTEX_POINT('',#7241);
#7241 = CARTESIAN_POINT('',(0.3,-1.2,0.));
#7242 = VERTEX_POINT('',#7243);
#7243 = CARTESIAN_POINT('',(0.3,-1.5,0.));
#7244 = LINE('',#7245,#7246);
#7245 = CARTESIAN_POINT('',(0.3,-1.2,0.));
#7246 = VECTOR('',#7247,1.);
#7247 = DIRECTION('',(-5.202945970721E-16,-1.,0.));
#7248 = ORIENTED_EDGE('',*,*,#7249,.T.);
#7249 = EDGE_CURVE('',#7240,#4650,#7250,.T.);
#7250 = LINE('',#7251,#7252);
#7251 = CARTESIAN_POINT('',(0.3,-1.2,0.));
#7252 = VECTOR('',#7253,1.);
#7253 = DIRECTION('',(0.,0.,1.));
#7254 = ORIENTED_EDGE('',*,*,#4649,.F.);
#7255 = ORIENTED_EDGE('',*,*,#6556,.T.);
#7256 = ORIENTED_EDGE('',*,*,#7257,.T.);
#7257 = EDGE_CURVE('',#6557,#7258,#7260,.T.);
#7258 = VERTEX_POINT('',#7259);
#7259 = CARTESIAN_POINT('',(0.3,-1.5,0.2));
#7260 = LINE('',#7261,#7262);
#7261 = CARTESIAN_POINT('',(0.3,-1.2,0.2));
#7262 = VECTOR('',#7263,1.);
#7263 = DIRECTION('',(-5.202945970721E-16,-1.,0.));
#7264 = ORIENTED_EDGE('',*,*,#7265,.F.);
#7265 = EDGE_CURVE('',#7242,#7258,#7266,.T.);
#7266 = LINE('',#7267,#7268);
#7267 = CARTESIAN_POINT('',(0.3,-1.5,0.));
#7268 = VECTOR('',#7269,1.);
#7269 = DIRECTION('',(0.,0.,1.));
#7270 = PLANE('',#7271);
#7271 = AXIS2_PLACEMENT_3D('',#7272,#7273,#7274);
#7272 = CARTESIAN_POINT('',(0.3,-1.2,0.));
#7273 = DIRECTION('',(1.,-5.202945970721E-16,0.));
#7274 = DIRECTION('',(-5.202945970721E-16,-1.,0.));
#7275 = ADVANCED_FACE('',(#7276),#7295,.T.);
#7276 = FACE_BOUND('',#7277,.T.);
#7277 = EDGE_LOOP('',(#7278,#7286,#7287,#7288));
#7278 = ORIENTED_EDGE('',*,*,#7279,.T.);
#7279 = EDGE_CURVE('',#7280,#4733,#7282,.T.);
#7280 = VERTEX_POINT('',#7281);
#7281 = CARTESIAN_POINT('',(1.2,-0.5,0.));
#7282 = LINE('',#7283,#7284);
#7283 = CARTESIAN_POINT('',(1.2,-0.5,0.));
#7284 = VECTOR('',#7285,1.);
#7285 = DIRECTION('',(0.,0.,1.));
#7286 = ORIENTED_EDGE('',*,*,#4740,.T.);
#7287 = ORIENTED_EDGE('',*,*,#7225,.F.);
#7288 = ORIENTED_EDGE('',*,*,#7289,.T.);
#7289 = EDGE_CURVE('',#7202,#7280,#7290,.T.);
#7290 = CIRCLE('',#7291,0.1);
#7291 = AXIS2_PLACEMENT_3D('',#7292,#7293,#7294);
#7292 = CARTESIAN_POINT('',(1.2,-0.4,0.));
#7293 = DIRECTION('',(0.,0.,1.));
#7294 = DIRECTION('',(-2.106022274728E-16,1.,0.));
#7295 = CYLINDRICAL_SURFACE('',#7296,0.1);
#7296 = AXIS2_PLACEMENT_3D('',#7297,#7298,#7299);
#7297 = CARTESIAN_POINT('',(1.2,-0.4,0.));
#7298 = DIRECTION('',(0.,-0.,-1.));
#7299 = DIRECTION('',(-2.106022274728E-16,1.,-0.));
#7300 = ADVANCED_FACE('',(#7301),#7320,.T.);
#7301 = FACE_BOUND('',#7302,.T.);
#7302 = EDGE_LOOP('',(#7303,#7304,#7305,#7313));
#7303 = ORIENTED_EDGE('',*,*,#7249,.T.);
#7304 = ORIENTED_EDGE('',*,*,#4657,.T.);
#7305 = ORIENTED_EDGE('',*,*,#7306,.F.);
#7306 = EDGE_CURVE('',#7307,#4658,#7309,.T.);
#7307 = VERTEX_POINT('',#7308);
#7308 = CARTESIAN_POINT('',(0.5,-1.2,0.));
#7309 = LINE('',#7310,#7311);
#7310 = CARTESIAN_POINT('',(0.5,-1.2,0.));
#7311 = VECTOR('',#7312,1.);
#7312 = DIRECTION('',(0.,0.,1.));
#7313 = ORIENTED_EDGE('',*,*,#7314,.T.);
#7314 = EDGE_CURVE('',#7307,#7240,#7315,.T.);
#7315 = CIRCLE('',#7316,0.1);
#7316 = AXIS2_PLACEMENT_3D('',#7317,#7318,#7319);
#7317 = CARTESIAN_POINT('',(0.4,-1.2,0.));
#7318 = DIRECTION('',(-0.,0.,1.));
#7319 = DIRECTION('',(1.,-1.144237745222E-17,0.));
#7320 = CYLINDRICAL_SURFACE('',#7321,0.1);
#7321 = AXIS2_PLACEMENT_3D('',#7322,#7323,#7324);
#7322 = CARTESIAN_POINT('',(0.4,-1.2,0.));
#7323 = DIRECTION('',(-0.,0.,-1.));
#7324 = DIRECTION('',(1.,-1.144237745222E-17,-0.));
#7325 = ADVANCED_FACE('',(#7326),#7353,.F.);
#7326 = FACE_BOUND('',#7327,.F.);
#7327 = EDGE_LOOP('',(#7328,#7336,#7337,#7338,#7339,#7347));
#7328 = ORIENTED_EDGE('',*,*,#7329,.F.);
#7329 = EDGE_CURVE('',#7280,#7330,#7332,.T.);
#7330 = VERTEX_POINT('',#7331);
#7331 = CARTESIAN_POINT('',(1.5,-0.5,0.));
#7332 = LINE('',#7333,#7334);
#7333 = CARTESIAN_POINT('',(1.2,-0.5,0.));
#7334 = VECTOR('',#7335,1.);
#7335 = DIRECTION('',(1.,-2.982499921471E-16,0.));
#7336 = ORIENTED_EDGE('',*,*,#7279,.T.);
#7337 = ORIENTED_EDGE('',*,*,#4732,.F.);
#7338 = ORIENTED_EDGE('',*,*,#5110,.T.);
#7339 = ORIENTED_EDGE('',*,*,#7340,.T.);
#7340 = EDGE_CURVE('',#5111,#7341,#7343,.T.);
#7341 = VERTEX_POINT('',#7342);
#7342 = CARTESIAN_POINT('',(1.5,-0.5,0.2));
#7343 = LINE('',#7344,#7345);
#7344 = CARTESIAN_POINT('',(1.2,-0.5,0.2));
#7345 = VECTOR('',#7346,1.);
#7346 = DIRECTION('',(1.,-2.982499921471E-16,0.));
#7347 = ORIENTED_EDGE('',*,*,#7348,.F.);
#7348 = EDGE_CURVE('',#7330,#7341,#7349,.T.);
#7349 = LINE('',#7350,#7351);
#7350 = CARTESIAN_POINT('',(1.5,-0.5,0.));
#7351 = VECTOR('',#7352,1.);
#7352 = DIRECTION('',(0.,0.,1.));
#7353 = PLANE('',#7354);
#7354 = AXIS2_PLACEMENT_3D('',#7355,#7356,#7357);
#7355 = CARTESIAN_POINT('',(1.2,-0.5,0.));
#7356 = DIRECTION('',(2.982499921471E-16,1.,0.));
#7357 = DIRECTION('',(1.,-2.982499921471E-16,0.));
#7358 = ADVANCED_FACE('',(#7359),#7386,.F.);
#7359 = FACE_BOUND('',#7360,.F.);
#7360 = EDGE_LOOP('',(#7361,#7369,#7377,#7383,#7384,#7385));
#7361 = ORIENTED_EDGE('',*,*,#7362,.F.);
#7362 = EDGE_CURVE('',#7363,#7307,#7365,.T.);
#7363 = VERTEX_POINT('',#7364);
#7364 = CARTESIAN_POINT('',(0.5,-1.5,0.));
#7365 = LINE('',#7366,#7367);
#7366 = CARTESIAN_POINT('',(0.5,-1.5,0.));
#7367 = VECTOR('',#7368,1.);
#7368 = DIRECTION('',(5.665538897648E-16,1.,0.));
#7369 = ORIENTED_EDGE('',*,*,#7370,.T.);
#7370 = EDGE_CURVE('',#7363,#7371,#7373,.T.);
#7371 = VERTEX_POINT('',#7372);
#7372 = CARTESIAN_POINT('',(0.5,-1.5,0.2));
#7373 = LINE('',#7374,#7375);
#7374 = CARTESIAN_POINT('',(0.5,-1.5,0.));
#7375 = VECTOR('',#7376,1.);
#7376 = DIRECTION('',(0.,0.,1.));
#7377 = ORIENTED_EDGE('',*,*,#7378,.T.);
#7378 = EDGE_CURVE('',#7371,#6565,#7379,.T.);
#7379 = LINE('',#7380,#7381);
#7380 = CARTESIAN_POINT('',(0.5,-1.5,0.2));
#7381 = VECTOR('',#7382,1.);
#7382 = DIRECTION('',(5.665538897648E-16,1.,0.));
#7383 = ORIENTED_EDGE('',*,*,#6572,.T.);
#7384 = ORIENTED_EDGE('',*,*,#4666,.F.);
#7385 = ORIENTED_EDGE('',*,*,#7306,.F.);
#7386 = PLANE('',#7387);
#7387 = AXIS2_PLACEMENT_3D('',#7388,#7389,#7390);
#7388 = CARTESIAN_POINT('',(0.5,-1.5,0.));
#7389 = DIRECTION('',(-1.,5.665538897648E-16,0.));
#7390 = DIRECTION('',(5.665538897648E-16,1.,0.));
#7391 = ADVANCED_FACE('',(#7392),#7426,.F.);
#7392 = FACE_BOUND('',#7393,.F.);
#7393 = EDGE_LOOP('',(#7394,#7404,#7410,#7411,#7412,#7420));
#7394 = ORIENTED_EDGE('',*,*,#7395,.F.);
#7395 = EDGE_CURVE('',#7396,#7398,#7400,.T.);
#7396 = VERTEX_POINT('',#7397);
#7397 = CARTESIAN_POINT('',(0.7,-1.2,0.));
#7398 = VERTEX_POINT('',#7399);
#7399 = CARTESIAN_POINT('',(0.7,-1.5,0.));
#7400 = LINE('',#7401,#7402);
#7401 = CARTESIAN_POINT('',(0.7,-1.2,0.));
#7402 = VECTOR('',#7403,1.);
#7403 = DIRECTION('',(-5.202945970721E-16,-1.,0.));
#7404 = ORIENTED_EDGE('',*,*,#7405,.T.);
#7405 = EDGE_CURVE('',#7396,#4683,#7406,.T.);
#7406 = LINE('',#7407,#7408);
#7407 = CARTESIAN_POINT('',(0.7,-1.2,0.));
#7408 = VECTOR('',#7409,1.);
#7409 = DIRECTION('',(0.,0.,1.));
#7410 = ORIENTED_EDGE('',*,*,#4682,.F.);
#7411 = ORIENTED_EDGE('',*,*,#6579,.T.);
#7412 = ORIENTED_EDGE('',*,*,#7413,.T.);
#7413 = EDGE_CURVE('',#6580,#7414,#7416,.T.);
#7414 = VERTEX_POINT('',#7415);
#7415 = CARTESIAN_POINT('',(0.7,-1.5,0.2));
#7416 = LINE('',#7417,#7418);
#7417 = CARTESIAN_POINT('',(0.7,-1.2,0.2));
#7418 = VECTOR('',#7419,1.);
#7419 = DIRECTION('',(-5.202945970721E-16,-1.,0.));
#7420 = ORIENTED_EDGE('',*,*,#7421,.F.);
#7421 = EDGE_CURVE('',#7398,#7414,#7422,.T.);
#7422 = LINE('',#7423,#7424);
#7423 = CARTESIAN_POINT('',(0.7,-1.5,0.));
#7424 = VECTOR('',#7425,1.);
#7425 = DIRECTION('',(0.,0.,1.));
#7426 = PLANE('',#7427);
#7427 = AXIS2_PLACEMENT_3D('',#7428,#7429,#7430);
#7428 = CARTESIAN_POINT('',(0.7,-1.2,0.));
#7429 = DIRECTION('',(1.,-5.202945970721E-16,0.));
#7430 = DIRECTION('',(-5.202945970721E-16,-1.,0.));
#7431 = ADVANCED_FACE('',(#7432),#7451,.T.);
#7432 = FACE_BOUND('',#7433,.T.);
#7433 = EDGE_LOOP('',(#7434,#7435,#7436,#7444));
#7434 = ORIENTED_EDGE('',*,*,#7405,.T.);
#7435 = ORIENTED_EDGE('',*,*,#4690,.T.);
#7436 = ORIENTED_EDGE('',*,*,#7437,.F.);
#7437 = EDGE_CURVE('',#7438,#4691,#7440,.T.);
#7438 = VERTEX_POINT('',#7439);
#7439 = CARTESIAN_POINT('',(0.9,-1.2,0.));
#7440 = LINE('',#7441,#7442);
#7441 = CARTESIAN_POINT('',(0.9,-1.2,0.));
#7442 = VECTOR('',#7443,1.);
#7443 = DIRECTION('',(0.,0.,1.));
#7444 = ORIENTED_EDGE('',*,*,#7445,.T.);
#7445 = EDGE_CURVE('',#7438,#7396,#7446,.T.);
#7446 = CIRCLE('',#7447,0.1);
#7447 = AXIS2_PLACEMENT_3D('',#7448,#7449,#7450);
#7448 = CARTESIAN_POINT('',(0.8,-1.2,0.));
#7449 = DIRECTION('',(-0.,0.,1.));
#7450 = DIRECTION('',(1.,-1.144237745222E-17,0.));
#7451 = CYLINDRICAL_SURFACE('',#7452,0.1);
#7452 = AXIS2_PLACEMENT_3D('',#7453,#7454,#7455);
#7453 = CARTESIAN_POINT('',(0.8,-1.2,0.));
#7454 = DIRECTION('',(-0.,0.,-1.));
#7455 = DIRECTION('',(1.,-1.144237745222E-17,-0.));
#7456 = ADVANCED_FACE('',(#7457),#7484,.F.);
#7457 = FACE_BOUND('',#7458,.F.);
#7458 = EDGE_LOOP('',(#7459,#7467,#7475,#7481,#7482,#7483));
#7459 = ORIENTED_EDGE('',*,*,#7460,.F.);
#7460 = EDGE_CURVE('',#7461,#7438,#7463,.T.);
#7461 = VERTEX_POINT('',#7462);
#7462 = CARTESIAN_POINT('',(0.9,-1.5,0.));
#7463 = LINE('',#7464,#7465);
#7464 = CARTESIAN_POINT('',(0.9,-1.5,0.));
#7465 = VECTOR('',#7466,1.);
#7466 = DIRECTION('',(5.665538897648E-16,1.,0.));
#7467 = ORIENTED_EDGE('',*,*,#7468,.T.);
#7468 = EDGE_CURVE('',#7461,#7469,#7471,.T.);
#7469 = VERTEX_POINT('',#7470);
#7470 = CARTESIAN_POINT('',(0.9,-1.5,0.2));
#7471 = LINE('',#7472,#7473);
#7472 = CARTESIAN_POINT('',(0.9,-1.5,0.));
#7473 = VECTOR('',#7474,1.);
#7474 = DIRECTION('',(0.,0.,1.));
#7475 = ORIENTED_EDGE('',*,*,#7476,.T.);
#7476 = EDGE_CURVE('',#7469,#6588,#7477,.T.);
#7477 = LINE('',#7478,#7479);
#7478 = CARTESIAN_POINT('',(0.9,-1.5,0.2));
#7479 = VECTOR('',#7480,1.);
#7480 = DIRECTION('',(5.665538897648E-16,1.,0.));
#7481 = ORIENTED_EDGE('',*,*,#6595,.T.);
#7482 = ORIENTED_EDGE('',*,*,#4699,.F.);
#7483 = ORIENTED_EDGE('',*,*,#7437,.F.);
#7484 = PLANE('',#7485);
#7485 = AXIS2_PLACEMENT_3D('',#7486,#7487,#7488);
#7486 = CARTESIAN_POINT('',(0.9,-1.5,0.));
#7487 = DIRECTION('',(-1.,5.665538897648E-16,0.));
#7488 = DIRECTION('',(5.665538897648E-16,1.,0.));
#7489 = ADVANCED_FACE('',(#7490),#7515,.F.);
#7490 = FACE_BOUND('',#7491,.F.);
#7491 = EDGE_LOOP('',(#7492,#7500,#7501,#7509));
#7492 = ORIENTED_EDGE('',*,*,#7493,.T.);
#7493 = EDGE_CURVE('',#7494,#5030,#7496,.T.);
#7494 = VERTEX_POINT('',#7495);
#7495 = CARTESIAN_POINT('',(-0.9,0.7,0.));
#7496 = LINE('',#7497,#7498);
#7497 = CARTESIAN_POINT('',(-0.9,0.7,0.));
#7498 = VECTOR('',#7499,1.);
#7499 = DIRECTION('',(0.,0.,1.));
#7500 = ORIENTED_EDGE('',*,*,#5029,.T.);
#7501 = ORIENTED_EDGE('',*,*,#7502,.F.);
#7502 = EDGE_CURVE('',#7503,#5032,#7505,.T.);
#7503 = VERTEX_POINT('',#7504);
#7504 = CARTESIAN_POINT('',(-0.9,-0.9,0.));
#7505 = LINE('',#7506,#7507);
#7506 = CARTESIAN_POINT('',(-0.9,-0.9,0.));
#7507 = VECTOR('',#7508,1.);
#7508 = DIRECTION('',(0.,0.,1.));
#7509 = ORIENTED_EDGE('',*,*,#7510,.F.);
#7510 = EDGE_CURVE('',#7494,#7503,#7511,.T.);
#7511 = LINE('',#7512,#7513);
#7512 = CARTESIAN_POINT('',(-0.9,0.7,0.));
#7513 = VECTOR('',#7514,1.);
#7514 = DIRECTION('',(-2.22044604925E-16,-1.,0.));
#7515 = PLANE('',#7516);
#7516 = AXIS2_PLACEMENT_3D('',#7517,#7518,#7519);
#7517 = CARTESIAN_POINT('',(-0.9,0.7,0.));
#7518 = DIRECTION('',(1.,-2.22044604925E-16,0.));
#7519 = DIRECTION('',(-2.22044604925E-16,-1.,0.));
#7520 = ADVANCED_FACE('',(#7521),#7539,.F.);
#7521 = FACE_BOUND('',#7522,.F.);
#7522 = EDGE_LOOP('',(#7523,#7524,#7525,#7533));
#7523 = ORIENTED_EDGE('',*,*,#7502,.T.);
#7524 = ORIENTED_EDGE('',*,*,#5063,.T.);
#7525 = ORIENTED_EDGE('',*,*,#7526,.F.);
#7526 = EDGE_CURVE('',#7527,#5056,#7529,.T.);
#7527 = VERTEX_POINT('',#7528);
#7528 = CARTESIAN_POINT('',(0.9,-0.9,0.));
#7529 = LINE('',#7530,#7531);
#7530 = CARTESIAN_POINT('',(0.9,-0.9,0.));
#7531 = VECTOR('',#7532,1.);
#7532 = DIRECTION('',(0.,0.,1.));
#7533 = ORIENTED_EDGE('',*,*,#7534,.F.);
#7534 = EDGE_CURVE('',#7503,#7527,#7535,.T.);
#7535 = LINE('',#7536,#7537);
#7536 = CARTESIAN_POINT('',(-0.9,-0.9,0.));
#7537 = VECTOR('',#7538,1.);
#7538 = DIRECTION('',(1.,-1.603655480014E-16,0.));
#7539 = PLANE('',#7540);
#7540 = AXIS2_PLACEMENT_3D('',#7541,#7542,#7543);
#7541 = CARTESIAN_POINT('',(-0.9,-0.9,0.));
#7542 = DIRECTION('',(1.603655480014E-16,1.,0.));
#7543 = DIRECTION('',(1.,-1.603655480014E-16,0.));
#7544 = ADVANCED_FACE('',(#7545),#7563,.F.);
#7545 = FACE_BOUND('',#7546,.F.);
#7546 = EDGE_LOOP('',(#7547,#7548,#7549,#7557));
#7547 = ORIENTED_EDGE('',*,*,#7526,.T.);
#7548 = ORIENTED_EDGE('',*,*,#5055,.T.);
#7549 = ORIENTED_EDGE('',*,*,#7550,.F.);
#7550 = EDGE_CURVE('',#7551,#5048,#7553,.T.);
#7551 = VERTEX_POINT('',#7552);
#7552 = CARTESIAN_POINT('',(0.9,0.9,0.));
#7553 = LINE('',#7554,#7555);
#7554 = CARTESIAN_POINT('',(0.9,0.9,0.));
#7555 = VECTOR('',#7556,1.);
#7556 = DIRECTION('',(0.,0.,1.));
#7557 = ORIENTED_EDGE('',*,*,#7558,.F.);
#7558 = EDGE_CURVE('',#7527,#7551,#7559,.T.);
#7559 = LINE('',#7560,#7561);
#7560 = CARTESIAN_POINT('',(0.9,-0.9,0.));
#7561 = VECTOR('',#7562,1.);
#7562 = DIRECTION('',(2.22044604925E-16,1.,0.));
#7563 = PLANE('',#7564);
#7564 = AXIS2_PLACEMENT_3D('',#7565,#7566,#7567);
#7565 = CARTESIAN_POINT('',(0.9,-0.9,0.));
#7566 = DIRECTION('',(-1.,2.22044604925E-16,0.));
#7567 = DIRECTION('',(2.22044604925E-16,1.,0.));
#7568 = ADVANCED_FACE('',(#7569),#7587,.F.);
#7569 = FACE_BOUND('',#7570,.F.);
#7570 = EDGE_LOOP('',(#7571,#7572,#7573,#7581));
#7571 = ORIENTED_EDGE('',*,*,#7550,.T.);
#7572 = ORIENTED_EDGE('',*,*,#5047,.T.);
#7573 = ORIENTED_EDGE('',*,*,#7574,.F.);
#7574 = EDGE_CURVE('',#7575,#5040,#7577,.T.);
#7575 = VERTEX_POINT('',#7576);
#7576 = CARTESIAN_POINT('',(-0.7,0.9,0.));
#7577 = LINE('',#7578,#7579);
#7578 = CARTESIAN_POINT('',(-0.7,0.9,0.));
#7579 = VECTOR('',#7580,1.);
#7580 = DIRECTION('',(0.,0.,1.));
#7581 = ORIENTED_EDGE('',*,*,#7582,.F.);
#7582 = EDGE_CURVE('',#7551,#7575,#7583,.T.);
#7583 = LINE('',#7584,#7585);
#7584 = CARTESIAN_POINT('',(0.9,0.9,0.));
#7585 = VECTOR('',#7586,1.);
#7586 = DIRECTION('',(-1.,2.22044604925E-16,0.));
#7587 = PLANE('',#7588);
#7588 = AXIS2_PLACEMENT_3D('',#7589,#7590,#7591);
#7589 = CARTESIAN_POINT('',(0.9,0.9,0.));
#7590 = DIRECTION('',(-2.22044604925E-16,-1.,0.));
#7591 = DIRECTION('',(-1.,2.22044604925E-16,0.));
#7592 = ADVANCED_FACE('',(#7593),#7604,.F.);
#7593 = FACE_BOUND('',#7594,.F.);
#7594 = EDGE_LOOP('',(#7595,#7596,#7597,#7598));
#7595 = ORIENTED_EDGE('',*,*,#7574,.T.);
#7596 = ORIENTED_EDGE('',*,*,#5039,.T.);
#7597 = ORIENTED_EDGE('',*,*,#7493,.F.);
#7598 = ORIENTED_EDGE('',*,*,#7599,.F.);
#7599 = EDGE_CURVE('',#7575,#7494,#7600,.T.);
#7600 = LINE('',#7601,#7602);
#7601 = CARTESIAN_POINT('',(-0.7,0.9,0.));
#7602 = VECTOR('',#7603,1.);
#7603 = DIRECTION('',(-0.707106781187,-0.707106781187,0.));
#7604 = PLANE('',#7605);
#7605 = AXIS2_PLACEMENT_3D('',#7606,#7607,#7608);
#7606 = CARTESIAN_POINT('',(-0.7,0.9,0.));
#7607 = DIRECTION('',(0.707106781187,-0.707106781187,0.));
#7608 = DIRECTION('',(-0.707106781187,-0.707106781187,0.));
#7609 = ADVANCED_FACE('',(#7610,#7616),#7627,.T.);
#7610 = FACE_BOUND('',#7611,.T.);
#7611 = EDGE_LOOP('',(#7612,#7613,#7614,#7615));
#7612 = ORIENTED_EDGE('',*,*,#5221,.F.);
#7613 = ORIENTED_EDGE('',*,*,#5362,.T.);
#7614 = ORIENTED_EDGE('',*,*,#6479,.T.);
#7615 = ORIENTED_EDGE('',*,*,#5086,.F.);
#7616 = FACE_BOUND('',#7617,.T.);
#7617 = EDGE_LOOP('',(#7618));
#7618 = ORIENTED_EDGE('',*,*,#7619,.T.);
#7619 = EDGE_CURVE('',#7620,#7620,#7622,.T.);
#7620 = VERTEX_POINT('',#7621);
#7621 = CARTESIAN_POINT('',(-0.8,0.55,0.52));
#7622 = CIRCLE('',#7623,0.25);
#7623 = AXIS2_PLACEMENT_3D('',#7624,#7625,#7626);
#7624 = CARTESIAN_POINT('',(-0.8,0.8,0.52));
#7625 = DIRECTION('',(-0.,0.,-1.));
#7626 = DIRECTION('',(-2.22044604925E-16,-1.,0.));
#7627 = PLANE('',#7628);
#7628 = AXIS2_PLACEMENT_3D('',#7629,#7630,#7631);
#7629 = CARTESIAN_POINT('',(-1.49,1.49,0.52));
#7630 = DIRECTION('',(0.,0.,1.));
#7631 = DIRECTION('',(-2.22044604925E-16,-1.,0.));
#7632 = ADVANCED_FACE('',(#7633),#7644,.F.);
#7633 = FACE_BOUND('',#7634,.F.);
#7634 = EDGE_LOOP('',(#7635,#7636,#7642,#7643));
#7635 = ORIENTED_EDGE('',*,*,#6629,.F.);
#7636 = ORIENTED_EDGE('',*,*,#7637,.F.);
#7637 = EDGE_CURVE('',#6753,#6622,#7638,.T.);
#7638 = LINE('',#7639,#7640);
#7639 = CARTESIAN_POINT('',(1.5,0.7,0.2));
#7640 = VECTOR('',#7641,1.);
#7641 = DIRECTION('',(3.445092848398E-16,1.,0.));
#7642 = ORIENTED_EDGE('',*,*,#6752,.F.);
#7643 = ORIENTED_EDGE('',*,*,#5187,.T.);
#7644 = PLANE('',#7645);
#7645 = AXIS2_PLACEMENT_3D('',#7646,#7647,#7648);
#7646 = CARTESIAN_POINT('',(1.5,0.9,0.2));
#7647 = DIRECTION('',(0.,0.,-1.));
#7648 = DIRECTION('',(-3.445092848398E-16,-1.,-0.));
#7649 = ADVANCED_FACE('',(#7650),#7661,.F.);
#7650 = FACE_BOUND('',#7651,.F.);
#7651 = EDGE_LOOP('',(#7652,#7653,#7659,#7660));
#7652 = ORIENTED_EDGE('',*,*,#6825,.F.);
#7653 = ORIENTED_EDGE('',*,*,#7654,.F.);
#7654 = EDGE_CURVE('',#6949,#6818,#7655,.T.);
#7655 = LINE('',#7656,#7657);
#7656 = CARTESIAN_POINT('',(1.5,0.3,0.2));
#7657 = VECTOR('',#7658,1.);
#7658 = DIRECTION('',(3.445092848398E-16,1.,0.));
#7659 = ORIENTED_EDGE('',*,*,#6948,.F.);
#7660 = ORIENTED_EDGE('',*,*,#5164,.T.);
#7661 = PLANE('',#7662);
#7662 = AXIS2_PLACEMENT_3D('',#7663,#7664,#7665);
#7663 = CARTESIAN_POINT('',(1.5,0.5,0.2));
#7664 = DIRECTION('',(0.,0.,-1.));
#7665 = DIRECTION('',(-3.445092848398E-16,-1.,-0.));
#7666 = ADVANCED_FACE('',(#7667),#7678,.F.);
#7667 = FACE_BOUND('',#7668,.F.);
#7668 = EDGE_LOOP('',(#7669,#7670,#7676,#7677));
#7669 = ORIENTED_EDGE('',*,*,#7217,.F.);
#7670 = ORIENTED_EDGE('',*,*,#7671,.F.);
#7671 = EDGE_CURVE('',#7341,#7210,#7672,.T.);
#7672 = LINE('',#7673,#7674);
#7673 = CARTESIAN_POINT('',(1.5,-0.5,0.2));
#7674 = VECTOR('',#7675,1.);
#7675 = DIRECTION('',(3.445092848398E-16,1.,0.));
#7676 = ORIENTED_EDGE('',*,*,#7340,.F.);
#7677 = ORIENTED_EDGE('',*,*,#5118,.T.);
#7678 = PLANE('',#7679);
#7679 = AXIS2_PLACEMENT_3D('',#7680,#7681,#7682);
#7680 = CARTESIAN_POINT('',(1.5,-0.3,0.2));
#7681 = DIRECTION('',(0.,0.,-1.));
#7682 = DIRECTION('',(-3.445092848398E-16,-1.,-0.));
#7683 = ADVANCED_FACE('',(#7684),#7695,.F.);
#7684 = FACE_BOUND('',#7685,.F.);
#7685 = EDGE_LOOP('',(#7686,#7687,#7693,#7694));
#7686 = ORIENTED_EDGE('',*,*,#7021,.F.);
#7687 = ORIENTED_EDGE('',*,*,#7688,.F.);
#7688 = EDGE_CURVE('',#7145,#7014,#7689,.T.);
#7689 = LINE('',#7690,#7691);
#7690 = CARTESIAN_POINT('',(1.5,-0.1,0.2));
#7691 = VECTOR('',#7692,1.);
#7692 = DIRECTION('',(3.445092848398E-16,1.,0.));
#7693 = ORIENTED_EDGE('',*,*,#7144,.F.);
#7694 = ORIENTED_EDGE('',*,*,#5141,.T.);
#7695 = PLANE('',#7696);
#7696 = AXIS2_PLACEMENT_3D('',#7697,#7698,#7699);
#7697 = CARTESIAN_POINT('',(1.5,0.1,0.2));
#7698 = DIRECTION('',(0.,0.,-1.));
#7699 = DIRECTION('',(-3.445092848398E-16,-1.,-0.));
#7700 = ADVANCED_FACE('',(#7701),#7712,.F.);
#7701 = FACE_BOUND('',#7702,.F.);
#7702 = EDGE_LOOP('',(#7703,#7704,#7710,#7711));
#7703 = ORIENTED_EDGE('',*,*,#6301,.F.);
#7704 = ORIENTED_EDGE('',*,*,#7705,.F.);
#7705 = EDGE_CURVE('',#6425,#6294,#7706,.T.);
#7706 = LINE('',#7707,#7708);
#7707 = CARTESIAN_POINT('',(0.9,1.5,0.2));
#7708 = VECTOR('',#7709,1.);
#7709 = DIRECTION('',(-1.,4.555315873023E-16,0.));
#7710 = ORIENTED_EDGE('',*,*,#6424,.F.);
#7711 = ORIENTED_EDGE('',*,*,#5336,.F.);
#7712 = PLANE('',#7713);
#7713 = AXIS2_PLACEMENT_3D('',#7714,#7715,#7716);
#7714 = CARTESIAN_POINT('',(0.7,1.5,0.2));
#7715 = DIRECTION('',(-0.,0.,-1.));
#7716 = DIRECTION('',(1.,-4.555315873023E-16,-0.));
#7717 = ADVANCED_FACE('',(#7718),#7729,.F.);
#7718 = FACE_BOUND('',#7719,.F.);
#7719 = EDGE_LOOP('',(#7720,#7721,#7727,#7728));
#7720 = ORIENTED_EDGE('',*,*,#5517,.F.);
#7721 = ORIENTED_EDGE('',*,*,#7722,.F.);
#7722 = EDGE_CURVE('',#5641,#5510,#7723,.T.);
#7723 = LINE('',#7724,#7725);
#7724 = CARTESIAN_POINT('',(-0.7,1.5,0.2));
#7725 = VECTOR('',#7726,1.);
#7726 = DIRECTION('',(-1.,4.555315873023E-16,0.));
#7727 = ORIENTED_EDGE('',*,*,#5640,.F.);
#7728 = ORIENTED_EDGE('',*,*,#5244,.F.);
#7729 = PLANE('',#7730);
#7730 = AXIS2_PLACEMENT_3D('',#7731,#7732,#7733);
#7731 = CARTESIAN_POINT('',(-0.9,1.5,0.2));
#7732 = DIRECTION('',(-0.,0.,-1.));
#7733 = DIRECTION('',(1.,-4.555315873023E-16,-0.));
#7734 = ADVANCED_FACE('',(#7735),#7746,.F.);
#7735 = FACE_BOUND('',#7736,.F.);
#7736 = EDGE_LOOP('',(#7737,#7738,#7744,#7745));
#7737 = ORIENTED_EDGE('',*,*,#6105,.F.);
#7738 = ORIENTED_EDGE('',*,*,#7739,.F.);
#7739 = EDGE_CURVE('',#6229,#6098,#7740,.T.);
#7740 = LINE('',#7741,#7742);
#7741 = CARTESIAN_POINT('',(0.5,1.5,0.2));
#7742 = VECTOR('',#7743,1.);
#7743 = DIRECTION('',(-1.,4.555315873023E-16,0.));
#7744 = ORIENTED_EDGE('',*,*,#6228,.F.);
#7745 = ORIENTED_EDGE('',*,*,#5313,.F.);
#7746 = PLANE('',#7747);
#7747 = AXIS2_PLACEMENT_3D('',#7748,#7749,#7750);
#7748 = CARTESIAN_POINT('',(0.3,1.5,0.2));
#7749 = DIRECTION('',(-0.,0.,-1.));
#7750 = DIRECTION('',(1.,-4.555315873023E-16,-0.));
#7751 = ADVANCED_FACE('',(#7752),#7763,.F.);
#7752 = FACE_BOUND('',#7753,.F.);
#7753 = EDGE_LOOP('',(#7754,#7755,#7761,#7762));
#7754 = ORIENTED_EDGE('',*,*,#5713,.F.);
#7755 = ORIENTED_EDGE('',*,*,#7756,.F.);
#7756 = EDGE_CURVE('',#5837,#5706,#7757,.T.);
#7757 = LINE('',#7758,#7759);
#7758 = CARTESIAN_POINT('',(-0.3,1.5,0.2));
#7759 = VECTOR('',#7760,1.);
#7760 = DIRECTION('',(-1.,4.555315873023E-16,0.));
#7761 = ORIENTED_EDGE('',*,*,#5836,.F.);
#7762 = ORIENTED_EDGE('',*,*,#5267,.F.);
#7763 = PLANE('',#7764);
#7764 = AXIS2_PLACEMENT_3D('',#7765,#7766,#7767);
#7765 = CARTESIAN_POINT('',(-0.5,1.5,0.2));
#7766 = DIRECTION('',(-0.,0.,-1.));
#7767 = DIRECTION('',(1.,-4.555315873023E-16,-0.));
#7768 = ADVANCED_FACE('',(#7769),#7780,.F.);
#7769 = FACE_BOUND('',#7770,.F.);
#7770 = EDGE_LOOP('',(#7771,#7772,#7778,#7779));
#7771 = ORIENTED_EDGE('',*,*,#5909,.F.);
#7772 = ORIENTED_EDGE('',*,*,#7773,.F.);
#7773 = EDGE_CURVE('',#6033,#5902,#7774,.T.);
#7774 = LINE('',#7775,#7776);
#7775 = CARTESIAN_POINT('',(0.1,1.5,0.2));
#7776 = VECTOR('',#7777,1.);
#7777 = DIRECTION('',(-1.,4.555315873023E-16,0.));
#7778 = ORIENTED_EDGE('',*,*,#6032,.F.);
#7779 = ORIENTED_EDGE('',*,*,#5290,.F.);
#7780 = PLANE('',#7781);
#7781 = AXIS2_PLACEMENT_3D('',#7782,#7783,#7784);
#7782 = CARTESIAN_POINT('',(-0.1,1.5,0.2));
#7783 = DIRECTION('',(-0.,0.,-1.));
#7784 = DIRECTION('',(1.,-4.555315873023E-16,-0.));
#7785 = ADVANCED_FACE('',(#7786),#7797,.F.);
#7786 = FACE_BOUND('',#7787,.F.);
#7787 = EDGE_LOOP('',(#7788,#7789,#7795,#7796));
#7788 = ORIENTED_EDGE('',*,*,#5678,.F.);
#7789 = ORIENTED_EDGE('',*,*,#7790,.F.);
#7790 = EDGE_CURVE('',#5558,#5671,#7791,.T.);
#7791 = LINE('',#7792,#7793);
#7792 = CARTESIAN_POINT('',(-1.5,0.9,0.2));
#7793 = VECTOR('',#7794,1.);
#7794 = DIRECTION('',(-4.669739647545E-16,-1.,0.));
#7795 = ORIENTED_EDGE('',*,*,#5557,.F.);
#7796 = ORIENTED_EDGE('',*,*,#5477,.F.);
#7797 = PLANE('',#7798);
#7798 = AXIS2_PLACEMENT_3D('',#7799,#7800,#7801);
#7799 = CARTESIAN_POINT('',(-1.5,0.7,0.2));
#7800 = DIRECTION('',(0.,-0.,-1.));
#7801 = DIRECTION('',(4.669739647545E-16,1.,0.));
#7802 = ADVANCED_FACE('',(#7803),#7814,.F.);
#7803 = FACE_BOUND('',#7804,.F.);
#7804 = EDGE_LOOP('',(#7805,#7806,#7812,#7813));
#7805 = ORIENTED_EDGE('',*,*,#6462,.F.);
#7806 = ORIENTED_EDGE('',*,*,#7807,.F.);
#7807 = EDGE_CURVE('',#6342,#6455,#7808,.T.);
#7808 = LINE('',#7809,#7810);
#7809 = CARTESIAN_POINT('',(-1.5,-0.7,0.2));
#7810 = VECTOR('',#7811,1.);
#7811 = DIRECTION('',(-4.669739647545E-16,-1.,0.));
#7812 = ORIENTED_EDGE('',*,*,#6341,.F.);
#7813 = ORIENTED_EDGE('',*,*,#5385,.F.);
#7814 = PLANE('',#7815);
#7815 = AXIS2_PLACEMENT_3D('',#7816,#7817,#7818);
#7816 = CARTESIAN_POINT('',(-1.5,-0.9,0.2));
#7817 = DIRECTION('',(0.,-0.,-1.));
#7818 = DIRECTION('',(4.669739647545E-16,1.,0.));
#7819 = ADVANCED_FACE('',(#7820),#7831,.F.);
#7820 = FACE_BOUND('',#7821,.F.);
#7821 = EDGE_LOOP('',(#7822,#7823,#7829,#7830));
#7822 = ORIENTED_EDGE('',*,*,#5874,.F.);
#7823 = ORIENTED_EDGE('',*,*,#7824,.F.);
#7824 = EDGE_CURVE('',#5754,#5867,#7825,.T.);
#7825 = LINE('',#7826,#7827);
#7826 = CARTESIAN_POINT('',(-1.5,0.5,0.2));
#7827 = VECTOR('',#7828,1.);
#7828 = DIRECTION('',(-4.669739647545E-16,-1.,0.));
#7829 = ORIENTED_EDGE('',*,*,#5753,.F.);
#7830 = ORIENTED_EDGE('',*,*,#5454,.F.);
#7831 = PLANE('',#7832);
#7832 = AXIS2_PLACEMENT_3D('',#7833,#7834,#7835);
#7833 = CARTESIAN_POINT('',(-1.5,0.3,0.2));
#7834 = DIRECTION('',(0.,-0.,-1.));
#7835 = DIRECTION('',(4.669739647545E-16,1.,0.));
#7836 = ADVANCED_FACE('',(#7837),#7848,.F.);
#7837 = FACE_BOUND('',#7838,.F.);
#7838 = EDGE_LOOP('',(#7839,#7840,#7846,#7847));
#7839 = ORIENTED_EDGE('',*,*,#6266,.F.);
#7840 = ORIENTED_EDGE('',*,*,#7841,.F.);
#7841 = EDGE_CURVE('',#6146,#6259,#7842,.T.);
#7842 = LINE('',#7843,#7844);
#7843 = CARTESIAN_POINT('',(-1.5,-0.3,0.2));
#7844 = VECTOR('',#7845,1.);
#7845 = DIRECTION('',(-4.669739647545E-16,-1.,0.));
#7846 = ORIENTED_EDGE('',*,*,#6145,.F.);
#7847 = ORIENTED_EDGE('',*,*,#5408,.F.);
#7848 = PLANE('',#7849);
#7849 = AXIS2_PLACEMENT_3D('',#7850,#7851,#7852);
#7850 = CARTESIAN_POINT('',(-1.5,-0.5,0.2));
#7851 = DIRECTION('',(0.,-0.,-1.));
#7852 = DIRECTION('',(4.669739647545E-16,1.,0.));
#7853 = ADVANCED_FACE('',(#7854),#7865,.F.);
#7854 = FACE_BOUND('',#7855,.F.);
#7855 = EDGE_LOOP('',(#7856,#7857,#7863,#7864));
#7856 = ORIENTED_EDGE('',*,*,#6070,.F.);
#7857 = ORIENTED_EDGE('',*,*,#7858,.F.);
#7858 = EDGE_CURVE('',#5950,#6063,#7859,.T.);
#7859 = LINE('',#7860,#7861);
#7860 = CARTESIAN_POINT('',(-1.5,0.1,0.2));
#7861 = VECTOR('',#7862,1.);
#7862 = DIRECTION('',(-4.669739647545E-16,-1.,0.));
#7863 = ORIENTED_EDGE('',*,*,#5949,.F.);
#7864 = ORIENTED_EDGE('',*,*,#5431,.F.);
#7865 = PLANE('',#7866);
#7866 = AXIS2_PLACEMENT_3D('',#7867,#7868,#7869);
#7867 = CARTESIAN_POINT('',(-1.5,-0.1,0.2));
#7868 = DIRECTION('',(0.,-0.,-1.));
#7869 = DIRECTION('',(4.669739647545E-16,1.,0.));
#7870 = ADVANCED_FACE('',(#7871),#7882,.T.);
#7871 = FACE_BOUND('',#7872,.F.);
#7872 = EDGE_LOOP('',(#7873,#7874,#7875,#7876));
#7873 = ORIENTED_EDGE('',*,*,#5499,.T.);
#7874 = ORIENTED_EDGE('',*,*,#5589,.T.);
#7875 = ORIENTED_EDGE('',*,*,#5629,.T.);
#7876 = ORIENTED_EDGE('',*,*,#7877,.T.);
#7877 = EDGE_CURVE('',#5630,#5500,#7878,.T.);
#7878 = LINE('',#7879,#7880);
#7879 = CARTESIAN_POINT('',(-0.7,1.5,0.));
#7880 = VECTOR('',#7881,1.);
#7881 = DIRECTION('',(-1.,4.555315873023E-16,0.));
#7882 = PLANE('',#7883);
#7883 = AXIS2_PLACEMENT_3D('',#7884,#7885,#7886);
#7884 = CARTESIAN_POINT('',(-0.9,1.5,0.));
#7885 = DIRECTION('',(-0.,0.,-1.));
#7886 = DIRECTION('',(1.,-4.555315873023E-16,-0.));
#7887 = ADVANCED_FACE('',(#7888),#7894,.F.);
#7888 = FACE_BOUND('',#7889,.F.);
#7889 = EDGE_LOOP('',(#7890,#7891,#7892,#7893));
#7890 = ORIENTED_EDGE('',*,*,#5648,.T.);
#7891 = ORIENTED_EDGE('',*,*,#7722,.T.);
#7892 = ORIENTED_EDGE('',*,*,#5509,.F.);
#7893 = ORIENTED_EDGE('',*,*,#7877,.F.);
#7894 = PLANE('',#7895);
#7895 = AXIS2_PLACEMENT_3D('',#7896,#7897,#7898);
#7896 = CARTESIAN_POINT('',(-0.7,1.5,0.));
#7897 = DIRECTION('',(-4.555315873023E-16,-1.,0.));
#7898 = DIRECTION('',(-1.,4.555315873023E-16,0.));
#7899 = ADVANCED_FACE('',(#7900),#7911,.T.);
#7900 = FACE_BOUND('',#7901,.F.);
#7901 = EDGE_LOOP('',(#7902,#7903,#7904,#7905));
#7902 = ORIENTED_EDGE('',*,*,#5662,.T.);
#7903 = ORIENTED_EDGE('',*,*,#5614,.T.);
#7904 = ORIENTED_EDGE('',*,*,#5539,.T.);
#7905 = ORIENTED_EDGE('',*,*,#7906,.T.);
#7906 = EDGE_CURVE('',#5542,#5663,#7907,.T.);
#7907 = LINE('',#7908,#7909);
#7908 = CARTESIAN_POINT('',(-1.5,0.9,0.));
#7909 = VECTOR('',#7910,1.);
#7910 = DIRECTION('',(-4.669739647545E-16,-1.,0.));
#7911 = PLANE('',#7912);
#7912 = AXIS2_PLACEMENT_3D('',#7913,#7914,#7915);
#7913 = CARTESIAN_POINT('',(-1.5,0.7,0.));
#7914 = DIRECTION('',(0.,-0.,-1.));
#7915 = DIRECTION('',(4.669739647545E-16,1.,0.));
#7916 = ADVANCED_FACE('',(#7917),#7923,.F.);
#7917 = FACE_BOUND('',#7918,.F.);
#7918 = EDGE_LOOP('',(#7919,#7920,#7921,#7922));
#7919 = ORIENTED_EDGE('',*,*,#5565,.T.);
#7920 = ORIENTED_EDGE('',*,*,#7790,.T.);
#7921 = ORIENTED_EDGE('',*,*,#5670,.F.);
#7922 = ORIENTED_EDGE('',*,*,#7906,.F.);
#7923 = PLANE('',#7924);
#7924 = AXIS2_PLACEMENT_3D('',#7925,#7926,#7927);
#7925 = CARTESIAN_POINT('',(-1.5,0.9,0.));
#7926 = DIRECTION('',(1.,-4.669739647545E-16,0.));
#7927 = DIRECTION('',(-4.669739647545E-16,-1.,0.));
#7928 = ADVANCED_FACE('',(#7929),#7940,.T.);
#7929 = FACE_BOUND('',#7930,.F.);
#7930 = EDGE_LOOP('',(#7931,#7932,#7933,#7934));
#7931 = ORIENTED_EDGE('',*,*,#5695,.T.);
#7932 = ORIENTED_EDGE('',*,*,#5785,.T.);
#7933 = ORIENTED_EDGE('',*,*,#5825,.T.);
#7934 = ORIENTED_EDGE('',*,*,#7935,.T.);
#7935 = EDGE_CURVE('',#5826,#5696,#7936,.T.);
#7936 = LINE('',#7937,#7938);
#7937 = CARTESIAN_POINT('',(-0.3,1.5,0.));
#7938 = VECTOR('',#7939,1.);
#7939 = DIRECTION('',(-1.,4.555315873023E-16,0.));
#7940 = PLANE('',#7941);
#7941 = AXIS2_PLACEMENT_3D('',#7942,#7943,#7944);
#7942 = CARTESIAN_POINT('',(-0.5,1.5,0.));
#7943 = DIRECTION('',(-0.,0.,-1.));
#7944 = DIRECTION('',(1.,-4.555315873023E-16,-0.));
#7945 = ADVANCED_FACE('',(#7946),#7952,.F.);
#7946 = FACE_BOUND('',#7947,.F.);
#7947 = EDGE_LOOP('',(#7948,#7949,#7950,#7951));
#7948 = ORIENTED_EDGE('',*,*,#5844,.T.);
#7949 = ORIENTED_EDGE('',*,*,#7756,.T.);
#7950 = ORIENTED_EDGE('',*,*,#5705,.F.);
#7951 = ORIENTED_EDGE('',*,*,#7935,.F.);
#7952 = PLANE('',#7953);
#7953 = AXIS2_PLACEMENT_3D('',#7954,#7955,#7956);
#7954 = CARTESIAN_POINT('',(-0.3,1.5,0.));
#7955 = DIRECTION('',(-4.555315873023E-16,-1.,0.));
#7956 = DIRECTION('',(-1.,4.555315873023E-16,0.));
#7957 = ADVANCED_FACE('',(#7958),#7969,.T.);
#7958 = FACE_BOUND('',#7959,.F.);
#7959 = EDGE_LOOP('',(#7960,#7961,#7962,#7963));
#7960 = ORIENTED_EDGE('',*,*,#5858,.T.);
#7961 = ORIENTED_EDGE('',*,*,#5810,.T.);
#7962 = ORIENTED_EDGE('',*,*,#5735,.T.);
#7963 = ORIENTED_EDGE('',*,*,#7964,.T.);
#7964 = EDGE_CURVE('',#5738,#5859,#7965,.T.);
#7965 = LINE('',#7966,#7967);
#7966 = CARTESIAN_POINT('',(-1.5,0.5,0.));
#7967 = VECTOR('',#7968,1.);
#7968 = DIRECTION('',(-4.669739647545E-16,-1.,0.));
#7969 = PLANE('',#7970);
#7970 = AXIS2_PLACEMENT_3D('',#7971,#7972,#7973);
#7971 = CARTESIAN_POINT('',(-1.5,0.3,0.));
#7972 = DIRECTION('',(0.,-0.,-1.));
#7973 = DIRECTION('',(4.669739647545E-16,1.,0.));
#7974 = ADVANCED_FACE('',(#7975),#7981,.F.);
#7975 = FACE_BOUND('',#7976,.F.);
#7976 = EDGE_LOOP('',(#7977,#7978,#7979,#7980));
#7977 = ORIENTED_EDGE('',*,*,#5761,.T.);
#7978 = ORIENTED_EDGE('',*,*,#7824,.T.);
#7979 = ORIENTED_EDGE('',*,*,#5866,.F.);
#7980 = ORIENTED_EDGE('',*,*,#7964,.F.);
#7981 = PLANE('',#7982);
#7982 = AXIS2_PLACEMENT_3D('',#7983,#7984,#7985);
#7983 = CARTESIAN_POINT('',(-1.5,0.5,0.));
#7984 = DIRECTION('',(1.,-4.669739647545E-16,0.));
#7985 = DIRECTION('',(-4.669739647545E-16,-1.,0.));
#7986 = ADVANCED_FACE('',(#7987),#7998,.T.);
#7987 = FACE_BOUND('',#7988,.F.);
#7988 = EDGE_LOOP('',(#7989,#7990,#7991,#7992));
#7989 = ORIENTED_EDGE('',*,*,#5891,.T.);
#7990 = ORIENTED_EDGE('',*,*,#5981,.T.);
#7991 = ORIENTED_EDGE('',*,*,#6021,.T.);
#7992 = ORIENTED_EDGE('',*,*,#7993,.T.);
#7993 = EDGE_CURVE('',#6022,#5892,#7994,.T.);
#7994 = LINE('',#7995,#7996);
#7995 = CARTESIAN_POINT('',(0.1,1.5,0.));
#7996 = VECTOR('',#7997,1.);
#7997 = DIRECTION('',(-1.,4.555315873023E-16,0.));
#7998 = PLANE('',#7999);
#7999 = AXIS2_PLACEMENT_3D('',#8000,#8001,#8002);
#8000 = CARTESIAN_POINT('',(-0.1,1.5,0.));
#8001 = DIRECTION('',(-0.,0.,-1.));
#8002 = DIRECTION('',(1.,-4.555315873023E-16,-0.));
#8003 = ADVANCED_FACE('',(#8004),#8010,.F.);
#8004 = FACE_BOUND('',#8005,.F.);
#8005 = EDGE_LOOP('',(#8006,#8007,#8008,#8009));
#8006 = ORIENTED_EDGE('',*,*,#6040,.T.);
#8007 = ORIENTED_EDGE('',*,*,#7773,.T.);
#8008 = ORIENTED_EDGE('',*,*,#5901,.F.);
#8009 = ORIENTED_EDGE('',*,*,#7993,.F.);
#8010 = PLANE('',#8011);
#8011 = AXIS2_PLACEMENT_3D('',#8012,#8013,#8014);
#8012 = CARTESIAN_POINT('',(0.1,1.5,0.));
#8013 = DIRECTION('',(-4.555315873023E-16,-1.,0.));
#8014 = DIRECTION('',(-1.,4.555315873023E-16,0.));
#8015 = ADVANCED_FACE('',(#8016),#8027,.T.);
#8016 = FACE_BOUND('',#8017,.F.);
#8017 = EDGE_LOOP('',(#8018,#8019,#8020,#8021));
#8018 = ORIENTED_EDGE('',*,*,#6054,.T.);
#8019 = ORIENTED_EDGE('',*,*,#6006,.T.);
#8020 = ORIENTED_EDGE('',*,*,#5931,.T.);
#8021 = ORIENTED_EDGE('',*,*,#8022,.T.);
#8022 = EDGE_CURVE('',#5934,#6055,#8023,.T.);
#8023 = LINE('',#8024,#8025);
#8024 = CARTESIAN_POINT('',(-1.5,0.1,0.));
#8025 = VECTOR('',#8026,1.);
#8026 = DIRECTION('',(-4.669739647545E-16,-1.,0.));
#8027 = PLANE('',#8028);
#8028 = AXIS2_PLACEMENT_3D('',#8029,#8030,#8031);
#8029 = CARTESIAN_POINT('',(-1.5,-0.1,0.));
#8030 = DIRECTION('',(0.,-0.,-1.));
#8031 = DIRECTION('',(4.669739647545E-16,1.,0.));
#8032 = ADVANCED_FACE('',(#8033),#8039,.F.);
#8033 = FACE_BOUND('',#8034,.F.);
#8034 = EDGE_LOOP('',(#8035,#8036,#8037,#8038));
#8035 = ORIENTED_EDGE('',*,*,#5957,.T.);
#8036 = ORIENTED_EDGE('',*,*,#7858,.T.);
#8037 = ORIENTED_EDGE('',*,*,#6062,.F.);
#8038 = ORIENTED_EDGE('',*,*,#8022,.F.);
#8039 = PLANE('',#8040);
#8040 = AXIS2_PLACEMENT_3D('',#8041,#8042,#8043);
#8041 = CARTESIAN_POINT('',(-1.5,0.1,0.));
#8042 = DIRECTION('',(1.,-4.669739647545E-16,0.));
#8043 = DIRECTION('',(-4.669739647545E-16,-1.,0.));
#8044 = ADVANCED_FACE('',(#8045),#8056,.T.);
#8045 = FACE_BOUND('',#8046,.F.);
#8046 = EDGE_LOOP('',(#8047,#8048,#8049,#8050));
#8047 = ORIENTED_EDGE('',*,*,#6087,.T.);
#8048 = ORIENTED_EDGE('',*,*,#6177,.T.);
#8049 = ORIENTED_EDGE('',*,*,#6217,.T.);
#8050 = ORIENTED_EDGE('',*,*,#8051,.T.);
#8051 = EDGE_CURVE('',#6218,#6088,#8052,.T.);
#8052 = LINE('',#8053,#8054);
#8053 = CARTESIAN_POINT('',(0.5,1.5,0.));
#8054 = VECTOR('',#8055,1.);
#8055 = DIRECTION('',(-1.,4.555315873023E-16,0.));
#8056 = PLANE('',#8057);
#8057 = AXIS2_PLACEMENT_3D('',#8058,#8059,#8060);
#8058 = CARTESIAN_POINT('',(0.3,1.5,0.));
#8059 = DIRECTION('',(-0.,0.,-1.));
#8060 = DIRECTION('',(1.,-4.555315873023E-16,-0.));
#8061 = ADVANCED_FACE('',(#8062),#8068,.F.);
#8062 = FACE_BOUND('',#8063,.F.);
#8063 = EDGE_LOOP('',(#8064,#8065,#8066,#8067));
#8064 = ORIENTED_EDGE('',*,*,#6236,.T.);
#8065 = ORIENTED_EDGE('',*,*,#7739,.T.);
#8066 = ORIENTED_EDGE('',*,*,#6097,.F.);
#8067 = ORIENTED_EDGE('',*,*,#8051,.F.);
#8068 = PLANE('',#8069);
#8069 = AXIS2_PLACEMENT_3D('',#8070,#8071,#8072);
#8070 = CARTESIAN_POINT('',(0.5,1.5,0.));
#8071 = DIRECTION('',(-4.555315873023E-16,-1.,0.));
#8072 = DIRECTION('',(-1.,4.555315873023E-16,0.));
#8073 = ADVANCED_FACE('',(#8074),#8085,.T.);
#8074 = FACE_BOUND('',#8075,.F.);
#8075 = EDGE_LOOP('',(#8076,#8077,#8078,#8079));
#8076 = ORIENTED_EDGE('',*,*,#6250,.T.);
#8077 = ORIENTED_EDGE('',*,*,#6202,.T.);
#8078 = ORIENTED_EDGE('',*,*,#6127,.T.);
#8079 = ORIENTED_EDGE('',*,*,#8080,.T.);
#8080 = EDGE_CURVE('',#6130,#6251,#8081,.T.);
#8081 = LINE('',#8082,#8083);
#8082 = CARTESIAN_POINT('',(-1.5,-0.3,0.));
#8083 = VECTOR('',#8084,1.);
#8084 = DIRECTION('',(-4.669739647545E-16,-1.,0.));
#8085 = PLANE('',#8086);
#8086 = AXIS2_PLACEMENT_3D('',#8087,#8088,#8089);
#8087 = CARTESIAN_POINT('',(-1.5,-0.5,0.));
#8088 = DIRECTION('',(0.,-0.,-1.));
#8089 = DIRECTION('',(4.669739647545E-16,1.,0.));
#8090 = ADVANCED_FACE('',(#8091),#8097,.F.);
#8091 = FACE_BOUND('',#8092,.F.);
#8092 = EDGE_LOOP('',(#8093,#8094,#8095,#8096));
#8093 = ORIENTED_EDGE('',*,*,#6153,.T.);
#8094 = ORIENTED_EDGE('',*,*,#7841,.T.);
#8095 = ORIENTED_EDGE('',*,*,#6258,.F.);
#8096 = ORIENTED_EDGE('',*,*,#8080,.F.);
#8097 = PLANE('',#8098);
#8098 = AXIS2_PLACEMENT_3D('',#8099,#8100,#8101);
#8099 = CARTESIAN_POINT('',(-1.5,-0.3,0.));
#8100 = DIRECTION('',(1.,-4.669739647545E-16,0.));
#8101 = DIRECTION('',(-4.669739647545E-16,-1.,0.));
#8102 = ADVANCED_FACE('',(#8103),#8114,.T.);
#8103 = FACE_BOUND('',#8104,.F.);
#8104 = EDGE_LOOP('',(#8105,#8106,#8107,#8108));
#8105 = ORIENTED_EDGE('',*,*,#6283,.T.);
#8106 = ORIENTED_EDGE('',*,*,#6373,.T.);
#8107 = ORIENTED_EDGE('',*,*,#6413,.T.);
#8108 = ORIENTED_EDGE('',*,*,#8109,.T.);
#8109 = EDGE_CURVE('',#6414,#6284,#8110,.T.);
#8110 = LINE('',#8111,#8112);
#8111 = CARTESIAN_POINT('',(0.9,1.5,0.));
#8112 = VECTOR('',#8113,1.);
#8113 = DIRECTION('',(-1.,4.555315873023E-16,0.));
#8114 = PLANE('',#8115);
#8115 = AXIS2_PLACEMENT_3D('',#8116,#8117,#8118);
#8116 = CARTESIAN_POINT('',(0.7,1.5,0.));
#8117 = DIRECTION('',(-0.,0.,-1.));
#8118 = DIRECTION('',(1.,-4.555315873023E-16,-0.));
#8119 = ADVANCED_FACE('',(#8120),#8126,.F.);
#8120 = FACE_BOUND('',#8121,.F.);
#8121 = EDGE_LOOP('',(#8122,#8123,#8124,#8125));
#8122 = ORIENTED_EDGE('',*,*,#6432,.T.);
#8123 = ORIENTED_EDGE('',*,*,#7705,.T.);
#8124 = ORIENTED_EDGE('',*,*,#6293,.F.);
#8125 = ORIENTED_EDGE('',*,*,#8109,.F.);
#8126 = PLANE('',#8127);
#8127 = AXIS2_PLACEMENT_3D('',#8128,#8129,#8130);
#8128 = CARTESIAN_POINT('',(0.9,1.5,0.));
#8129 = DIRECTION('',(-4.555315873023E-16,-1.,0.));
#8130 = DIRECTION('',(-1.,4.555315873023E-16,0.));
#8131 = ADVANCED_FACE('',(#8132),#8143,.T.);
#8132 = FACE_BOUND('',#8133,.F.);
#8133 = EDGE_LOOP('',(#8134,#8135,#8136,#8137));
#8134 = ORIENTED_EDGE('',*,*,#6446,.T.);
#8135 = ORIENTED_EDGE('',*,*,#6398,.T.);
#8136 = ORIENTED_EDGE('',*,*,#6323,.T.);
#8137 = ORIENTED_EDGE('',*,*,#8138,.T.);
#8138 = EDGE_CURVE('',#6326,#6447,#8139,.T.);
#8139 = LINE('',#8140,#8141);
#8140 = CARTESIAN_POINT('',(-1.5,-0.7,0.));
#8141 = VECTOR('',#8142,1.);
#8142 = DIRECTION('',(-4.669739647545E-16,-1.,0.));
#8143 = PLANE('',#8144);
#8144 = AXIS2_PLACEMENT_3D('',#8145,#8146,#8147);
#8145 = CARTESIAN_POINT('',(-1.5,-0.9,0.));
#8146 = DIRECTION('',(0.,-0.,-1.));
#8147 = DIRECTION('',(4.669739647545E-16,1.,0.));
#8148 = ADVANCED_FACE('',(#8149),#8155,.F.);
#8149 = FACE_BOUND('',#8150,.F.);
#8150 = EDGE_LOOP('',(#8151,#8152,#8153,#8154));
#8151 = ORIENTED_EDGE('',*,*,#6349,.T.);
#8152 = ORIENTED_EDGE('',*,*,#7807,.T.);
#8153 = ORIENTED_EDGE('',*,*,#6454,.F.);
#8154 = ORIENTED_EDGE('',*,*,#8138,.F.);
#8155 = PLANE('',#8156);
#8156 = AXIS2_PLACEMENT_3D('',#8157,#8158,#8159);
#8157 = CARTESIAN_POINT('',(-1.5,-0.7,0.));
#8158 = DIRECTION('',(1.,-4.669739647545E-16,0.));
#8159 = DIRECTION('',(-4.669739647545E-16,-1.,0.));
#8160 = ADVANCED_FACE('',(#8161),#8172,.F.);
#8161 = FACE_BOUND('',#8162,.F.);
#8162 = EDGE_LOOP('',(#8163,#8164,#8170,#8171));
#8163 = ORIENTED_EDGE('',*,*,#7476,.F.);
#8164 = ORIENTED_EDGE('',*,*,#8165,.F.);
#8165 = EDGE_CURVE('',#7414,#7469,#8166,.T.);
#8166 = LINE('',#8167,#8168);
#8167 = CARTESIAN_POINT('',(0.7,-1.5,0.2));
#8168 = VECTOR('',#8169,1.);
#8169 = DIRECTION('',(1.,-5.665538897648E-16,0.));
#8170 = ORIENTED_EDGE('',*,*,#7413,.F.);
#8171 = ORIENTED_EDGE('',*,*,#6587,.T.);
#8172 = PLANE('',#8173);
#8173 = AXIS2_PLACEMENT_3D('',#8174,#8175,#8176);
#8174 = CARTESIAN_POINT('',(0.9,-1.5,0.2));
#8175 = DIRECTION('',(0.,0.,-1.));
#8176 = DIRECTION('',(-1.,5.665538897648E-16,0.));
#8177 = ADVANCED_FACE('',(#8178),#8189,.F.);
#8178 = FACE_BOUND('',#8179,.F.);
#8179 = EDGE_LOOP('',(#8180,#8181,#8187,#8188));
#8180 = ORIENTED_EDGE('',*,*,#6790,.F.);
#8181 = ORIENTED_EDGE('',*,*,#8182,.F.);
#8182 = EDGE_CURVE('',#6670,#6783,#8183,.T.);
#8183 = LINE('',#8184,#8185);
#8184 = CARTESIAN_POINT('',(-0.9,-1.5,0.2));
#8185 = VECTOR('',#8186,1.);
#8186 = DIRECTION('',(1.,-5.665538897648E-16,0.));
#8187 = ORIENTED_EDGE('',*,*,#6669,.F.);
#8188 = ORIENTED_EDGE('',*,*,#6495,.T.);
#8189 = PLANE('',#8190);
#8190 = AXIS2_PLACEMENT_3D('',#8191,#8192,#8193);
#8191 = CARTESIAN_POINT('',(-0.7,-1.5,0.2));
#8192 = DIRECTION('',(0.,0.,-1.));
#8193 = DIRECTION('',(-1.,5.665538897648E-16,0.));
#8194 = ADVANCED_FACE('',(#8195),#8206,.F.);
#8195 = FACE_BOUND('',#8196,.F.);
#8196 = EDGE_LOOP('',(#8197,#8198,#8204,#8205));
#8197 = ORIENTED_EDGE('',*,*,#7378,.F.);
#8198 = ORIENTED_EDGE('',*,*,#8199,.F.);
#8199 = EDGE_CURVE('',#7258,#7371,#8200,.T.);
#8200 = LINE('',#8201,#8202);
#8201 = CARTESIAN_POINT('',(0.3,-1.5,0.2));
#8202 = VECTOR('',#8203,1.);
#8203 = DIRECTION('',(1.,-5.665538897648E-16,0.));
#8204 = ORIENTED_EDGE('',*,*,#7257,.F.);
#8205 = ORIENTED_EDGE('',*,*,#6564,.T.);
#8206 = PLANE('',#8207);
#8207 = AXIS2_PLACEMENT_3D('',#8208,#8209,#8210);
#8208 = CARTESIAN_POINT('',(0.5,-1.5,0.2));
#8209 = DIRECTION('',(0.,0.,-1.));
#8210 = DIRECTION('',(-1.,5.665538897648E-16,0.));
#8211 = ADVANCED_FACE('',(#8212),#8223,.F.);
#8212 = FACE_BOUND('',#8213,.F.);
#8213 = EDGE_LOOP('',(#8214,#8215,#8221,#8222));
#8214 = ORIENTED_EDGE('',*,*,#6986,.F.);
#8215 = ORIENTED_EDGE('',*,*,#8216,.F.);
#8216 = EDGE_CURVE('',#6866,#6979,#8217,.T.);
#8217 = LINE('',#8218,#8219);
#8218 = CARTESIAN_POINT('',(-0.5,-1.5,0.2));
#8219 = VECTOR('',#8220,1.);
#8220 = DIRECTION('',(1.,-5.665538897648E-16,0.));
#8221 = ORIENTED_EDGE('',*,*,#6865,.F.);
#8222 = ORIENTED_EDGE('',*,*,#6518,.T.);
#8223 = PLANE('',#8224);
#8224 = AXIS2_PLACEMENT_3D('',#8225,#8226,#8227);
#8225 = CARTESIAN_POINT('',(-0.3,-1.5,0.2));
#8226 = DIRECTION('',(0.,0.,-1.));
#8227 = DIRECTION('',(-1.,5.665538897648E-16,0.));
#8228 = ADVANCED_FACE('',(#8229),#8240,.F.);
#8229 = FACE_BOUND('',#8230,.F.);
#8230 = EDGE_LOOP('',(#8231,#8232,#8238,#8239));
#8231 = ORIENTED_EDGE('',*,*,#7182,.F.);
#8232 = ORIENTED_EDGE('',*,*,#8233,.F.);
#8233 = EDGE_CURVE('',#7062,#7175,#8234,.T.);
#8234 = LINE('',#8235,#8236);
#8235 = CARTESIAN_POINT('',(-0.1,-1.5,0.2));
#8236 = VECTOR('',#8237,1.);
#8237 = DIRECTION('',(1.,-5.665538897648E-16,0.));
#8238 = ORIENTED_EDGE('',*,*,#7061,.F.);
#8239 = ORIENTED_EDGE('',*,*,#6541,.T.);
#8240 = PLANE('',#8241);
#8241 = AXIS2_PLACEMENT_3D('',#8242,#8243,#8244);
#8242 = CARTESIAN_POINT('',(0.1,-1.5,0.2));
#8243 = DIRECTION('',(0.,0.,-1.));
#8244 = DIRECTION('',(-1.,5.665538897648E-16,0.));
#8245 = ADVANCED_FACE('',(#8246),#8257,.T.);
#8246 = FACE_BOUND('',#8247,.F.);
#8247 = EDGE_LOOP('',(#8248,#8249,#8250,#8251));
#8248 = ORIENTED_EDGE('',*,*,#6611,.T.);
#8249 = ORIENTED_EDGE('',*,*,#6701,.T.);
#8250 = ORIENTED_EDGE('',*,*,#6741,.T.);
#8251 = ORIENTED_EDGE('',*,*,#8252,.T.);
#8252 = EDGE_CURVE('',#6742,#6612,#8253,.T.);
#8253 = LINE('',#8254,#8255);
#8254 = CARTESIAN_POINT('',(1.5,0.7,0.));
#8255 = VECTOR('',#8256,1.);
#8256 = DIRECTION('',(3.445092848398E-16,1.,0.));
#8257 = PLANE('',#8258);
#8258 = AXIS2_PLACEMENT_3D('',#8259,#8260,#8261);
#8259 = CARTESIAN_POINT('',(1.5,0.9,0.));
#8260 = DIRECTION('',(0.,0.,-1.));
#8261 = DIRECTION('',(-3.445092848398E-16,-1.,-0.));
#8262 = ADVANCED_FACE('',(#8263),#8269,.F.);
#8263 = FACE_BOUND('',#8264,.F.);
#8264 = EDGE_LOOP('',(#8265,#8266,#8267,#8268));
#8265 = ORIENTED_EDGE('',*,*,#6760,.T.);
#8266 = ORIENTED_EDGE('',*,*,#7637,.T.);
#8267 = ORIENTED_EDGE('',*,*,#6621,.F.);
#8268 = ORIENTED_EDGE('',*,*,#8252,.F.);
#8269 = PLANE('',#8270);
#8270 = AXIS2_PLACEMENT_3D('',#8271,#8272,#8273);
#8271 = CARTESIAN_POINT('',(1.5,0.7,0.));
#8272 = DIRECTION('',(-1.,3.445092848398E-16,0.));
#8273 = DIRECTION('',(3.445092848398E-16,1.,0.));
#8274 = ADVANCED_FACE('',(#8275),#8286,.T.);
#8275 = FACE_BOUND('',#8276,.F.);
#8276 = EDGE_LOOP('',(#8277,#8278,#8279,#8280));
#8277 = ORIENTED_EDGE('',*,*,#6774,.T.);
#8278 = ORIENTED_EDGE('',*,*,#6726,.T.);
#8279 = ORIENTED_EDGE('',*,*,#6651,.T.);
#8280 = ORIENTED_EDGE('',*,*,#8281,.T.);
#8281 = EDGE_CURVE('',#6654,#6775,#8282,.T.);
#8282 = LINE('',#8283,#8284);
#8283 = CARTESIAN_POINT('',(-0.9,-1.5,0.));
#8284 = VECTOR('',#8285,1.);
#8285 = DIRECTION('',(1.,-5.665538897648E-16,0.));
#8286 = PLANE('',#8287);
#8287 = AXIS2_PLACEMENT_3D('',#8288,#8289,#8290);
#8288 = CARTESIAN_POINT('',(-0.7,-1.5,0.));
#8289 = DIRECTION('',(0.,0.,-1.));
#8290 = DIRECTION('',(-1.,5.665538897648E-16,0.));
#8291 = ADVANCED_FACE('',(#8292),#8298,.F.);
#8292 = FACE_BOUND('',#8293,.F.);
#8293 = EDGE_LOOP('',(#8294,#8295,#8296,#8297));
#8294 = ORIENTED_EDGE('',*,*,#6677,.T.);
#8295 = ORIENTED_EDGE('',*,*,#8182,.T.);
#8296 = ORIENTED_EDGE('',*,*,#6782,.F.);
#8297 = ORIENTED_EDGE('',*,*,#8281,.F.);
#8298 = PLANE('',#8299);
#8299 = AXIS2_PLACEMENT_3D('',#8300,#8301,#8302);
#8300 = CARTESIAN_POINT('',(-0.9,-1.5,0.));
#8301 = DIRECTION('',(5.665538897648E-16,1.,0.));
#8302 = DIRECTION('',(1.,-5.665538897648E-16,0.));
#8303 = ADVANCED_FACE('',(#8304),#8315,.T.);
#8304 = FACE_BOUND('',#8305,.F.);
#8305 = EDGE_LOOP('',(#8306,#8307,#8308,#8309));
#8306 = ORIENTED_EDGE('',*,*,#6807,.T.);
#8307 = ORIENTED_EDGE('',*,*,#6897,.T.);
#8308 = ORIENTED_EDGE('',*,*,#6937,.T.);
#8309 = ORIENTED_EDGE('',*,*,#8310,.T.);
#8310 = EDGE_CURVE('',#6938,#6808,#8311,.T.);
#8311 = LINE('',#8312,#8313);
#8312 = CARTESIAN_POINT('',(1.5,0.3,0.));
#8313 = VECTOR('',#8314,1.);
#8314 = DIRECTION('',(3.445092848398E-16,1.,0.));
#8315 = PLANE('',#8316);
#8316 = AXIS2_PLACEMENT_3D('',#8317,#8318,#8319);
#8317 = CARTESIAN_POINT('',(1.5,0.5,0.));
#8318 = DIRECTION('',(0.,0.,-1.));
#8319 = DIRECTION('',(-3.445092848398E-16,-1.,-0.));
#8320 = ADVANCED_FACE('',(#8321),#8327,.F.);
#8321 = FACE_BOUND('',#8322,.F.);
#8322 = EDGE_LOOP('',(#8323,#8324,#8325,#8326));
#8323 = ORIENTED_EDGE('',*,*,#6956,.T.);
#8324 = ORIENTED_EDGE('',*,*,#7654,.T.);
#8325 = ORIENTED_EDGE('',*,*,#6817,.F.);
#8326 = ORIENTED_EDGE('',*,*,#8310,.F.);
#8327 = PLANE('',#8328);
#8328 = AXIS2_PLACEMENT_3D('',#8329,#8330,#8331);
#8329 = CARTESIAN_POINT('',(1.5,0.3,0.));
#8330 = DIRECTION('',(-1.,3.445092848398E-16,0.));
#8331 = DIRECTION('',(3.445092848398E-16,1.,0.));
#8332 = ADVANCED_FACE('',(#8333),#8344,.T.);
#8333 = FACE_BOUND('',#8334,.F.);
#8334 = EDGE_LOOP('',(#8335,#8336,#8337,#8338));
#8335 = ORIENTED_EDGE('',*,*,#6970,.T.);
#8336 = ORIENTED_EDGE('',*,*,#6922,.T.);
#8337 = ORIENTED_EDGE('',*,*,#6847,.T.);
#8338 = ORIENTED_EDGE('',*,*,#8339,.T.);
#8339 = EDGE_CURVE('',#6850,#6971,#8340,.T.);
#8340 = LINE('',#8341,#8342);
#8341 = CARTESIAN_POINT('',(-0.5,-1.5,0.));
#8342 = VECTOR('',#8343,1.);
#8343 = DIRECTION('',(1.,-5.665538897648E-16,0.));
#8344 = PLANE('',#8345);
#8345 = AXIS2_PLACEMENT_3D('',#8346,#8347,#8348);
#8346 = CARTESIAN_POINT('',(-0.3,-1.5,0.));
#8347 = DIRECTION('',(0.,0.,-1.));
#8348 = DIRECTION('',(-1.,5.665538897648E-16,0.));
#8349 = ADVANCED_FACE('',(#8350),#8356,.F.);
#8350 = FACE_BOUND('',#8351,.F.);
#8351 = EDGE_LOOP('',(#8352,#8353,#8354,#8355));
#8352 = ORIENTED_EDGE('',*,*,#6873,.T.);
#8353 = ORIENTED_EDGE('',*,*,#8216,.T.);
#8354 = ORIENTED_EDGE('',*,*,#6978,.F.);
#8355 = ORIENTED_EDGE('',*,*,#8339,.F.);
#8356 = PLANE('',#8357);
#8357 = AXIS2_PLACEMENT_3D('',#8358,#8359,#8360);
#8358 = CARTESIAN_POINT('',(-0.5,-1.5,0.));
#8359 = DIRECTION('',(5.665538897648E-16,1.,0.));
#8360 = DIRECTION('',(1.,-5.665538897648E-16,0.));
#8361 = ADVANCED_FACE('',(#8362),#8373,.T.);
#8362 = FACE_BOUND('',#8363,.F.);
#8363 = EDGE_LOOP('',(#8364,#8365,#8366,#8367));
#8364 = ORIENTED_EDGE('',*,*,#7003,.T.);
#8365 = ORIENTED_EDGE('',*,*,#7093,.T.);
#8366 = ORIENTED_EDGE('',*,*,#7133,.T.);
#8367 = ORIENTED_EDGE('',*,*,#8368,.T.);
#8368 = EDGE_CURVE('',#7134,#7004,#8369,.T.);
#8369 = LINE('',#8370,#8371);
#8370 = CARTESIAN_POINT('',(1.5,-0.1,0.));
#8371 = VECTOR('',#8372,1.);
#8372 = DIRECTION('',(3.445092848398E-16,1.,0.));
#8373 = PLANE('',#8374);
#8374 = AXIS2_PLACEMENT_3D('',#8375,#8376,#8377);
#8375 = CARTESIAN_POINT('',(1.5,0.1,0.));
#8376 = DIRECTION('',(0.,0.,-1.));
#8377 = DIRECTION('',(-3.445092848398E-16,-1.,-0.));
#8378 = ADVANCED_FACE('',(#8379),#8385,.F.);
#8379 = FACE_BOUND('',#8380,.F.);
#8380 = EDGE_LOOP('',(#8381,#8382,#8383,#8384));
#8381 = ORIENTED_EDGE('',*,*,#7152,.T.);
#8382 = ORIENTED_EDGE('',*,*,#7688,.T.);
#8383 = ORIENTED_EDGE('',*,*,#7013,.F.);
#8384 = ORIENTED_EDGE('',*,*,#8368,.F.);
#8385 = PLANE('',#8386);
#8386 = AXIS2_PLACEMENT_3D('',#8387,#8388,#8389);
#8387 = CARTESIAN_POINT('',(1.5,-0.1,0.));
#8388 = DIRECTION('',(-1.,3.445092848398E-16,0.));
#8389 = DIRECTION('',(3.445092848398E-16,1.,0.));
#8390 = ADVANCED_FACE('',(#8391),#8402,.T.);
#8391 = FACE_BOUND('',#8392,.F.);
#8392 = EDGE_LOOP('',(#8393,#8394,#8395,#8396));
#8393 = ORIENTED_EDGE('',*,*,#7166,.T.);
#8394 = ORIENTED_EDGE('',*,*,#7118,.T.);
#8395 = ORIENTED_EDGE('',*,*,#7043,.T.);
#8396 = ORIENTED_EDGE('',*,*,#8397,.T.);
#8397 = EDGE_CURVE('',#7046,#7167,#8398,.T.);
#8398 = LINE('',#8399,#8400);
#8399 = CARTESIAN_POINT('',(-0.1,-1.5,0.));
#8400 = VECTOR('',#8401,1.);
#8401 = DIRECTION('',(1.,-5.665538897648E-16,0.));
#8402 = PLANE('',#8403);
#8403 = AXIS2_PLACEMENT_3D('',#8404,#8405,#8406);
#8404 = CARTESIAN_POINT('',(0.1,-1.5,0.));
#8405 = DIRECTION('',(0.,0.,-1.));
#8406 = DIRECTION('',(-1.,5.665538897648E-16,0.));
#8407 = ADVANCED_FACE('',(#8408),#8414,.F.);
#8408 = FACE_BOUND('',#8409,.F.);
#8409 = EDGE_LOOP('',(#8410,#8411,#8412,#8413));
#8410 = ORIENTED_EDGE('',*,*,#7069,.T.);
#8411 = ORIENTED_EDGE('',*,*,#8233,.T.);
#8412 = ORIENTED_EDGE('',*,*,#7174,.F.);
#8413 = ORIENTED_EDGE('',*,*,#8397,.F.);
#8414 = PLANE('',#8415);
#8415 = AXIS2_PLACEMENT_3D('',#8416,#8417,#8418);
#8416 = CARTESIAN_POINT('',(-0.1,-1.5,0.));
#8417 = DIRECTION('',(5.665538897648E-16,1.,0.));
#8418 = DIRECTION('',(1.,-5.665538897648E-16,0.));
#8419 = ADVANCED_FACE('',(#8420),#8431,.T.);
#8420 = FACE_BOUND('',#8421,.F.);
#8421 = EDGE_LOOP('',(#8422,#8423,#8424,#8425));
#8422 = ORIENTED_EDGE('',*,*,#7199,.T.);
#8423 = ORIENTED_EDGE('',*,*,#7289,.T.);
#8424 = ORIENTED_EDGE('',*,*,#7329,.T.);
#8425 = ORIENTED_EDGE('',*,*,#8426,.T.);
#8426 = EDGE_CURVE('',#7330,#7200,#8427,.T.);
#8427 = LINE('',#8428,#8429);
#8428 = CARTESIAN_POINT('',(1.5,-0.5,0.));
#8429 = VECTOR('',#8430,1.);
#8430 = DIRECTION('',(3.445092848398E-16,1.,0.));
#8431 = PLANE('',#8432);
#8432 = AXIS2_PLACEMENT_3D('',#8433,#8434,#8435);
#8433 = CARTESIAN_POINT('',(1.5,-0.3,0.));
#8434 = DIRECTION('',(0.,0.,-1.));
#8435 = DIRECTION('',(-3.445092848398E-16,-1.,-0.));
#8436 = ADVANCED_FACE('',(#8437),#8443,.F.);
#8437 = FACE_BOUND('',#8438,.F.);
#8438 = EDGE_LOOP('',(#8439,#8440,#8441,#8442));
#8439 = ORIENTED_EDGE('',*,*,#7348,.T.);
#8440 = ORIENTED_EDGE('',*,*,#7671,.T.);
#8441 = ORIENTED_EDGE('',*,*,#7209,.F.);
#8442 = ORIENTED_EDGE('',*,*,#8426,.F.);
#8443 = PLANE('',#8444);
#8444 = AXIS2_PLACEMENT_3D('',#8445,#8446,#8447);
#8445 = CARTESIAN_POINT('',(1.5,-0.5,0.));
#8446 = DIRECTION('',(-1.,3.445092848398E-16,0.));
#8447 = DIRECTION('',(3.445092848398E-16,1.,0.));
#8448 = ADVANCED_FACE('',(#8449),#8460,.T.);
#8449 = FACE_BOUND('',#8450,.F.);
#8450 = EDGE_LOOP('',(#8451,#8452,#8453,#8454));
#8451 = ORIENTED_EDGE('',*,*,#7362,.T.);
#8452 = ORIENTED_EDGE('',*,*,#7314,.T.);
#8453 = ORIENTED_EDGE('',*,*,#7239,.T.);
#8454 = ORIENTED_EDGE('',*,*,#8455,.T.);
#8455 = EDGE_CURVE('',#7242,#7363,#8456,.T.);
#8456 = LINE('',#8457,#8458);
#8457 = CARTESIAN_POINT('',(0.3,-1.5,0.));
#8458 = VECTOR('',#8459,1.);
#8459 = DIRECTION('',(1.,-5.665538897648E-16,0.));
#8460 = PLANE('',#8461);
#8461 = AXIS2_PLACEMENT_3D('',#8462,#8463,#8464);
#8462 = CARTESIAN_POINT('',(0.5,-1.5,0.));
#8463 = DIRECTION('',(0.,0.,-1.));
#8464 = DIRECTION('',(-1.,5.665538897648E-16,0.));
#8465 = ADVANCED_FACE('',(#8466),#8472,.F.);
#8466 = FACE_BOUND('',#8467,.F.);
#8467 = EDGE_LOOP('',(#8468,#8469,#8470,#8471));
#8468 = ORIENTED_EDGE('',*,*,#7265,.T.);
#8469 = ORIENTED_EDGE('',*,*,#8199,.T.);
#8470 = ORIENTED_EDGE('',*,*,#7370,.F.);
#8471 = ORIENTED_EDGE('',*,*,#8455,.F.);
#8472 = PLANE('',#8473);
#8473 = AXIS2_PLACEMENT_3D('',#8474,#8475,#8476);
#8474 = CARTESIAN_POINT('',(0.3,-1.5,0.));
#8475 = DIRECTION('',(5.665538897648E-16,1.,0.));
#8476 = DIRECTION('',(1.,-5.665538897648E-16,0.));
#8477 = ADVANCED_FACE('',(#8478),#8489,.T.);
#8478 = FACE_BOUND('',#8479,.F.);
#8479 = EDGE_LOOP('',(#8480,#8481,#8482,#8483));
#8480 = ORIENTED_EDGE('',*,*,#7460,.T.);
#8481 = ORIENTED_EDGE('',*,*,#7445,.T.);
#8482 = ORIENTED_EDGE('',*,*,#7395,.T.);
#8483 = ORIENTED_EDGE('',*,*,#8484,.T.);
#8484 = EDGE_CURVE('',#7398,#7461,#8485,.T.);
#8485 = LINE('',#8486,#8487);
#8486 = CARTESIAN_POINT('',(0.7,-1.5,0.));
#8487 = VECTOR('',#8488,1.);
#8488 = DIRECTION('',(1.,-5.665538897648E-16,0.));
#8489 = PLANE('',#8490);
#8490 = AXIS2_PLACEMENT_3D('',#8491,#8492,#8493);
#8491 = CARTESIAN_POINT('',(0.9,-1.5,0.));
#8492 = DIRECTION('',(0.,0.,-1.));
#8493 = DIRECTION('',(-1.,5.665538897648E-16,0.));
#8494 = ADVANCED_FACE('',(#8495),#8501,.F.);
#8495 = FACE_BOUND('',#8496,.F.);
#8496 = EDGE_LOOP('',(#8497,#8498,#8499,#8500));
#8497 = ORIENTED_EDGE('',*,*,#7421,.T.);
#8498 = ORIENTED_EDGE('',*,*,#8165,.T.);
#8499 = ORIENTED_EDGE('',*,*,#7468,.F.);
#8500 = ORIENTED_EDGE('',*,*,#8484,.F.);
#8501 = PLANE('',#8502);
#8502 = AXIS2_PLACEMENT_3D('',#8503,#8504,#8505);
#8503 = CARTESIAN_POINT('',(0.7,-1.5,0.));
#8504 = DIRECTION('',(5.665538897648E-16,1.,0.));
#8505 = DIRECTION('',(1.,-5.665538897648E-16,0.));
#8506 = ADVANCED_FACE('',(#8507),#8514,.T.);
#8507 = FACE_BOUND('',#8508,.F.);
#8508 = EDGE_LOOP('',(#8509,#8510,#8511,#8512,#8513));
#8509 = ORIENTED_EDGE('',*,*,#7510,.T.);
#8510 = ORIENTED_EDGE('',*,*,#7534,.T.);
#8511 = ORIENTED_EDGE('',*,*,#7558,.T.);
#8512 = ORIENTED_EDGE('',*,*,#7582,.T.);
#8513 = ORIENTED_EDGE('',*,*,#7599,.T.);
#8514 = PLANE('',#8515);
#8515 = AXIS2_PLACEMENT_3D('',#8516,#8517,#8518);
#8516 = CARTESIAN_POINT('',(-0.9,0.7,0.));
#8517 = DIRECTION('',(0.,-0.,-1.));
#8518 = DIRECTION('',(2.22044604925E-16,1.,0.));
#8519 = ADVANCED_FACE('',(#8520),#8539,.F.);
#8520 = FACE_BOUND('',#8521,.F.);
#8521 = EDGE_LOOP('',(#8522,#8530,#8537,#8538));
#8522 = ORIENTED_EDGE('',*,*,#8523,.T.);
#8523 = EDGE_CURVE('',#7620,#8524,#8526,.T.);
#8524 = VERTEX_POINT('',#8525);
#8525 = CARTESIAN_POINT('',(-0.8,0.55,0.51));
#8526 = LINE('',#8527,#8528);
#8527 = CARTESIAN_POINT('',(-0.8,0.55,0.53));
#8528 = VECTOR('',#8529,1.);
#8529 = DIRECTION('',(-0.,0.,-1.));
#8530 = ORIENTED_EDGE('',*,*,#8531,.T.);
#8531 = EDGE_CURVE('',#8524,#8524,#8532,.T.);
#8532 = CIRCLE('',#8533,0.25);
#8533 = AXIS2_PLACEMENT_3D('',#8534,#8535,#8536);
#8534 = CARTESIAN_POINT('',(-0.8,0.8,0.51));
#8535 = DIRECTION('',(0.,0.,1.));
#8536 = DIRECTION('',(-2.22044604925E-16,-1.,0.));
#8537 = ORIENTED_EDGE('',*,*,#8523,.F.);
#8538 = ORIENTED_EDGE('',*,*,#7619,.T.);
#8539 = CYLINDRICAL_SURFACE('',#8540,0.25);
#8540 = AXIS2_PLACEMENT_3D('',#8541,#8542,#8543);
#8541 = CARTESIAN_POINT('',(-0.8,0.8,0.53));
#8542 = DIRECTION('',(0.,0.,-1.));
#8543 = DIRECTION('',(-2.22044604925E-16,-1.,-0.));
#8544 = ADVANCED_FACE('',(#8545),#8548,.T.);
#8545 = FACE_BOUND('',#8546,.T.);
#8546 = EDGE_LOOP('',(#8547));
#8547 = ORIENTED_EDGE('',*,*,#8531,.T.);
#8548 = PLANE('',#8549);
#8549 = AXIS2_PLACEMENT_3D('',#8550,#8551,#8552);
#8550 = CARTESIAN_POINT('',(-0.8,0.8,0.51));
#8551 = DIRECTION('',(0.,0.,1.));
#8552 = DIRECTION('',(-2.22044604925E-16,-1.,0.));
#8553 = ( GEOMETRIC_REPRESENTATION_CONTEXT(3) 
GLOBAL_UNCERTAINTY_ASSIGNED_CONTEXT((#8557)) 
GLOBAL_UNIT_ASSIGNED_CONTEXT((#8554,#8555,#8556)) REPRESENTATION_CONTEXT
('Context #1','3D Context with UNIT and UNCERTAINTY') );
#8554 = ( LENGTH_UNIT() NAMED_UNIT(*) SI_UNIT(.MILLI.,.METRE.) );
#8555 = ( NAMED_UNIT(*) PLANE_ANGLE_UNIT() SI_UNIT($,.RADIAN.) );
#8556 = ( NAMED_UNIT(*) SI_UNIT($,.STERADIAN.) SOLID_ANGLE_UNIT() );
#8557 = UNCERTAINTY_MEASURE_WITH_UNIT(LENGTH_MEASURE(1.E-07),#8554,
  'distance_accuracy_value','confusion accuracy');
#8558 = CONTEXT_DEPENDENT_SHAPE_REPRESENTATION(#8559,#8561);
#8559 = ( REPRESENTATION_RELATIONSHIP('','',#4182,#4159) 
REPRESENTATION_RELATIONSHIP_WITH_TRANSFORMATION(#8560) 
SHAPE_REPRESENTATION_RELATIONSHIP() );
#8560 = ITEM_DEFINED_TRANSFORMATION('','',#11,#4160);
#8561 = PRODUCT_DEFINITION_SHAPE('Placement','Placement of an item',
  #8562);
#8562 = NEXT_ASSEMBLY_USAGE_OCCURRENCE('9','=>[0:1:1:9]','',#4154,#4177,
  $);
#8563 = PRODUCT_RELATED_PRODUCT_CATEGORY('part',$,(#4179));
#8564 = SHAPE_DEFINITION_REPRESENTATION(#8565,#8571);
#8565 = PRODUCT_DEFINITION_SHAPE('','',#8566);
#8566 = PRODUCT_DEFINITION('design','',#8567,#8570);
#8567 = PRODUCT_DEFINITION_FORMATION('','',#8568);
#8568 = PRODUCT('R_0603_1608Metric','R_0603_1608Metric','',(#8569));
#8569 = PRODUCT_CONTEXT('',#2,'mechanical');
#8570 = PRODUCT_DEFINITION_CONTEXT('part definition',#2,'design');
#8571 = SHAPE_REPRESENTATION('',(#11,#8572),#8576);
#8572 = AXIS2_PLACEMENT_3D('',#8573,#8574,#8575);
#8573 = CARTESIAN_POINT('',(0.,0.,0.));
#8574 = DIRECTION('',(0.,0.,1.));
#8575 = DIRECTION('',(1.,0.,-0.));
#8576 = ( GEOMETRIC_REPRESENTATION_CONTEXT(3) 
GLOBAL_UNCERTAINTY_ASSIGNED_CONTEXT((#8580)) 
GLOBAL_UNIT_ASSIGNED_CONTEXT((#8577,#8578,#8579)) REPRESENTATION_CONTEXT
('Context #1','3D Context with UNIT and UNCERTAINTY') );
#8577 = ( LENGTH_UNIT() NAMED_UNIT(*) SI_UNIT(.MILLI.,.METRE.) );
#8578 = ( NAMED_UNIT(*) PLANE_ANGLE_UNIT() SI_UNIT($,.RADIAN.) );
#8579 = ( NAMED_UNIT(*) SI_UNIT($,.STERADIAN.) SOLID_ANGLE_UNIT() );
#8580 = UNCERTAINTY_MEASURE_WITH_UNIT(LENGTH_MEASURE(1.E-07),#8577,
  'distance_accuracy_value','confusion accuracy');
#8581 = CONTEXT_DEPENDENT_SHAPE_REPRESENTATION(#8582,#8584);
#8582 = ( REPRESENTATION_RELATIONSHIP('','',#8571,#10) 
REPRESENTATION_RELATIONSHIP_WITH_TRANSFORMATION(#8583) 
SHAPE_REPRESENTATION_RELATIONSHIP() );
#8583 = ITEM_DEFINED_TRANSFORMATION('','',#11,#39);
#8584 = PRODUCT_DEFINITION_SHAPE('Placement','Placement of an item',
  #8585);
#8585 = NEXT_ASSEMBLY_USAGE_OCCURRENCE('12','R1','',#5,#8566,$);
#8586 = PRODUCT_RELATED_PRODUCT_CATEGORY('part',$,(#8568));
#8587 = SHAPE_DEFINITION_REPRESENTATION(#8588,#8594);
#8588 = PRODUCT_DEFINITION_SHAPE('','',#8589);
#8589 = PRODUCT_DEFINITION('design','',#8590,#8593);
#8590 = PRODUCT_DEFINITION_FORMATION('','',#8591);
#8591 = PRODUCT('R_0603_1608Metric','R_0603_1608Metric','',(#8592));
#8592 = PRODUCT_CONTEXT('',#2,'mechanical');
#8593 = PRODUCT_DEFINITION_CONTEXT('part definition',#2,'design');
#8594 = ADVANCED_BREP_SHAPE_REPRESENTATION('',(#11,#8595),#9385);
#8595 = MANIFOLD_SOLID_BREP('',#8596);
#8596 = CLOSED_SHELL('',(#8597,#8637,#8720,#8745,#8770,#8837,#8854,#8871
    ,#8920,#8937,#8954,#9003,#9020,#9089,#9120,#9144,#9213,#9237,#9254,
    #9271,#9288,#9305,#9322,#9339,#9356,#9373));
#8597 = ADVANCED_FACE('',(#8598),#8632,.F.);
#8598 = FACE_BOUND('',#8599,.F.);
#8599 = EDGE_LOOP('',(#8600,#8610,#8618,#8626));
#8600 = ORIENTED_EDGE('',*,*,#8601,.F.);
#8601 = EDGE_CURVE('',#8602,#8604,#8606,.T.);
#8602 = VERTEX_POINT('',#8603);
#8603 = CARTESIAN_POINT('',(-0.8,-0.4,4.5E-02));
#8604 = VERTEX_POINT('',#8605);
#8605 = CARTESIAN_POINT('',(-0.8,-0.4,0.405));
#8606 = LINE('',#8607,#8608);
#8607 = CARTESIAN_POINT('',(-0.8,-0.4,0.));
#8608 = VECTOR('',#8609,1.);
#8609 = DIRECTION('',(0.,0.,1.));
#8610 = ORIENTED_EDGE('',*,*,#8611,.T.);
#8611 = EDGE_CURVE('',#8602,#8612,#8614,.T.);
#8612 = VERTEX_POINT('',#8613);
#8613 = CARTESIAN_POINT('',(-0.8,0.4,4.5E-02));
#8614 = LINE('',#8615,#8616);
#8615 = CARTESIAN_POINT('',(-0.8,-0.4,4.5E-02));
#8616 = VECTOR('',#8617,1.);
#8617 = DIRECTION('',(0.,1.,0.));
#8618 = ORIENTED_EDGE('',*,*,#8619,.T.);
#8619 = EDGE_CURVE('',#8612,#8620,#8622,.T.);
#8620 = VERTEX_POINT('',#8621);
#8621 = CARTESIAN_POINT('',(-0.8,0.4,0.405));
#8622 = LINE('',#8623,#8624);
#8623 = CARTESIAN_POINT('',(-0.8,0.4,0.));
#8624 = VECTOR('',#8625,1.);
#8625 = DIRECTION('',(0.,0.,1.));
#8626 = ORIENTED_EDGE('',*,*,#8627,.F.);
#8627 = EDGE_CURVE('',#8604,#8620,#8628,.T.);
#8628 = LINE('',#8629,#8630);
#8629 = CARTESIAN_POINT('',(-0.8,-0.4,0.405));
#8630 = VECTOR('',#8631,1.);
#8631 = DIRECTION('',(0.,1.,0.));
#8632 = PLANE('',#8633);
#8633 = AXIS2_PLACEMENT_3D('',#8634,#8635,#8636);
#8634 = CARTESIAN_POINT('',(-0.8,-0.4,0.));
#8635 = DIRECTION('',(1.,0.,0.));
#8636 = DIRECTION('',(0.,0.,1.));
#8637 = ADVANCED_FACE('',(#8638),#8715,.F.);
#8638 = FACE_BOUND('',#8639,.F.);
#8639 = EDGE_LOOP('',(#8640,#8650,#8657,#8658,#8667,#8675,#8684,#8692,
    #8700,#8708));
#8640 = ORIENTED_EDGE('',*,*,#8641,.F.);
#8641 = EDGE_CURVE('',#8642,#8644,#8646,.T.);
#8642 = VERTEX_POINT('',#8643);
#8643 = CARTESIAN_POINT('',(-0.755,-0.4,-2.775557561563E-17));
#8644 = VERTEX_POINT('',#8645);
#8645 = CARTESIAN_POINT('',(-0.545,-0.4,-2.775557561563E-17));
#8646 = LINE('',#8647,#8648);
#8647 = CARTESIAN_POINT('',(-0.8,-0.4,0.));
#8648 = VECTOR('',#8649,1.);
#8649 = DIRECTION('',(1.,0.,0.));
#8650 = ORIENTED_EDGE('',*,*,#8651,.F.);
#8651 = EDGE_CURVE('',#8602,#8642,#8652,.T.);
#8652 = CIRCLE('',#8653,4.5E-02);
#8653 = AXIS2_PLACEMENT_3D('',#8654,#8655,#8656);
#8654 = CARTESIAN_POINT('',(-0.755,-0.4,4.5E-02));
#8655 = DIRECTION('',(0.,-1.,0.));
#8656 = DIRECTION('',(0.,0.,1.));
#8657 = ORIENTED_EDGE('',*,*,#8601,.T.);
#8658 = ORIENTED_EDGE('',*,*,#8659,.T.);
#8659 = EDGE_CURVE('',#8604,#8660,#8662,.T.);
#8660 = VERTEX_POINT('',#8661);
#8661 = CARTESIAN_POINT('',(-0.755,-0.4,0.45));
#8662 = CIRCLE('',#8663,4.5E-02);
#8663 = AXIS2_PLACEMENT_3D('',#8664,#8665,#8666);
#8664 = CARTESIAN_POINT('',(-0.755,-0.4,0.405));
#8665 = DIRECTION('',(0.,1.,0.));
#8666 = DIRECTION('',(0.,-0.,1.));
#8667 = ORIENTED_EDGE('',*,*,#8668,.T.);
#8668 = EDGE_CURVE('',#8660,#8669,#8671,.T.);
#8669 = VERTEX_POINT('',#8670);
#8670 = CARTESIAN_POINT('',(-0.545,-0.4,0.45));
#8671 = LINE('',#8672,#8673);
#8672 = CARTESIAN_POINT('',(-0.8,-0.4,0.45));
#8673 = VECTOR('',#8674,1.);
#8674 = DIRECTION('',(1.,0.,0.));
#8675 = ORIENTED_EDGE('',*,*,#8676,.F.);
#8676 = EDGE_CURVE('',#8677,#8669,#8679,.T.);
#8677 = VERTEX_POINT('',#8678);
#8678 = CARTESIAN_POINT('',(-0.5,-0.4,0.405));
#8679 = CIRCLE('',#8680,4.5E-02);
#8680 = AXIS2_PLACEMENT_3D('',#8681,#8682,#8683);
#8681 = CARTESIAN_POINT('',(-0.545,-0.4,0.405));
#8682 = DIRECTION('',(0.,-1.,0.));
#8683 = DIRECTION('',(0.,0.,1.));
#8684 = ORIENTED_EDGE('',*,*,#8685,.F.);
#8685 = EDGE_CURVE('',#8686,#8677,#8688,.T.);
#8686 = VERTEX_POINT('',#8687);
#8687 = CARTESIAN_POINT('',(-0.755,-0.4,0.405));
#8688 = LINE('',#8689,#8690);
#8689 = CARTESIAN_POINT('',(-0.755,-0.4,0.405));
#8690 = VECTOR('',#8691,1.);
#8691 = DIRECTION('',(1.,0.,0.));
#8692 = ORIENTED_EDGE('',*,*,#8693,.F.);
#8693 = EDGE_CURVE('',#8694,#8686,#8696,.T.);
#8694 = VERTEX_POINT('',#8695);
#8695 = CARTESIAN_POINT('',(-0.755,-0.4,4.5E-02));
#8696 = LINE('',#8697,#8698);
#8697 = CARTESIAN_POINT('',(-0.755,-0.4,4.5E-02));
#8698 = VECTOR('',#8699,1.);
#8699 = DIRECTION('',(0.,0.,1.));
#8700 = ORIENTED_EDGE('',*,*,#8701,.T.);
#8701 = EDGE_CURVE('',#8694,#8702,#8704,.T.);
#8702 = VERTEX_POINT('',#8703);
#8703 = CARTESIAN_POINT('',(-0.5,-0.4,4.5E-02));
#8704 = LINE('',#8705,#8706);
#8705 = CARTESIAN_POINT('',(-0.755,-0.4,4.5E-02));
#8706 = VECTOR('',#8707,1.);
#8707 = DIRECTION('',(1.,0.,0.));
#8708 = ORIENTED_EDGE('',*,*,#8709,.T.);
#8709 = EDGE_CURVE('',#8702,#8644,#8710,.T.);
#8710 = CIRCLE('',#8711,4.5E-02);
#8711 = AXIS2_PLACEMENT_3D('',#8712,#8713,#8714);
#8712 = CARTESIAN_POINT('',(-0.545,-0.4,4.5E-02));
#8713 = DIRECTION('',(0.,1.,0.));
#8714 = DIRECTION('',(0.,-0.,1.));
#8715 = PLANE('',#8716);
#8716 = AXIS2_PLACEMENT_3D('',#8717,#8718,#8719);
#8717 = CARTESIAN_POINT('',(-0.8,-0.4,0.));
#8718 = DIRECTION('',(0.,1.,0.));
#8719 = DIRECTION('',(0.,-0.,1.));
#8720 = ADVANCED_FACE('',(#8721),#8740,.T.);
#8721 = FACE_BOUND('',#8722,.T.);
#8722 = EDGE_LOOP('',(#8723,#8724,#8733,#8739));
#8723 = ORIENTED_EDGE('',*,*,#8611,.T.);
#8724 = ORIENTED_EDGE('',*,*,#8725,.T.);
#8725 = EDGE_CURVE('',#8612,#8726,#8728,.T.);
#8726 = VERTEX_POINT('',#8727);
#8727 = CARTESIAN_POINT('',(-0.755,0.4,-2.775557561563E-17));
#8728 = CIRCLE('',#8729,4.5E-02);
#8729 = AXIS2_PLACEMENT_3D('',#8730,#8731,#8732);
#8730 = CARTESIAN_POINT('',(-0.755,0.4,4.5E-02));
#8731 = DIRECTION('',(0.,-1.,0.));
#8732 = DIRECTION('',(0.,0.,1.));
#8733 = ORIENTED_EDGE('',*,*,#8734,.F.);
#8734 = EDGE_CURVE('',#8642,#8726,#8735,.T.);
#8735 = LINE('',#8736,#8737);
#8736 = CARTESIAN_POINT('',(-0.755,-0.4,-2.775557561563E-17));
#8737 = VECTOR('',#8738,1.);
#8738 = DIRECTION('',(0.,1.,0.));
#8739 = ORIENTED_EDGE('',*,*,#8651,.F.);
#8740 = CYLINDRICAL_SURFACE('',#8741,4.5E-02);
#8741 = AXIS2_PLACEMENT_3D('',#8742,#8743,#8744);
#8742 = CARTESIAN_POINT('',(-0.755,-0.4,4.5E-02));
#8743 = DIRECTION('',(0.,1.,0.));
#8744 = DIRECTION('',(-1.,0.,0.));
#8745 = ADVANCED_FACE('',(#8746),#8765,.T.);
#8746 = FACE_BOUND('',#8747,.T.);
#8747 = EDGE_LOOP('',(#8748,#8749,#8757,#8764));
#8748 = ORIENTED_EDGE('',*,*,#8659,.T.);
#8749 = ORIENTED_EDGE('',*,*,#8750,.T.);
#8750 = EDGE_CURVE('',#8660,#8751,#8753,.T.);
#8751 = VERTEX_POINT('',#8752);
#8752 = CARTESIAN_POINT('',(-0.755,0.4,0.45));
#8753 = LINE('',#8754,#8755);
#8754 = CARTESIAN_POINT('',(-0.755,-0.4,0.45));
#8755 = VECTOR('',#8756,1.);
#8756 = DIRECTION('',(0.,1.,0.));
#8757 = ORIENTED_EDGE('',*,*,#8758,.F.);
#8758 = EDGE_CURVE('',#8620,#8751,#8759,.T.);
#8759 = CIRCLE('',#8760,4.5E-02);
#8760 = AXIS2_PLACEMENT_3D('',#8761,#8762,#8763);
#8761 = CARTESIAN_POINT('',(-0.755,0.4,0.405));
#8762 = DIRECTION('',(0.,1.,0.));
#8763 = DIRECTION('',(0.,-0.,1.));
#8764 = ORIENTED_EDGE('',*,*,#8627,.F.);
#8765 = CYLINDRICAL_SURFACE('',#8766,4.5E-02);
#8766 = AXIS2_PLACEMENT_3D('',#8767,#8768,#8769);
#8767 = CARTESIAN_POINT('',(-0.755,-0.4,0.405));
#8768 = DIRECTION('',(0.,1.,0.));
#8769 = DIRECTION('',(-1.,0.,0.));
#8770 = ADVANCED_FACE('',(#8771),#8832,.T.);
#8771 = FACE_BOUND('',#8772,.T.);
#8772 = EDGE_LOOP('',(#8773,#8781,#8782,#8783,#8784,#8792,#8801,#8809,
    #8817,#8825));
#8773 = ORIENTED_EDGE('',*,*,#8774,.F.);
#8774 = EDGE_CURVE('',#8726,#8775,#8777,.T.);
#8775 = VERTEX_POINT('',#8776);
#8776 = CARTESIAN_POINT('',(-0.545,0.4,-2.775557561563E-17));
#8777 = LINE('',#8778,#8779);
#8778 = CARTESIAN_POINT('',(-0.8,0.4,0.));
#8779 = VECTOR('',#8780,1.);
#8780 = DIRECTION('',(1.,0.,0.));
#8781 = ORIENTED_EDGE('',*,*,#8725,.F.);
#8782 = ORIENTED_EDGE('',*,*,#8619,.T.);
#8783 = ORIENTED_EDGE('',*,*,#8758,.T.);
#8784 = ORIENTED_EDGE('',*,*,#8785,.T.);
#8785 = EDGE_CURVE('',#8751,#8786,#8788,.T.);
#8786 = VERTEX_POINT('',#8787);
#8787 = CARTESIAN_POINT('',(-0.545,0.4,0.45));
#8788 = LINE('',#8789,#8790);
#8789 = CARTESIAN_POINT('',(-0.8,0.4,0.45));
#8790 = VECTOR('',#8791,1.);
#8791 = DIRECTION('',(1.,0.,0.));
#8792 = ORIENTED_EDGE('',*,*,#8793,.F.);
#8793 = EDGE_CURVE('',#8794,#8786,#8796,.T.);
#8794 = VERTEX_POINT('',#8795);
#8795 = CARTESIAN_POINT('',(-0.5,0.4,0.405));
#8796 = CIRCLE('',#8797,4.5E-02);
#8797 = AXIS2_PLACEMENT_3D('',#8798,#8799,#8800);
#8798 = CARTESIAN_POINT('',(-0.545,0.4,0.405));
#8799 = DIRECTION('',(0.,-1.,0.));
#8800 = DIRECTION('',(0.,0.,1.));
#8801 = ORIENTED_EDGE('',*,*,#8802,.F.);
#8802 = EDGE_CURVE('',#8803,#8794,#8805,.T.);
#8803 = VERTEX_POINT('',#8804);
#8804 = CARTESIAN_POINT('',(-0.755,0.4,0.405));
#8805 = LINE('',#8806,#8807);
#8806 = CARTESIAN_POINT('',(-0.755,0.4,0.405));
#8807 = VECTOR('',#8808,1.);
#8808 = DIRECTION('',(1.,0.,0.));
#8809 = ORIENTED_EDGE('',*,*,#8810,.F.);
#8810 = EDGE_CURVE('',#8811,#8803,#8813,.T.);
#8811 = VERTEX_POINT('',#8812);
#8812 = CARTESIAN_POINT('',(-0.755,0.4,4.5E-02));
#8813 = LINE('',#8814,#8815);
#8814 = CARTESIAN_POINT('',(-0.755,0.4,4.5E-02));
#8815 = VECTOR('',#8816,1.);
#8816 = DIRECTION('',(0.,0.,1.));
#8817 = ORIENTED_EDGE('',*,*,#8818,.T.);
#8818 = EDGE_CURVE('',#8811,#8819,#8821,.T.);
#8819 = VERTEX_POINT('',#8820);
#8820 = CARTESIAN_POINT('',(-0.5,0.4,4.5E-02));
#8821 = LINE('',#8822,#8823);
#8822 = CARTESIAN_POINT('',(-0.755,0.4,4.5E-02));
#8823 = VECTOR('',#8824,1.);
#8824 = DIRECTION('',(1.,0.,0.));
#8825 = ORIENTED_EDGE('',*,*,#8826,.T.);
#8826 = EDGE_CURVE('',#8819,#8775,#8827,.T.);
#8827 = CIRCLE('',#8828,4.5E-02);
#8828 = AXIS2_PLACEMENT_3D('',#8829,#8830,#8831);
#8829 = CARTESIAN_POINT('',(-0.545,0.4,4.5E-02));
#8830 = DIRECTION('',(0.,1.,0.));
#8831 = DIRECTION('',(0.,-0.,1.));
#8832 = PLANE('',#8833);
#8833 = AXIS2_PLACEMENT_3D('',#8834,#8835,#8836);
#8834 = CARTESIAN_POINT('',(-0.8,0.4,0.));
#8835 = DIRECTION('',(0.,1.,0.));
#8836 = DIRECTION('',(0.,-0.,1.));
#8837 = ADVANCED_FACE('',(#8838),#8849,.F.);
#8838 = FACE_BOUND('',#8839,.F.);
#8839 = EDGE_LOOP('',(#8840,#8841,#8842,#8843));
#8840 = ORIENTED_EDGE('',*,*,#8774,.F.);
#8841 = ORIENTED_EDGE('',*,*,#8734,.F.);
#8842 = ORIENTED_EDGE('',*,*,#8641,.T.);
#8843 = ORIENTED_EDGE('',*,*,#8844,.T.);
#8844 = EDGE_CURVE('',#8644,#8775,#8845,.T.);
#8845 = LINE('',#8846,#8847);
#8846 = CARTESIAN_POINT('',(-0.545,-0.4,-2.775557561563E-17));
#8847 = VECTOR('',#8848,1.);
#8848 = DIRECTION('',(0.,1.,0.));
#8849 = PLANE('',#8850);
#8850 = AXIS2_PLACEMENT_3D('',#8851,#8852,#8853);
#8851 = CARTESIAN_POINT('',(-0.8,-0.4,0.));
#8852 = DIRECTION('',(0.,0.,1.));
#8853 = DIRECTION('',(1.,0.,-0.));
#8854 = ADVANCED_FACE('',(#8855),#8866,.T.);
#8855 = FACE_BOUND('',#8856,.T.);
#8856 = EDGE_LOOP('',(#8857,#8858,#8859,#8860));
#8857 = ORIENTED_EDGE('',*,*,#8709,.T.);
#8858 = ORIENTED_EDGE('',*,*,#8844,.T.);
#8859 = ORIENTED_EDGE('',*,*,#8826,.F.);
#8860 = ORIENTED_EDGE('',*,*,#8861,.F.);
#8861 = EDGE_CURVE('',#8702,#8819,#8862,.T.);
#8862 = LINE('',#8863,#8864);
#8863 = CARTESIAN_POINT('',(-0.5,-0.4,4.5E-02));
#8864 = VECTOR('',#8865,1.);
#8865 = DIRECTION('',(0.,1.,0.));
#8866 = CYLINDRICAL_SURFACE('',#8867,4.5E-02);
#8867 = AXIS2_PLACEMENT_3D('',#8868,#8869,#8870);
#8868 = CARTESIAN_POINT('',(-0.545,-0.4,4.5E-02));
#8869 = DIRECTION('',(0.,1.,0.));
#8870 = DIRECTION('',(1.,0.,0.));
#8871 = ADVANCED_FACE('',(#8872),#8915,.F.);
#8872 = FACE_BOUND('',#8873,.F.);
#8873 = EDGE_LOOP('',(#8874,#8875,#8876,#8877,#8885,#8893,#8901,#8909));
#8874 = ORIENTED_EDGE('',*,*,#8701,.F.);
#8875 = ORIENTED_EDGE('',*,*,#8693,.T.);
#8876 = ORIENTED_EDGE('',*,*,#8685,.T.);
#8877 = ORIENTED_EDGE('',*,*,#8878,.T.);
#8878 = EDGE_CURVE('',#8677,#8879,#8881,.T.);
#8879 = VERTEX_POINT('',#8880);
#8880 = CARTESIAN_POINT('',(0.5,-0.4,0.405));
#8881 = LINE('',#8882,#8883);
#8882 = CARTESIAN_POINT('',(-0.5,-0.4,0.405));
#8883 = VECTOR('',#8884,1.);
#8884 = DIRECTION('',(1.,0.,0.));
#8885 = ORIENTED_EDGE('',*,*,#8886,.T.);
#8886 = EDGE_CURVE('',#8879,#8887,#8889,.T.);
#8887 = VERTEX_POINT('',#8888);
#8888 = CARTESIAN_POINT('',(0.755,-0.4,0.405));
#8889 = LINE('',#8890,#8891);
#8890 = CARTESIAN_POINT('',(-0.755,-0.4,0.405));
#8891 = VECTOR('',#8892,1.);
#8892 = DIRECTION('',(1.,0.,0.));
#8893 = ORIENTED_EDGE('',*,*,#8894,.F.);
#8894 = EDGE_CURVE('',#8895,#8887,#8897,.T.);
#8895 = VERTEX_POINT('',#8896);
#8896 = CARTESIAN_POINT('',(0.755,-0.4,4.5E-02));
#8897 = LINE('',#8898,#8899);
#8898 = CARTESIAN_POINT('',(0.755,-0.4,4.5E-02));
#8899 = VECTOR('',#8900,1.);
#8900 = DIRECTION('',(0.,0.,1.));
#8901 = ORIENTED_EDGE('',*,*,#8902,.F.);
#8902 = EDGE_CURVE('',#8903,#8895,#8905,.T.);
#8903 = VERTEX_POINT('',#8904);
#8904 = CARTESIAN_POINT('',(0.5,-0.4,4.5E-02));
#8905 = LINE('',#8906,#8907);
#8906 = CARTESIAN_POINT('',(-0.755,-0.4,4.5E-02));
#8907 = VECTOR('',#8908,1.);
#8908 = DIRECTION('',(1.,0.,0.));
#8909 = ORIENTED_EDGE('',*,*,#8910,.F.);
#8910 = EDGE_CURVE('',#8702,#8903,#8911,.T.);
#8911 = LINE('',#8912,#8913);
#8912 = CARTESIAN_POINT('',(-0.755,-0.4,4.5E-02));
#8913 = VECTOR('',#8914,1.);
#8914 = DIRECTION('',(1.,0.,0.));
#8915 = PLANE('',#8916);
#8916 = AXIS2_PLACEMENT_3D('',#8917,#8918,#8919);
#8917 = CARTESIAN_POINT('',(-0.755,-0.4,4.5E-02));
#8918 = DIRECTION('',(0.,1.,0.));
#8919 = DIRECTION('',(0.,-0.,1.));
#8920 = ADVANCED_FACE('',(#8921),#8932,.T.);
#8921 = FACE_BOUND('',#8922,.T.);
#8922 = EDGE_LOOP('',(#8923,#8924,#8925,#8926));
#8923 = ORIENTED_EDGE('',*,*,#8785,.F.);
#8924 = ORIENTED_EDGE('',*,*,#8750,.F.);
#8925 = ORIENTED_EDGE('',*,*,#8668,.T.);
#8926 = ORIENTED_EDGE('',*,*,#8927,.T.);
#8927 = EDGE_CURVE('',#8669,#8786,#8928,.T.);
#8928 = LINE('',#8929,#8930);
#8929 = CARTESIAN_POINT('',(-0.545,-0.4,0.45));
#8930 = VECTOR('',#8931,1.);
#8931 = DIRECTION('',(0.,1.,0.));
#8932 = PLANE('',#8933);
#8933 = AXIS2_PLACEMENT_3D('',#8934,#8935,#8936);
#8934 = CARTESIAN_POINT('',(-0.8,-0.4,0.45));
#8935 = DIRECTION('',(0.,0.,1.));
#8936 = DIRECTION('',(1.,0.,-0.));
#8937 = ADVANCED_FACE('',(#8938),#8949,.T.);
#8938 = FACE_BOUND('',#8939,.T.);
#8939 = EDGE_LOOP('',(#8940,#8946,#8947,#8948));
#8940 = ORIENTED_EDGE('',*,*,#8941,.T.);
#8941 = EDGE_CURVE('',#8677,#8794,#8942,.T.);
#8942 = LINE('',#8943,#8944);
#8943 = CARTESIAN_POINT('',(-0.5,-0.4,0.405));
#8944 = VECTOR('',#8945,1.);
#8945 = DIRECTION('',(0.,1.,0.));
#8946 = ORIENTED_EDGE('',*,*,#8793,.T.);
#8947 = ORIENTED_EDGE('',*,*,#8927,.F.);
#8948 = ORIENTED_EDGE('',*,*,#8676,.F.);
#8949 = CYLINDRICAL_SURFACE('',#8950,4.5E-02);
#8950 = AXIS2_PLACEMENT_3D('',#8951,#8952,#8953);
#8951 = CARTESIAN_POINT('',(-0.545,-0.4,0.405));
#8952 = DIRECTION('',(0.,1.,0.));
#8953 = DIRECTION('',(1.,0.,0.));
#8954 = ADVANCED_FACE('',(#8955),#8998,.T.);
#8955 = FACE_BOUND('',#8956,.T.);
#8956 = EDGE_LOOP('',(#8957,#8958,#8959,#8960,#8968,#8976,#8984,#8992));
#8957 = ORIENTED_EDGE('',*,*,#8818,.F.);
#8958 = ORIENTED_EDGE('',*,*,#8810,.T.);
#8959 = ORIENTED_EDGE('',*,*,#8802,.T.);
#8960 = ORIENTED_EDGE('',*,*,#8961,.T.);
#8961 = EDGE_CURVE('',#8794,#8962,#8964,.T.);
#8962 = VERTEX_POINT('',#8963);
#8963 = CARTESIAN_POINT('',(0.5,0.4,0.405));
#8964 = LINE('',#8965,#8966);
#8965 = CARTESIAN_POINT('',(-0.5,0.4,0.405));
#8966 = VECTOR('',#8967,1.);
#8967 = DIRECTION('',(1.,0.,0.));
#8968 = ORIENTED_EDGE('',*,*,#8969,.T.);
#8969 = EDGE_CURVE('',#8962,#8970,#8972,.T.);
#8970 = VERTEX_POINT('',#8971);
#8971 = CARTESIAN_POINT('',(0.755,0.4,0.405));
#8972 = LINE('',#8973,#8974);
#8973 = CARTESIAN_POINT('',(-0.755,0.4,0.405));
#8974 = VECTOR('',#8975,1.);
#8975 = DIRECTION('',(1.,0.,0.));
#8976 = ORIENTED_EDGE('',*,*,#8977,.F.);
#8977 = EDGE_CURVE('',#8978,#8970,#8980,.T.);
#8978 = VERTEX_POINT('',#8979);
#8979 = CARTESIAN_POINT('',(0.755,0.4,4.5E-02));
#8980 = LINE('',#8981,#8982);
#8981 = CARTESIAN_POINT('',(0.755,0.4,4.5E-02));
#8982 = VECTOR('',#8983,1.);
#8983 = DIRECTION('',(0.,0.,1.));
#8984 = ORIENTED_EDGE('',*,*,#8985,.F.);
#8985 = EDGE_CURVE('',#8986,#8978,#8988,.T.);
#8986 = VERTEX_POINT('',#8987);
#8987 = CARTESIAN_POINT('',(0.5,0.4,4.5E-02));
#8988 = LINE('',#8989,#8990);
#8989 = CARTESIAN_POINT('',(-0.755,0.4,4.5E-02));
#8990 = VECTOR('',#8991,1.);
#8991 = DIRECTION('',(1.,0.,0.));
#8992 = ORIENTED_EDGE('',*,*,#8993,.F.);
#8993 = EDGE_CURVE('',#8819,#8986,#8994,.T.);
#8994 = LINE('',#8995,#8996);
#8995 = CARTESIAN_POINT('',(-0.755,0.4,4.5E-02));
#8996 = VECTOR('',#8997,1.);
#8997 = DIRECTION('',(1.,0.,0.));
#8998 = PLANE('',#8999);
#8999 = AXIS2_PLACEMENT_3D('',#9000,#9001,#9002);
#9000 = CARTESIAN_POINT('',(-0.755,0.4,4.5E-02));
#9001 = DIRECTION('',(0.,1.,0.));
#9002 = DIRECTION('',(0.,-0.,1.));
#9003 = ADVANCED_FACE('',(#9004),#9015,.F.);
#9004 = FACE_BOUND('',#9005,.F.);
#9005 = EDGE_LOOP('',(#9006,#9007,#9008,#9014));
#9006 = ORIENTED_EDGE('',*,*,#8861,.F.);
#9007 = ORIENTED_EDGE('',*,*,#8910,.T.);
#9008 = ORIENTED_EDGE('',*,*,#9009,.T.);
#9009 = EDGE_CURVE('',#8903,#8986,#9010,.T.);
#9010 = LINE('',#9011,#9012);
#9011 = CARTESIAN_POINT('',(0.5,-0.4,4.5E-02));
#9012 = VECTOR('',#9013,1.);
#9013 = DIRECTION('',(0.,1.,0.));
#9014 = ORIENTED_EDGE('',*,*,#8993,.F.);
#9015 = PLANE('',#9016);
#9016 = AXIS2_PLACEMENT_3D('',#9017,#9018,#9019);
#9017 = CARTESIAN_POINT('',(-0.755,-0.4,4.5E-02));
#9018 = DIRECTION('',(0.,0.,1.));
#9019 = DIRECTION('',(1.,0.,-0.));
#9020 = ADVANCED_FACE('',(#9021),#9084,.F.);
#9021 = FACE_BOUND('',#9022,.F.);
#9022 = EDGE_LOOP('',(#9023,#9033,#9040,#9041,#9042,#9043,#9052,#9060,
    #9069,#9077));
#9023 = ORIENTED_EDGE('',*,*,#9024,.F.);
#9024 = EDGE_CURVE('',#9025,#9027,#9029,.T.);
#9025 = VERTEX_POINT('',#9026);
#9026 = CARTESIAN_POINT('',(0.545,-0.4,-2.775557561563E-17));
#9027 = VERTEX_POINT('',#9028);
#9028 = CARTESIAN_POINT('',(0.755,-0.4,-2.775557561563E-17));
#9029 = LINE('',#9030,#9031);
#9030 = CARTESIAN_POINT('',(0.5,-0.4,0.));
#9031 = VECTOR('',#9032,1.);
#9032 = DIRECTION('',(1.,0.,0.));
#9033 = ORIENTED_EDGE('',*,*,#9034,.F.);
#9034 = EDGE_CURVE('',#8903,#9025,#9035,.T.);
#9035 = CIRCLE('',#9036,4.5E-02);
#9036 = AXIS2_PLACEMENT_3D('',#9037,#9038,#9039);
#9037 = CARTESIAN_POINT('',(0.545,-0.4,4.5E-02));
#9038 = DIRECTION('',(0.,-1.,0.));
#9039 = DIRECTION('',(0.,0.,1.));
#9040 = ORIENTED_EDGE('',*,*,#8902,.T.);
#9041 = ORIENTED_EDGE('',*,*,#8894,.T.);
#9042 = ORIENTED_EDGE('',*,*,#8886,.F.);
#9043 = ORIENTED_EDGE('',*,*,#9044,.T.);
#9044 = EDGE_CURVE('',#8879,#9045,#9047,.T.);
#9045 = VERTEX_POINT('',#9046);
#9046 = CARTESIAN_POINT('',(0.545,-0.4,0.45));
#9047 = CIRCLE('',#9048,4.5E-02);
#9048 = AXIS2_PLACEMENT_3D('',#9049,#9050,#9051);
#9049 = CARTESIAN_POINT('',(0.545,-0.4,0.405));
#9050 = DIRECTION('',(0.,1.,0.));
#9051 = DIRECTION('',(0.,-0.,1.));
#9052 = ORIENTED_EDGE('',*,*,#9053,.T.);
#9053 = EDGE_CURVE('',#9045,#9054,#9056,.T.);
#9054 = VERTEX_POINT('',#9055);
#9055 = CARTESIAN_POINT('',(0.755,-0.4,0.45));
#9056 = LINE('',#9057,#9058);
#9057 = CARTESIAN_POINT('',(0.5,-0.4,0.45));
#9058 = VECTOR('',#9059,1.);
#9059 = DIRECTION('',(1.,0.,0.));
#9060 = ORIENTED_EDGE('',*,*,#9061,.F.);
#9061 = EDGE_CURVE('',#9062,#9054,#9064,.T.);
#9062 = VERTEX_POINT('',#9063);
#9063 = CARTESIAN_POINT('',(0.8,-0.4,0.405));
#9064 = CIRCLE('',#9065,4.5E-02);
#9065 = AXIS2_PLACEMENT_3D('',#9066,#9067,#9068);
#9066 = CARTESIAN_POINT('',(0.755,-0.4,0.405));
#9067 = DIRECTION('',(0.,-1.,0.));
#9068 = DIRECTION('',(0.,0.,1.));
#9069 = ORIENTED_EDGE('',*,*,#9070,.F.);
#9070 = EDGE_CURVE('',#9071,#9062,#9073,.T.);
#9071 = VERTEX_POINT('',#9072);
#9072 = CARTESIAN_POINT('',(0.8,-0.4,4.5E-02));
#9073 = LINE('',#9074,#9075);
#9074 = CARTESIAN_POINT('',(0.8,-0.4,0.));
#9075 = VECTOR('',#9076,1.);
#9076 = DIRECTION('',(0.,0.,1.));
#9077 = ORIENTED_EDGE('',*,*,#9078,.T.);
#9078 = EDGE_CURVE('',#9071,#9027,#9079,.T.);
#9079 = CIRCLE('',#9080,4.5E-02);
#9080 = AXIS2_PLACEMENT_3D('',#9081,#9082,#9083);
#9081 = CARTESIAN_POINT('',(0.755,-0.4,4.5E-02));
#9082 = DIRECTION('',(0.,1.,0.));
#9083 = DIRECTION('',(0.,-0.,1.));
#9084 = PLANE('',#9085);
#9085 = AXIS2_PLACEMENT_3D('',#9086,#9087,#9088);
#9086 = CARTESIAN_POINT('',(0.5,-0.4,0.));
#9087 = DIRECTION('',(0.,1.,0.));
#9088 = DIRECTION('',(0.,-0.,1.));
#9089 = ADVANCED_FACE('',(#9090),#9115,.F.);
#9090 = FACE_BOUND('',#9091,.F.);
#9091 = EDGE_LOOP('',(#9092,#9093,#9101,#9109));
#9092 = ORIENTED_EDGE('',*,*,#8878,.F.);
#9093 = ORIENTED_EDGE('',*,*,#9094,.T.);
#9094 = EDGE_CURVE('',#8677,#9095,#9097,.T.);
#9095 = VERTEX_POINT('',#9096);
#9096 = CARTESIAN_POINT('',(-0.5,-0.4,0.45));
#9097 = LINE('',#9098,#9099);
#9098 = CARTESIAN_POINT('',(-0.5,-0.4,0.405));
#9099 = VECTOR('',#9100,1.);
#9100 = DIRECTION('',(0.,0.,1.));
#9101 = ORIENTED_EDGE('',*,*,#9102,.T.);
#9102 = EDGE_CURVE('',#9095,#9103,#9105,.T.);
#9103 = VERTEX_POINT('',#9104);
#9104 = CARTESIAN_POINT('',(0.5,-0.4,0.45));
#9105 = LINE('',#9106,#9107);
#9106 = CARTESIAN_POINT('',(-0.5,-0.4,0.45));
#9107 = VECTOR('',#9108,1.);
#9108 = DIRECTION('',(1.,0.,0.));
#9109 = ORIENTED_EDGE('',*,*,#9110,.F.);
#9110 = EDGE_CURVE('',#8879,#9103,#9111,.T.);
#9111 = LINE('',#9112,#9113);
#9112 = CARTESIAN_POINT('',(0.5,-0.4,0.405));
#9113 = VECTOR('',#9114,1.);
#9114 = DIRECTION('',(0.,0.,1.));
#9115 = PLANE('',#9116);
#9116 = AXIS2_PLACEMENT_3D('',#9117,#9118,#9119);
#9117 = CARTESIAN_POINT('',(-0.5,-0.4,0.405));
#9118 = DIRECTION('',(0.,1.,0.));
#9119 = DIRECTION('',(0.,-0.,1.));
#9120 = ADVANCED_FACE('',(#9121),#9139,.F.);
#9121 = FACE_BOUND('',#9122,.F.);
#9122 = EDGE_LOOP('',(#9123,#9124,#9125,#9133));
#9123 = ORIENTED_EDGE('',*,*,#9094,.F.);
#9124 = ORIENTED_EDGE('',*,*,#8941,.T.);
#9125 = ORIENTED_EDGE('',*,*,#9126,.T.);
#9126 = EDGE_CURVE('',#8794,#9127,#9129,.T.);
#9127 = VERTEX_POINT('',#9128);
#9128 = CARTESIAN_POINT('',(-0.5,0.4,0.45));
#9129 = LINE('',#9130,#9131);
#9130 = CARTESIAN_POINT('',(-0.5,0.4,0.405));
#9131 = VECTOR('',#9132,1.);
#9132 = DIRECTION('',(0.,0.,1.));
#9133 = ORIENTED_EDGE('',*,*,#9134,.F.);
#9134 = EDGE_CURVE('',#9095,#9127,#9135,.T.);
#9135 = LINE('',#9136,#9137);
#9136 = CARTESIAN_POINT('',(-0.5,-0.4,0.45));
#9137 = VECTOR('',#9138,1.);
#9138 = DIRECTION('',(0.,1.,0.));
#9139 = PLANE('',#9140);
#9140 = AXIS2_PLACEMENT_3D('',#9141,#9142,#9143);
#9141 = CARTESIAN_POINT('',(-0.5,-0.4,0.405));
#9142 = DIRECTION('',(1.,0.,0.));
#9143 = DIRECTION('',(0.,0.,1.));
#9144 = ADVANCED_FACE('',(#9145),#9208,.T.);
#9145 = FACE_BOUND('',#9146,.T.);
#9146 = EDGE_LOOP('',(#9147,#9157,#9164,#9165,#9166,#9167,#9176,#9184,
    #9193,#9201));
#9147 = ORIENTED_EDGE('',*,*,#9148,.F.);
#9148 = EDGE_CURVE('',#9149,#9151,#9153,.T.);
#9149 = VERTEX_POINT('',#9150);
#9150 = CARTESIAN_POINT('',(0.545,0.4,-2.775557561563E-17));
#9151 = VERTEX_POINT('',#9152);
#9152 = CARTESIAN_POINT('',(0.755,0.4,-2.775557561563E-17));
#9153 = LINE('',#9154,#9155);
#9154 = CARTESIAN_POINT('',(0.5,0.4,0.));
#9155 = VECTOR('',#9156,1.);
#9156 = DIRECTION('',(1.,0.,0.));
#9157 = ORIENTED_EDGE('',*,*,#9158,.F.);
#9158 = EDGE_CURVE('',#8986,#9149,#9159,.T.);
#9159 = CIRCLE('',#9160,4.5E-02);
#9160 = AXIS2_PLACEMENT_3D('',#9161,#9162,#9163);
#9161 = CARTESIAN_POINT('',(0.545,0.4,4.5E-02));
#9162 = DIRECTION('',(0.,-1.,0.));
#9163 = DIRECTION('',(0.,0.,1.));
#9164 = ORIENTED_EDGE('',*,*,#8985,.T.);
#9165 = ORIENTED_EDGE('',*,*,#8977,.T.);
#9166 = ORIENTED_EDGE('',*,*,#8969,.F.);
#9167 = ORIENTED_EDGE('',*,*,#9168,.T.);
#9168 = EDGE_CURVE('',#8962,#9169,#9171,.T.);
#9169 = VERTEX_POINT('',#9170);
#9170 = CARTESIAN_POINT('',(0.545,0.4,0.45));
#9171 = CIRCLE('',#9172,4.5E-02);
#9172 = AXIS2_PLACEMENT_3D('',#9173,#9174,#9175);
#9173 = CARTESIAN_POINT('',(0.545,0.4,0.405));
#9174 = DIRECTION('',(0.,1.,0.));
#9175 = DIRECTION('',(0.,-0.,1.));
#9176 = ORIENTED_EDGE('',*,*,#9177,.T.);
#9177 = EDGE_CURVE('',#9169,#9178,#9180,.T.);
#9178 = VERTEX_POINT('',#9179);
#9179 = CARTESIAN_POINT('',(0.755,0.4,0.45));
#9180 = LINE('',#9181,#9182);
#9181 = CARTESIAN_POINT('',(0.5,0.4,0.45));
#9182 = VECTOR('',#9183,1.);
#9183 = DIRECTION('',(1.,0.,0.));
#9184 = ORIENTED_EDGE('',*,*,#9185,.F.);
#9185 = EDGE_CURVE('',#9186,#9178,#9188,.T.);
#9186 = VERTEX_POINT('',#9187);
#9187 = CARTESIAN_POINT('',(0.8,0.4,0.405));
#9188 = CIRCLE('',#9189,4.5E-02);
#9189 = AXIS2_PLACEMENT_3D('',#9190,#9191,#9192);
#9190 = CARTESIAN_POINT('',(0.755,0.4,0.405));
#9191 = DIRECTION('',(0.,-1.,0.));
#9192 = DIRECTION('',(0.,0.,1.));
#9193 = ORIENTED_EDGE('',*,*,#9194,.F.);
#9194 = EDGE_CURVE('',#9195,#9186,#9197,.T.);
#9195 = VERTEX_POINT('',#9196);
#9196 = CARTESIAN_POINT('',(0.8,0.4,4.5E-02));
#9197 = LINE('',#9198,#9199);
#9198 = CARTESIAN_POINT('',(0.8,0.4,0.));
#9199 = VECTOR('',#9200,1.);
#9200 = DIRECTION('',(0.,0.,1.));
#9201 = ORIENTED_EDGE('',*,*,#9202,.T.);
#9202 = EDGE_CURVE('',#9195,#9151,#9203,.T.);
#9203 = CIRCLE('',#9204,4.5E-02);
#9204 = AXIS2_PLACEMENT_3D('',#9205,#9206,#9207);
#9205 = CARTESIAN_POINT('',(0.755,0.4,4.5E-02));
#9206 = DIRECTION('',(0.,1.,0.));
#9207 = DIRECTION('',(0.,-0.,1.));
#9208 = PLANE('',#9209);
#9209 = AXIS2_PLACEMENT_3D('',#9210,#9211,#9212);
#9210 = CARTESIAN_POINT('',(0.5,0.4,0.));
#9211 = DIRECTION('',(0.,1.,0.));
#9212 = DIRECTION('',(0.,-0.,1.));
#9213 = ADVANCED_FACE('',(#9214),#9232,.T.);
#9214 = FACE_BOUND('',#9215,.T.);
#9215 = EDGE_LOOP('',(#9216,#9217,#9218,#9226));
#9216 = ORIENTED_EDGE('',*,*,#8961,.F.);
#9217 = ORIENTED_EDGE('',*,*,#9126,.T.);
#9218 = ORIENTED_EDGE('',*,*,#9219,.T.);
#9219 = EDGE_CURVE('',#9127,#9220,#9222,.T.);
#9220 = VERTEX_POINT('',#9221);
#9221 = CARTESIAN_POINT('',(0.5,0.4,0.45));
#9222 = LINE('',#9223,#9224);
#9223 = CARTESIAN_POINT('',(-0.5,0.4,0.45));
#9224 = VECTOR('',#9225,1.);
#9225 = DIRECTION('',(1.,0.,0.));
#9226 = ORIENTED_EDGE('',*,*,#9227,.F.);
#9227 = EDGE_CURVE('',#8962,#9220,#9228,.T.);
#9228 = LINE('',#9229,#9230);
#9229 = CARTESIAN_POINT('',(0.5,0.4,0.405));
#9230 = VECTOR('',#9231,1.);
#9231 = DIRECTION('',(0.,0.,1.));
#9232 = PLANE('',#9233);
#9233 = AXIS2_PLACEMENT_3D('',#9234,#9235,#9236);
#9234 = CARTESIAN_POINT('',(-0.5,0.4,0.405));
#9235 = DIRECTION('',(0.,1.,0.));
#9236 = DIRECTION('',(0.,-0.,1.));
#9237 = ADVANCED_FACE('',(#9238),#9249,.T.);
#9238 = FACE_BOUND('',#9239,.T.);
#9239 = EDGE_LOOP('',(#9240,#9241,#9242,#9248));
#9240 = ORIENTED_EDGE('',*,*,#9009,.T.);
#9241 = ORIENTED_EDGE('',*,*,#9158,.T.);
#9242 = ORIENTED_EDGE('',*,*,#9243,.F.);
#9243 = EDGE_CURVE('',#9025,#9149,#9244,.T.);
#9244 = LINE('',#9245,#9246);
#9245 = CARTESIAN_POINT('',(0.545,-0.4,-2.775557561563E-17));
#9246 = VECTOR('',#9247,1.);
#9247 = DIRECTION('',(0.,1.,0.));
#9248 = ORIENTED_EDGE('',*,*,#9034,.F.);
#9249 = CYLINDRICAL_SURFACE('',#9250,4.5E-02);
#9250 = AXIS2_PLACEMENT_3D('',#9251,#9252,#9253);
#9251 = CARTESIAN_POINT('',(0.545,-0.4,4.5E-02));
#9252 = DIRECTION('',(0.,1.,0.));
#9253 = DIRECTION('',(-1.,0.,0.));
#9254 = ADVANCED_FACE('',(#9255),#9266,.F.);
#9255 = FACE_BOUND('',#9256,.F.);
#9256 = EDGE_LOOP('',(#9257,#9258,#9259,#9260));
#9257 = ORIENTED_EDGE('',*,*,#9148,.F.);
#9258 = ORIENTED_EDGE('',*,*,#9243,.F.);
#9259 = ORIENTED_EDGE('',*,*,#9024,.T.);
#9260 = ORIENTED_EDGE('',*,*,#9261,.T.);
#9261 = EDGE_CURVE('',#9027,#9151,#9262,.T.);
#9262 = LINE('',#9263,#9264);
#9263 = CARTESIAN_POINT('',(0.755,-0.4,-2.775557561563E-17));
#9264 = VECTOR('',#9265,1.);
#9265 = DIRECTION('',(0.,1.,0.));
#9266 = PLANE('',#9267);
#9267 = AXIS2_PLACEMENT_3D('',#9268,#9269,#9270);
#9268 = CARTESIAN_POINT('',(0.5,-0.4,0.));
#9269 = DIRECTION('',(0.,0.,1.));
#9270 = DIRECTION('',(1.,0.,-0.));
#9271 = ADVANCED_FACE('',(#9272),#9283,.T.);
#9272 = FACE_BOUND('',#9273,.T.);
#9273 = EDGE_LOOP('',(#9274,#9275,#9276,#9277));
#9274 = ORIENTED_EDGE('',*,*,#9078,.T.);
#9275 = ORIENTED_EDGE('',*,*,#9261,.T.);
#9276 = ORIENTED_EDGE('',*,*,#9202,.F.);
#9277 = ORIENTED_EDGE('',*,*,#9278,.F.);
#9278 = EDGE_CURVE('',#9071,#9195,#9279,.T.);
#9279 = LINE('',#9280,#9281);
#9280 = CARTESIAN_POINT('',(0.8,-0.4,4.5E-02));
#9281 = VECTOR('',#9282,1.);
#9282 = DIRECTION('',(0.,1.,0.));
#9283 = CYLINDRICAL_SURFACE('',#9284,4.5E-02);
#9284 = AXIS2_PLACEMENT_3D('',#9285,#9286,#9287);
#9285 = CARTESIAN_POINT('',(0.755,-0.4,4.5E-02));
#9286 = DIRECTION('',(0.,1.,0.));
#9287 = DIRECTION('',(1.,0.,0.));
#9288 = ADVANCED_FACE('',(#9289),#9300,.T.);
#9289 = FACE_BOUND('',#9290,.T.);
#9290 = EDGE_LOOP('',(#9291,#9292,#9293,#9294));
#9291 = ORIENTED_EDGE('',*,*,#9070,.F.);
#9292 = ORIENTED_EDGE('',*,*,#9278,.T.);
#9293 = ORIENTED_EDGE('',*,*,#9194,.T.);
#9294 = ORIENTED_EDGE('',*,*,#9295,.F.);
#9295 = EDGE_CURVE('',#9062,#9186,#9296,.T.);
#9296 = LINE('',#9297,#9298);
#9297 = CARTESIAN_POINT('',(0.8,-0.4,0.405));
#9298 = VECTOR('',#9299,1.);
#9299 = DIRECTION('',(0.,1.,0.));
#9300 = PLANE('',#9301);
#9301 = AXIS2_PLACEMENT_3D('',#9302,#9303,#9304);
#9302 = CARTESIAN_POINT('',(0.8,-0.4,0.));
#9303 = DIRECTION('',(1.,0.,0.));
#9304 = DIRECTION('',(0.,0.,1.));
#9305 = ADVANCED_FACE('',(#9306),#9317,.T.);
#9306 = FACE_BOUND('',#9307,.T.);
#9307 = EDGE_LOOP('',(#9308,#9309,#9310,#9316));
#9308 = ORIENTED_EDGE('',*,*,#9295,.T.);
#9309 = ORIENTED_EDGE('',*,*,#9185,.T.);
#9310 = ORIENTED_EDGE('',*,*,#9311,.F.);
#9311 = EDGE_CURVE('',#9054,#9178,#9312,.T.);
#9312 = LINE('',#9313,#9314);
#9313 = CARTESIAN_POINT('',(0.755,-0.4,0.45));
#9314 = VECTOR('',#9315,1.);
#9315 = DIRECTION('',(0.,1.,0.));
#9316 = ORIENTED_EDGE('',*,*,#9061,.F.);
#9317 = CYLINDRICAL_SURFACE('',#9318,4.5E-02);
#9318 = AXIS2_PLACEMENT_3D('',#9319,#9320,#9321);
#9319 = CARTESIAN_POINT('',(0.755,-0.4,0.405));
#9320 = DIRECTION('',(0.,1.,0.));
#9321 = DIRECTION('',(1.,0.,0.));
#9322 = ADVANCED_FACE('',(#9323),#9334,.T.);
#9323 = FACE_BOUND('',#9324,.T.);
#9324 = EDGE_LOOP('',(#9325,#9326,#9332,#9333));
#9325 = ORIENTED_EDGE('',*,*,#9177,.F.);
#9326 = ORIENTED_EDGE('',*,*,#9327,.F.);
#9327 = EDGE_CURVE('',#9045,#9169,#9328,.T.);
#9328 = LINE('',#9329,#9330);
#9329 = CARTESIAN_POINT('',(0.545,-0.4,0.45));
#9330 = VECTOR('',#9331,1.);
#9331 = DIRECTION('',(0.,1.,0.));
#9332 = ORIENTED_EDGE('',*,*,#9053,.T.);
#9333 = ORIENTED_EDGE('',*,*,#9311,.T.);
#9334 = PLANE('',#9335);
#9335 = AXIS2_PLACEMENT_3D('',#9336,#9337,#9338);
#9336 = CARTESIAN_POINT('',(0.5,-0.4,0.45));
#9337 = DIRECTION('',(0.,0.,1.));
#9338 = DIRECTION('',(1.,0.,-0.));
#9339 = ADVANCED_FACE('',(#9340),#9351,.T.);
#9340 = FACE_BOUND('',#9341,.T.);
#9341 = EDGE_LOOP('',(#9342,#9343,#9344,#9345));
#9342 = ORIENTED_EDGE('',*,*,#9044,.T.);
#9343 = ORIENTED_EDGE('',*,*,#9327,.T.);
#9344 = ORIENTED_EDGE('',*,*,#9168,.F.);
#9345 = ORIENTED_EDGE('',*,*,#9346,.F.);
#9346 = EDGE_CURVE('',#8879,#8962,#9347,.T.);
#9347 = LINE('',#9348,#9349);
#9348 = CARTESIAN_POINT('',(0.5,-0.4,0.405));
#9349 = VECTOR('',#9350,1.);
#9350 = DIRECTION('',(0.,1.,0.));
#9351 = CYLINDRICAL_SURFACE('',#9352,4.5E-02);
#9352 = AXIS2_PLACEMENT_3D('',#9353,#9354,#9355);
#9353 = CARTESIAN_POINT('',(0.545,-0.4,0.405));
#9354 = DIRECTION('',(0.,1.,0.));
#9355 = DIRECTION('',(-1.,0.,0.));
#9356 = ADVANCED_FACE('',(#9357),#9368,.T.);
#9357 = FACE_BOUND('',#9358,.T.);
#9358 = EDGE_LOOP('',(#9359,#9360,#9361,#9362));
#9359 = ORIENTED_EDGE('',*,*,#9110,.F.);
#9360 = ORIENTED_EDGE('',*,*,#9346,.T.);
#9361 = ORIENTED_EDGE('',*,*,#9227,.T.);
#9362 = ORIENTED_EDGE('',*,*,#9363,.F.);
#9363 = EDGE_CURVE('',#9103,#9220,#9364,.T.);
#9364 = LINE('',#9365,#9366);
#9365 = CARTESIAN_POINT('',(0.5,-0.4,0.45));
#9366 = VECTOR('',#9367,1.);
#9367 = DIRECTION('',(0.,1.,0.));
#9368 = PLANE('',#9369);
#9369 = AXIS2_PLACEMENT_3D('',#9370,#9371,#9372);
#9370 = CARTESIAN_POINT('',(0.5,-0.4,0.405));
#9371 = DIRECTION('',(1.,0.,0.));
#9372 = DIRECTION('',(0.,0.,1.));
#9373 = ADVANCED_FACE('',(#9374),#9380,.T.);
#9374 = FACE_BOUND('',#9375,.T.);
#9375 = EDGE_LOOP('',(#9376,#9377,#9378,#9379));
#9376 = ORIENTED_EDGE('',*,*,#9134,.F.);
#9377 = ORIENTED_EDGE('',*,*,#9102,.T.);
#9378 = ORIENTED_EDGE('',*,*,#9363,.T.);
#9379 = ORIENTED_EDGE('',*,*,#9219,.F.);
#9380 = PLANE('',#9381);
#9381 = AXIS2_PLACEMENT_3D('',#9382,#9383,#9384);
#9382 = CARTESIAN_POINT('',(-0.5,-0.4,0.45));
#9383 = DIRECTION('',(0.,0.,1.));
#9384 = DIRECTION('',(1.,0.,-0.));
#9385 = ( GEOMETRIC_REPRESENTATION_CONTEXT(3) 
GLOBAL_UNCERTAINTY_ASSIGNED_CONTEXT((#9389)) 
GLOBAL_UNIT_ASSIGNED_CONTEXT((#9386,#9387,#9388)) REPRESENTATION_CONTEXT
('Context #1','3D Context with UNIT and UNCERTAINTY') );
#9386 = ( LENGTH_UNIT() NAMED_UNIT(*) SI_UNIT(.MILLI.,.METRE.) );
#9387 = ( NAMED_UNIT(*) PLANE_ANGLE_UNIT() SI_UNIT($,.RADIAN.) );
#9388 = ( NAMED_UNIT(*) SI_UNIT($,.STERADIAN.) SOLID_ANGLE_UNIT() );
#9389 = UNCERTAINTY_MEASURE_WITH_UNIT(LENGTH_MEASURE(1.E-07),#9386,
  'distance_accuracy_value','confusion accuracy');
#9390 = CONTEXT_DEPENDENT_SHAPE_REPRESENTATION(#9391,#9393);
#9391 = ( REPRESENTATION_RELATIONSHIP('','',#8594,#8571) 
REPRESENTATION_RELATIONSHIP_WITH_TRANSFORMATION(#9392) 
SHAPE_REPRESENTATION_RELATIONSHIP() );
#9392 = ITEM_DEFINED_TRANSFORMATION('','',#11,#8572);
#9393 = PRODUCT_DEFINITION_SHAPE('Placement','Placement of an item',
  #9394);
#9394 = NEXT_ASSEMBLY_USAGE_OCCURRENCE('11','=>[0:1:1:11]','',#8566,
  #8589,$);
#9395 = PRODUCT_RELATED_PRODUCT_CATEGORY('part',$,(#8591));
#9396 = SHAPE_DEFINITION_REPRESENTATION(#9397,#9403);
#9397 = PRODUCT_DEFINITION_SHAPE('','',#9398);
#9398 = PRODUCT_DEFINITION('design','',#9399,#9402);
#9399 = PRODUCT_DEFINITION_FORMATION('','',#9400);
#9400 = PRODUCT('C_0402_1005Metric','C_0402_1005Metric','',(#9401));
#9401 = PRODUCT_CONTEXT('',#2,'mechanical');
#9402 = PRODUCT_DEFINITION_CONTEXT('part definition',#2,'design');
#9403 = SHAPE_REPRESENTATION('',(#11,#9404),#9408);
#9404 = AXIS2_PLACEMENT_3D('',#9405,#9406,#9407);
#9405 = CARTESIAN_POINT('',(0.,0.,0.));
#9406 = DIRECTION('',(0.,0.,1.));
#9407 = DIRECTION('',(1.,0.,-0.));
#9408 = ( GEOMETRIC_REPRESENTATION_CONTEXT(3) 
GLOBAL_UNCERTAINTY_ASSIGNED_CONTEXT((#9412)) 
GLOBAL_UNIT_ASSIGNED_CONTEXT((#9409,#9410,#9411)) REPRESENTATION_CONTEXT
('Context #1','3D Context with UNIT and UNCERTAINTY') );
#9409 = ( LENGTH_UNIT() NAMED_UNIT(*) SI_UNIT(.MILLI.,.METRE.) );
#9410 = ( NAMED_UNIT(*) PLANE_ANGLE_UNIT() SI_UNIT($,.RADIAN.) );
#9411 = ( NAMED_UNIT(*) SI_UNIT($,.STERADIAN.) SOLID_ANGLE_UNIT() );
#9412 = UNCERTAINTY_MEASURE_WITH_UNIT(LENGTH_MEASURE(1.E-07),#9409,
  'distance_accuracy_value','confusion accuracy');
#9413 = CONTEXT_DEPENDENT_SHAPE_REPRESENTATION(#9414,#9416);
#9414 = ( REPRESENTATION_RELATIONSHIP('','',#9403,#10) 
REPRESENTATION_RELATIONSHIP_WITH_TRANSFORMATION(#9415) 
SHAPE_REPRESENTATION_RELATIONSHIP() );
#9415 = ITEM_DEFINED_TRANSFORMATION('','',#11,#43);
#9416 = PRODUCT_DEFINITION_SHAPE('Placement','Placement of an item',
  #9417);
#9417 = NEXT_ASSEMBLY_USAGE_OCCURRENCE('14','C3','',#5,#9398,$);
#9418 = PRODUCT_RELATED_PRODUCT_CATEGORY('part',$,(#9400));
#9419 = SHAPE_DEFINITION_REPRESENTATION(#9420,#9426);
#9420 = PRODUCT_DEFINITION_SHAPE('','',#9421);
#9421 = PRODUCT_DEFINITION('design','',#9422,#9425);
#9422 = PRODUCT_DEFINITION_FORMATION('','',#9423);
#9423 = PRODUCT('C_0402_1005Metric','C_0402_1005Metric','',(#9424));
#9424 = PRODUCT_CONTEXT('',#2,'mechanical');
#9425 = PRODUCT_DEFINITION_CONTEXT('part definition',#2,'design');
#9426 = ADVANCED_BREP_SHAPE_REPRESENTATION('',(#11,#9427),#10281);
#9427 = MANIFOLD_SOLID_BREP('',#9428);
#9428 = CLOSED_SHELL('',(#9429,#9505,#9536,#9561,#9586,#9610,#9634,#9659
    ,#9684,#9701,#9787,#9819,#9843,#9868,#9892,#9917,#9941,#9966,#9983,
    #10069,#10100,#10125,#10150,#10174,#10198,#10223,#10248,#10265));
#9429 = ADVANCED_FACE('',(#9430),#9500,.F.);
#9430 = FACE_BOUND('',#9431,.F.);
#9431 = EDGE_LOOP('',(#9432,#9442,#9451,#9459,#9468,#9476,#9485,#9493));
#9432 = ORIENTED_EDGE('',*,*,#9433,.F.);
#9433 = EDGE_CURVE('',#9434,#9436,#9438,.T.);
#9434 = VERTEX_POINT('',#9435);
#9435 = CARTESIAN_POINT('',(-0.5,-0.25,2.E-02));
#9436 = VERTEX_POINT('',#9437);
#9437 = CARTESIAN_POINT('',(-0.5,-0.25,0.48));
#9438 = LINE('',#9439,#9440);
#9439 = CARTESIAN_POINT('',(-0.5,-0.25,0.));
#9440 = VECTOR('',#9441,1.);
#9441 = DIRECTION('',(0.,0.,1.));
#9442 = ORIENTED_EDGE('',*,*,#9443,.T.);
#9443 = EDGE_CURVE('',#9434,#9444,#9446,.T.);
#9444 = VERTEX_POINT('',#9445);
#9445 = CARTESIAN_POINT('',(-0.5,-0.23,0.));
#9446 = CIRCLE('',#9447,2.E-02);
#9447 = AXIS2_PLACEMENT_3D('',#9448,#9449,#9450);
#9448 = CARTESIAN_POINT('',(-0.5,-0.23,2.E-02));
#9449 = DIRECTION('',(1.,0.,-0.));
#9450 = DIRECTION('',(0.,0.,1.));
#9451 = ORIENTED_EDGE('',*,*,#9452,.T.);
#9452 = EDGE_CURVE('',#9444,#9453,#9455,.T.);
#9453 = VERTEX_POINT('',#9454);
#9454 = CARTESIAN_POINT('',(-0.5,0.23,0.));
#9455 = LINE('',#9456,#9457);
#9456 = CARTESIAN_POINT('',(-0.5,-0.25,0.));
#9457 = VECTOR('',#9458,1.);
#9458 = DIRECTION('',(0.,1.,0.));
#9459 = ORIENTED_EDGE('',*,*,#9460,.F.);
#9460 = EDGE_CURVE('',#9461,#9453,#9463,.T.);
#9461 = VERTEX_POINT('',#9462);
#9462 = CARTESIAN_POINT('',(-0.5,0.25,2.E-02));
#9463 = CIRCLE('',#9464,2.E-02);
#9464 = AXIS2_PLACEMENT_3D('',#9465,#9466,#9467);
#9465 = CARTESIAN_POINT('',(-0.5,0.23,2.E-02));
#9466 = DIRECTION('',(-1.,0.,0.));
#9467 = DIRECTION('',(0.,0.,1.));
#9468 = ORIENTED_EDGE('',*,*,#9469,.T.);
#9469 = EDGE_CURVE('',#9461,#9470,#9472,.T.);
#9470 = VERTEX_POINT('',#9471);
#9471 = CARTESIAN_POINT('',(-0.5,0.25,0.48));
#9472 = LINE('',#9473,#9474);
#9473 = CARTESIAN_POINT('',(-0.5,0.25,0.));
#9474 = VECTOR('',#9475,1.);
#9475 = DIRECTION('',(0.,0.,1.));
#9476 = ORIENTED_EDGE('',*,*,#9477,.T.);
#9477 = EDGE_CURVE('',#9470,#9478,#9480,.T.);
#9478 = VERTEX_POINT('',#9479);
#9479 = CARTESIAN_POINT('',(-0.5,0.23,0.5));
#9480 = CIRCLE('',#9481,2.E-02);
#9481 = AXIS2_PLACEMENT_3D('',#9482,#9483,#9484);
#9482 = CARTESIAN_POINT('',(-0.5,0.23,0.48));
#9483 = DIRECTION('',(1.,0.,-0.));
#9484 = DIRECTION('',(0.,0.,1.));
#9485 = ORIENTED_EDGE('',*,*,#9486,.F.);
#9486 = EDGE_CURVE('',#9487,#9478,#9489,.T.);
#9487 = VERTEX_POINT('',#9488);
#9488 = CARTESIAN_POINT('',(-0.5,-0.23,0.5));
#9489 = LINE('',#9490,#9491);
#9490 = CARTESIAN_POINT('',(-0.5,-0.25,0.5));
#9491 = VECTOR('',#9492,1.);
#9492 = DIRECTION('',(0.,1.,0.));
#9493 = ORIENTED_EDGE('',*,*,#9494,.F.);
#9494 = EDGE_CURVE('',#9436,#9487,#9495,.T.);
#9495 = CIRCLE('',#9496,2.E-02);
#9496 = AXIS2_PLACEMENT_3D('',#9497,#9498,#9499);
#9497 = CARTESIAN_POINT('',(-0.5,-0.23,0.48));
#9498 = DIRECTION('',(-1.,0.,0.));
#9499 = DIRECTION('',(0.,0.,1.));
#9500 = PLANE('',#9501);
#9501 = AXIS2_PLACEMENT_3D('',#9502,#9503,#9504);
#9502 = CARTESIAN_POINT('',(-0.5,-0.25,0.));
#9503 = DIRECTION('',(1.,0.,0.));
#9504 = DIRECTION('',(0.,0.,1.));
#9505 = ADVANCED_FACE('',(#9506),#9531,.F.);
#9506 = FACE_BOUND('',#9507,.F.);
#9507 = EDGE_LOOP('',(#9508,#9518,#9524,#9525));
#9508 = ORIENTED_EDGE('',*,*,#9509,.F.);
#9509 = EDGE_CURVE('',#9510,#9512,#9514,.T.);
#9510 = VERTEX_POINT('',#9511);
#9511 = CARTESIAN_POINT('',(-0.3,-0.25,2.E-02));
#9512 = VERTEX_POINT('',#9513);
#9513 = CARTESIAN_POINT('',(-0.3,-0.25,0.48));
#9514 = LINE('',#9515,#9516);
#9515 = CARTESIAN_POINT('',(-0.3,-0.25,0.));
#9516 = VECTOR('',#9517,1.);
#9517 = DIRECTION('',(0.,0.,1.));
#9518 = ORIENTED_EDGE('',*,*,#9519,.F.);
#9519 = EDGE_CURVE('',#9434,#9510,#9520,.T.);
#9520 = LINE('',#9521,#9522);
#9521 = CARTESIAN_POINT('',(-0.5,-0.25,2.E-02));
#9522 = VECTOR('',#9523,1.);
#9523 = DIRECTION('',(1.,0.,0.));
#9524 = ORIENTED_EDGE('',*,*,#9433,.T.);
#9525 = ORIENTED_EDGE('',*,*,#9526,.T.);
#9526 = EDGE_CURVE('',#9436,#9512,#9527,.T.);
#9527 = LINE('',#9528,#9529);
#9528 = CARTESIAN_POINT('',(-0.5,-0.25,0.48));
#9529 = VECTOR('',#9530,1.);
#9530 = DIRECTION('',(1.,0.,0.));
#9531 = PLANE('',#9532);
#9532 = AXIS2_PLACEMENT_3D('',#9533,#9534,#9535);
#9533 = CARTESIAN_POINT('',(-0.5,-0.25,0.));
#9534 = DIRECTION('',(0.,1.,0.));
#9535 = DIRECTION('',(0.,-0.,1.));
#9536 = ADVANCED_FACE('',(#9537),#9556,.T.);
#9537 = FACE_BOUND('',#9538,.T.);
#9538 = EDGE_LOOP('',(#9539,#9540,#9548,#9555));
#9539 = ORIENTED_EDGE('',*,*,#9443,.T.);
#9540 = ORIENTED_EDGE('',*,*,#9541,.T.);
#9541 = EDGE_CURVE('',#9444,#9542,#9544,.T.);
#9542 = VERTEX_POINT('',#9543);
#9543 = CARTESIAN_POINT('',(-0.3,-0.23,0.));
#9544 = LINE('',#9545,#9546);
#9545 = CARTESIAN_POINT('',(-0.5,-0.23,0.));
#9546 = VECTOR('',#9547,1.);
#9547 = DIRECTION('',(1.,0.,0.));
#9548 = ORIENTED_EDGE('',*,*,#9549,.F.);
#9549 = EDGE_CURVE('',#9510,#9542,#9550,.T.);
#9550 = CIRCLE('',#9551,2.E-02);
#9551 = AXIS2_PLACEMENT_3D('',#9552,#9553,#9554);
#9552 = CARTESIAN_POINT('',(-0.3,-0.23,2.E-02));
#9553 = DIRECTION('',(1.,0.,-0.));
#9554 = DIRECTION('',(0.,0.,1.));
#9555 = ORIENTED_EDGE('',*,*,#9519,.F.);
#9556 = CYLINDRICAL_SURFACE('',#9557,2.E-02);
#9557 = AXIS2_PLACEMENT_3D('',#9558,#9559,#9560);
#9558 = CARTESIAN_POINT('',(-0.5,-0.23,2.E-02));
#9559 = DIRECTION('',(1.,0.,0.));
#9560 = DIRECTION('',(0.,-1.,0.));
#9561 = ADVANCED_FACE('',(#9562),#9581,.T.);
#9562 = FACE_BOUND('',#9563,.T.);
#9563 = EDGE_LOOP('',(#9564,#9565,#9574,#9580));
#9564 = ORIENTED_EDGE('',*,*,#9526,.T.);
#9565 = ORIENTED_EDGE('',*,*,#9566,.T.);
#9566 = EDGE_CURVE('',#9512,#9567,#9569,.T.);
#9567 = VERTEX_POINT('',#9568);
#9568 = CARTESIAN_POINT('',(-0.3,-0.23,0.5));
#9569 = CIRCLE('',#9570,2.E-02);
#9570 = AXIS2_PLACEMENT_3D('',#9571,#9572,#9573);
#9571 = CARTESIAN_POINT('',(-0.3,-0.23,0.48));
#9572 = DIRECTION('',(-1.,0.,0.));
#9573 = DIRECTION('',(0.,0.,1.));
#9574 = ORIENTED_EDGE('',*,*,#9575,.F.);
#9575 = EDGE_CURVE('',#9487,#9567,#9576,.T.);
#9576 = LINE('',#9577,#9578);
#9577 = CARTESIAN_POINT('',(-0.5,-0.23,0.5));
#9578 = VECTOR('',#9579,1.);
#9579 = DIRECTION('',(1.,0.,0.));
#9580 = ORIENTED_EDGE('',*,*,#9494,.F.);
#9581 = CYLINDRICAL_SURFACE('',#9582,2.E-02);
#9582 = AXIS2_PLACEMENT_3D('',#9583,#9584,#9585);
#9583 = CARTESIAN_POINT('',(-0.5,-0.23,0.48));
#9584 = DIRECTION('',(1.,0.,0.));
#9585 = DIRECTION('',(0.,-1.,0.));
#9586 = ADVANCED_FACE('',(#9587),#9605,.F.);
#9587 = FACE_BOUND('',#9588,.F.);
#9588 = EDGE_LOOP('',(#9589,#9590,#9591,#9599));
#9589 = ORIENTED_EDGE('',*,*,#9452,.F.);
#9590 = ORIENTED_EDGE('',*,*,#9541,.T.);
#9591 = ORIENTED_EDGE('',*,*,#9592,.T.);
#9592 = EDGE_CURVE('',#9542,#9593,#9595,.T.);
#9593 = VERTEX_POINT('',#9594);
#9594 = CARTESIAN_POINT('',(-0.3,0.23,0.));
#9595 = LINE('',#9596,#9597);
#9596 = CARTESIAN_POINT('',(-0.3,-0.25,0.));
#9597 = VECTOR('',#9598,1.);
#9598 = DIRECTION('',(0.,1.,0.));
#9599 = ORIENTED_EDGE('',*,*,#9600,.F.);
#9600 = EDGE_CURVE('',#9453,#9593,#9601,.T.);
#9601 = LINE('',#9602,#9603);
#9602 = CARTESIAN_POINT('',(-0.5,0.23,0.));
#9603 = VECTOR('',#9604,1.);
#9604 = DIRECTION('',(1.,0.,0.));
#9605 = PLANE('',#9606);
#9606 = AXIS2_PLACEMENT_3D('',#9607,#9608,#9609);
#9607 = CARTESIAN_POINT('',(-0.5,-0.25,0.));
#9608 = DIRECTION('',(0.,0.,1.));
#9609 = DIRECTION('',(1.,0.,-0.));
#9610 = ADVANCED_FACE('',(#9611),#9629,.T.);
#9611 = FACE_BOUND('',#9612,.T.);
#9612 = EDGE_LOOP('',(#9613,#9614,#9615,#9623));
#9613 = ORIENTED_EDGE('',*,*,#9486,.F.);
#9614 = ORIENTED_EDGE('',*,*,#9575,.T.);
#9615 = ORIENTED_EDGE('',*,*,#9616,.T.);
#9616 = EDGE_CURVE('',#9567,#9617,#9619,.T.);
#9617 = VERTEX_POINT('',#9618);
#9618 = CARTESIAN_POINT('',(-0.3,0.23,0.5));
#9619 = LINE('',#9620,#9621);
#9620 = CARTESIAN_POINT('',(-0.3,-0.25,0.5));
#9621 = VECTOR('',#9622,1.);
#9622 = DIRECTION('',(0.,1.,0.));
#9623 = ORIENTED_EDGE('',*,*,#9624,.F.);
#9624 = EDGE_CURVE('',#9478,#9617,#9625,.T.);
#9625 = LINE('',#9626,#9627);
#9626 = CARTESIAN_POINT('',(-0.5,0.23,0.5));
#9627 = VECTOR('',#9628,1.);
#9628 = DIRECTION('',(1.,0.,0.));
#9629 = PLANE('',#9630);
#9630 = AXIS2_PLACEMENT_3D('',#9631,#9632,#9633);
#9631 = CARTESIAN_POINT('',(-0.5,-0.25,0.5));
#9632 = DIRECTION('',(0.,0.,1.));
#9633 = DIRECTION('',(1.,0.,-0.));
#9634 = ADVANCED_FACE('',(#9635),#9654,.T.);
#9635 = FACE_BOUND('',#9636,.T.);
#9636 = EDGE_LOOP('',(#9637,#9645,#9652,#9653));
#9637 = ORIENTED_EDGE('',*,*,#9638,.T.);
#9638 = EDGE_CURVE('',#9461,#9639,#9641,.T.);
#9639 = VERTEX_POINT('',#9640);
#9640 = CARTESIAN_POINT('',(-0.3,0.25,2.E-02));
#9641 = LINE('',#9642,#9643);
#9642 = CARTESIAN_POINT('',(-0.5,0.25,2.E-02));
#9643 = VECTOR('',#9644,1.);
#9644 = DIRECTION('',(1.,0.,0.));
#9645 = ORIENTED_EDGE('',*,*,#9646,.T.);
#9646 = EDGE_CURVE('',#9639,#9593,#9647,.T.);
#9647 = CIRCLE('',#9648,2.E-02);
#9648 = AXIS2_PLACEMENT_3D('',#9649,#9650,#9651);
#9649 = CARTESIAN_POINT('',(-0.3,0.23,2.E-02));
#9650 = DIRECTION('',(-1.,0.,0.));
#9651 = DIRECTION('',(0.,0.,1.));
#9652 = ORIENTED_EDGE('',*,*,#9600,.F.);
#9653 = ORIENTED_EDGE('',*,*,#9460,.F.);
#9654 = CYLINDRICAL_SURFACE('',#9655,2.E-02);
#9655 = AXIS2_PLACEMENT_3D('',#9656,#9657,#9658);
#9656 = CARTESIAN_POINT('',(-0.5,0.23,2.E-02));
#9657 = DIRECTION('',(1.,0.,0.));
#9658 = DIRECTION('',(-0.,1.,0.));
#9659 = ADVANCED_FACE('',(#9660),#9679,.T.);
#9660 = FACE_BOUND('',#9661,.T.);
#9661 = EDGE_LOOP('',(#9662,#9663,#9664,#9673));
#9662 = ORIENTED_EDGE('',*,*,#9477,.T.);
#9663 = ORIENTED_EDGE('',*,*,#9624,.T.);
#9664 = ORIENTED_EDGE('',*,*,#9665,.F.);
#9665 = EDGE_CURVE('',#9666,#9617,#9668,.T.);
#9666 = VERTEX_POINT('',#9667);
#9667 = CARTESIAN_POINT('',(-0.3,0.25,0.48));
#9668 = CIRCLE('',#9669,2.E-02);
#9669 = AXIS2_PLACEMENT_3D('',#9670,#9671,#9672);
#9670 = CARTESIAN_POINT('',(-0.3,0.23,0.48));
#9671 = DIRECTION('',(1.,0.,-0.));
#9672 = DIRECTION('',(0.,0.,1.));
#9673 = ORIENTED_EDGE('',*,*,#9674,.F.);
#9674 = EDGE_CURVE('',#9470,#9666,#9675,.T.);
#9675 = LINE('',#9676,#9677);
#9676 = CARTESIAN_POINT('',(-0.5,0.25,0.48));
#9677 = VECTOR('',#9678,1.);
#9678 = DIRECTION('',(1.,0.,0.));
#9679 = CYLINDRICAL_SURFACE('',#9680,2.E-02);
#9680 = AXIS2_PLACEMENT_3D('',#9681,#9682,#9683);
#9681 = CARTESIAN_POINT('',(-0.5,0.23,0.48));
#9682 = DIRECTION('',(1.,0.,0.));
#9683 = DIRECTION('',(-0.,1.,0.));
#9684 = ADVANCED_FACE('',(#9685),#9696,.T.);
#9685 = FACE_BOUND('',#9686,.T.);
#9686 = EDGE_LOOP('',(#9687,#9693,#9694,#9695));
#9687 = ORIENTED_EDGE('',*,*,#9688,.F.);
#9688 = EDGE_CURVE('',#9639,#9666,#9689,.T.);
#9689 = LINE('',#9690,#9691);
#9690 = CARTESIAN_POINT('',(-0.3,0.25,0.));
#9691 = VECTOR('',#9692,1.);
#9692 = DIRECTION('',(0.,0.,1.));
#9693 = ORIENTED_EDGE('',*,*,#9638,.F.);
#9694 = ORIENTED_EDGE('',*,*,#9469,.T.);
#9695 = ORIENTED_EDGE('',*,*,#9674,.T.);
#9696 = PLANE('',#9697);
#9697 = AXIS2_PLACEMENT_3D('',#9698,#9699,#9700);
#9698 = CARTESIAN_POINT('',(-0.5,0.25,0.));
#9699 = DIRECTION('',(0.,1.,0.));
#9700 = DIRECTION('',(0.,-0.,1.));
#9701 = ADVANCED_FACE('',(#9702,#9712),#9782,.T.);
#9702 = FACE_BOUND('',#9703,.T.);
#9703 = EDGE_LOOP('',(#9704,#9705,#9706,#9707,#9708,#9709,#9710,#9711));
#9704 = ORIENTED_EDGE('',*,*,#9509,.F.);
#9705 = ORIENTED_EDGE('',*,*,#9549,.T.);
#9706 = ORIENTED_EDGE('',*,*,#9592,.T.);
#9707 = ORIENTED_EDGE('',*,*,#9646,.F.);
#9708 = ORIENTED_EDGE('',*,*,#9688,.T.);
#9709 = ORIENTED_EDGE('',*,*,#9665,.T.);
#9710 = ORIENTED_EDGE('',*,*,#9616,.F.);
#9711 = ORIENTED_EDGE('',*,*,#9566,.F.);
#9712 = FACE_BOUND('',#9713,.T.);
#9713 = EDGE_LOOP('',(#9714,#9725,#9733,#9742,#9750,#9759,#9767,#9776));
#9714 = ORIENTED_EDGE('',*,*,#9715,.F.);
#9715 = EDGE_CURVE('',#9716,#9718,#9720,.T.);
#9716 = VERTEX_POINT('',#9717);
#9717 = CARTESIAN_POINT('',(-0.3,-0.23,4.E-02));
#9718 = VERTEX_POINT('',#9719);
#9719 = CARTESIAN_POINT('',(-0.3,-0.21,2.E-02));
#9720 = CIRCLE('',#9721,2.E-02);
#9721 = AXIS2_PLACEMENT_3D('',#9722,#9723,#9724);
#9722 = CARTESIAN_POINT('',(-0.3,-0.21,4.E-02));
#9723 = DIRECTION('',(1.,0.,-0.));
#9724 = DIRECTION('',(0.,0.,1.));
#9725 = ORIENTED_EDGE('',*,*,#9726,.T.);
#9726 = EDGE_CURVE('',#9716,#9727,#9729,.T.);
#9727 = VERTEX_POINT('',#9728);
#9728 = CARTESIAN_POINT('',(-0.3,-0.23,0.46));
#9729 = LINE('',#9730,#9731);
#9730 = CARTESIAN_POINT('',(-0.3,-0.23,2.E-02));
#9731 = VECTOR('',#9732,1.);
#9732 = DIRECTION('',(0.,0.,1.));
#9733 = ORIENTED_EDGE('',*,*,#9734,.T.);
#9734 = EDGE_CURVE('',#9727,#9735,#9737,.T.);
#9735 = VERTEX_POINT('',#9736);
#9736 = CARTESIAN_POINT('',(-0.3,-0.21,0.48));
#9737 = CIRCLE('',#9738,2.E-02);
#9738 = AXIS2_PLACEMENT_3D('',#9739,#9740,#9741);
#9739 = CARTESIAN_POINT('',(-0.3,-0.21,0.46));
#9740 = DIRECTION('',(-1.,0.,0.));
#9741 = DIRECTION('',(0.,0.,1.));
#9742 = ORIENTED_EDGE('',*,*,#9743,.T.);
#9743 = EDGE_CURVE('',#9735,#9744,#9746,.T.);
#9744 = VERTEX_POINT('',#9745);
#9745 = CARTESIAN_POINT('',(-0.3,0.21,0.48));
#9746 = LINE('',#9747,#9748);
#9747 = CARTESIAN_POINT('',(-0.3,-0.23,0.48));
#9748 = VECTOR('',#9749,1.);
#9749 = DIRECTION('',(0.,1.,0.));
#9750 = ORIENTED_EDGE('',*,*,#9751,.F.);
#9751 = EDGE_CURVE('',#9752,#9744,#9754,.T.);
#9752 = VERTEX_POINT('',#9753);
#9753 = CARTESIAN_POINT('',(-0.3,0.23,0.46));
#9754 = CIRCLE('',#9755,2.E-02);
#9755 = AXIS2_PLACEMENT_3D('',#9756,#9757,#9758);
#9756 = CARTESIAN_POINT('',(-0.3,0.21,0.46));
#9757 = DIRECTION('',(1.,0.,-0.));
#9758 = DIRECTION('',(0.,0.,1.));
#9759 = ORIENTED_EDGE('',*,*,#9760,.F.);
#9760 = EDGE_CURVE('',#9761,#9752,#9763,.T.);
#9761 = VERTEX_POINT('',#9762);
#9762 = CARTESIAN_POINT('',(-0.3,0.23,4.E-02));
#9763 = LINE('',#9764,#9765);
#9764 = CARTESIAN_POINT('',(-0.3,0.23,2.E-02));
#9765 = VECTOR('',#9766,1.);
#9766 = DIRECTION('',(0.,0.,1.));
#9767 = ORIENTED_EDGE('',*,*,#9768,.T.);
#9768 = EDGE_CURVE('',#9761,#9769,#9771,.T.);
#9769 = VERTEX_POINT('',#9770);
#9770 = CARTESIAN_POINT('',(-0.3,0.21,2.E-02));
#9771 = CIRCLE('',#9772,2.E-02);
#9772 = AXIS2_PLACEMENT_3D('',#9773,#9774,#9775);
#9773 = CARTESIAN_POINT('',(-0.3,0.21,4.E-02));
#9774 = DIRECTION('',(-1.,0.,0.));
#9775 = DIRECTION('',(0.,0.,1.));
#9776 = ORIENTED_EDGE('',*,*,#9777,.F.);
#9777 = EDGE_CURVE('',#9718,#9769,#9778,.T.);
#9778 = LINE('',#9779,#9780);
#9779 = CARTESIAN_POINT('',(-0.3,-0.23,2.E-02));
#9780 = VECTOR('',#9781,1.);
#9781 = DIRECTION('',(0.,1.,0.));
#9782 = PLANE('',#9783);
#9783 = AXIS2_PLACEMENT_3D('',#9784,#9785,#9786);
#9784 = CARTESIAN_POINT('',(-0.3,-0.25,0.));
#9785 = DIRECTION('',(1.,0.,0.));
#9786 = DIRECTION('',(0.,0.,1.));
#9787 = ADVANCED_FACE('',(#9788),#9814,.T.);
#9788 = FACE_BOUND('',#9789,.T.);
#9789 = EDGE_LOOP('',(#9790,#9791,#9799,#9808));
#9790 = ORIENTED_EDGE('',*,*,#9715,.T.);
#9791 = ORIENTED_EDGE('',*,*,#9792,.T.);
#9792 = EDGE_CURVE('',#9718,#9793,#9795,.T.);
#9793 = VERTEX_POINT('',#9794);
#9794 = CARTESIAN_POINT('',(0.3,-0.21,2.E-02));
#9795 = LINE('',#9796,#9797);
#9796 = CARTESIAN_POINT('',(-0.3,-0.21,2.E-02));
#9797 = VECTOR('',#9798,1.);
#9798 = DIRECTION('',(1.,0.,0.));
#9799 = ORIENTED_EDGE('',*,*,#9800,.F.);
#9800 = EDGE_CURVE('',#9801,#9793,#9803,.T.);
#9801 = VERTEX_POINT('',#9802);
#9802 = CARTESIAN_POINT('',(0.3,-0.23,4.E-02));
#9803 = CIRCLE('',#9804,2.E-02);
#9804 = AXIS2_PLACEMENT_3D('',#9805,#9806,#9807);
#9805 = CARTESIAN_POINT('',(0.3,-0.21,4.E-02));
#9806 = DIRECTION('',(1.,0.,-0.));
#9807 = DIRECTION('',(0.,0.,1.));
#9808 = ORIENTED_EDGE('',*,*,#9809,.F.);
#9809 = EDGE_CURVE('',#9716,#9801,#9810,.T.);
#9810 = LINE('',#9811,#9812);
#9811 = CARTESIAN_POINT('',(-0.3,-0.23,4.E-02));
#9812 = VECTOR('',#9813,1.);
#9813 = DIRECTION('',(1.,0.,0.));
#9814 = CYLINDRICAL_SURFACE('',#9815,2.E-02);
#9815 = AXIS2_PLACEMENT_3D('',#9816,#9817,#9818);
#9816 = CARTESIAN_POINT('',(-0.3,-0.21,4.E-02));
#9817 = DIRECTION('',(1.,0.,0.));
#9818 = DIRECTION('',(0.,-1.,0.));
#9819 = ADVANCED_FACE('',(#9820),#9838,.F.);
#9820 = FACE_BOUND('',#9821,.F.);
#9821 = EDGE_LOOP('',(#9822,#9823,#9824,#9832));
#9822 = ORIENTED_EDGE('',*,*,#9777,.F.);
#9823 = ORIENTED_EDGE('',*,*,#9792,.T.);
#9824 = ORIENTED_EDGE('',*,*,#9825,.T.);
#9825 = EDGE_CURVE('',#9793,#9826,#9828,.T.);
#9826 = VERTEX_POINT('',#9827);
#9827 = CARTESIAN_POINT('',(0.3,0.21,2.E-02));
#9828 = LINE('',#9829,#9830);
#9829 = CARTESIAN_POINT('',(0.3,-0.23,2.E-02));
#9830 = VECTOR('',#9831,1.);
#9831 = DIRECTION('',(0.,1.,0.));
#9832 = ORIENTED_EDGE('',*,*,#9833,.F.);
#9833 = EDGE_CURVE('',#9769,#9826,#9834,.T.);
#9834 = LINE('',#9835,#9836);
#9835 = CARTESIAN_POINT('',(-0.3,0.21,2.E-02));
#9836 = VECTOR('',#9837,1.);
#9837 = DIRECTION('',(1.,0.,0.));
#9838 = PLANE('',#9839);
#9839 = AXIS2_PLACEMENT_3D('',#9840,#9841,#9842);
#9840 = CARTESIAN_POINT('',(-0.3,-0.23,2.E-02));
#9841 = DIRECTION('',(0.,0.,1.));
#9842 = DIRECTION('',(1.,0.,-0.));
#9843 = ADVANCED_FACE('',(#9844),#9863,.T.);
#9844 = FACE_BOUND('',#9845,.T.);
#9845 = EDGE_LOOP('',(#9846,#9854,#9861,#9862));
#9846 = ORIENTED_EDGE('',*,*,#9847,.T.);
#9847 = EDGE_CURVE('',#9761,#9848,#9850,.T.);
#9848 = VERTEX_POINT('',#9849);
#9849 = CARTESIAN_POINT('',(0.3,0.23,4.E-02));
#9850 = LINE('',#9851,#9852);
#9851 = CARTESIAN_POINT('',(-0.3,0.23,4.E-02));
#9852 = VECTOR('',#9853,1.);
#9853 = DIRECTION('',(1.,0.,0.));
#9854 = ORIENTED_EDGE('',*,*,#9855,.T.);
#9855 = EDGE_CURVE('',#9848,#9826,#9856,.T.);
#9856 = CIRCLE('',#9857,2.E-02);
#9857 = AXIS2_PLACEMENT_3D('',#9858,#9859,#9860);
#9858 = CARTESIAN_POINT('',(0.3,0.21,4.E-02));
#9859 = DIRECTION('',(-1.,0.,0.));
#9860 = DIRECTION('',(0.,0.,1.));
#9861 = ORIENTED_EDGE('',*,*,#9833,.F.);
#9862 = ORIENTED_EDGE('',*,*,#9768,.F.);
#9863 = CYLINDRICAL_SURFACE('',#9864,2.E-02);
#9864 = AXIS2_PLACEMENT_3D('',#9865,#9866,#9867);
#9865 = CARTESIAN_POINT('',(-0.3,0.21,4.E-02));
#9866 = DIRECTION('',(1.,0.,0.));
#9867 = DIRECTION('',(-0.,1.,0.));
#9868 = ADVANCED_FACE('',(#9869),#9887,.T.);
#9869 = FACE_BOUND('',#9870,.T.);
#9870 = EDGE_LOOP('',(#9871,#9879,#9880,#9881));
#9871 = ORIENTED_EDGE('',*,*,#9872,.F.);
#9872 = EDGE_CURVE('',#9848,#9873,#9875,.T.);
#9873 = VERTEX_POINT('',#9874);
#9874 = CARTESIAN_POINT('',(0.3,0.23,0.46));
#9875 = LINE('',#9876,#9877);
#9876 = CARTESIAN_POINT('',(0.3,0.23,2.E-02));
#9877 = VECTOR('',#9878,1.);
#9878 = DIRECTION('',(0.,0.,1.));
#9879 = ORIENTED_EDGE('',*,*,#9847,.F.);
#9880 = ORIENTED_EDGE('',*,*,#9760,.T.);
#9881 = ORIENTED_EDGE('',*,*,#9882,.T.);
#9882 = EDGE_CURVE('',#9752,#9873,#9883,.T.);
#9883 = LINE('',#9884,#9885);
#9884 = CARTESIAN_POINT('',(-0.3,0.23,0.46));
#9885 = VECTOR('',#9886,1.);
#9886 = DIRECTION('',(1.,0.,0.));
#9887 = PLANE('',#9888);
#9888 = AXIS2_PLACEMENT_3D('',#9889,#9890,#9891);
#9889 = CARTESIAN_POINT('',(-0.3,0.23,2.E-02));
#9890 = DIRECTION('',(0.,1.,0.));
#9891 = DIRECTION('',(0.,-0.,1.));
#9892 = ADVANCED_FACE('',(#9893),#9912,.T.);
#9893 = FACE_BOUND('',#9894,.T.);
#9894 = EDGE_LOOP('',(#9895,#9896,#9904,#9911));
#9895 = ORIENTED_EDGE('',*,*,#9751,.T.);
#9896 = ORIENTED_EDGE('',*,*,#9897,.T.);
#9897 = EDGE_CURVE('',#9744,#9898,#9900,.T.);
#9898 = VERTEX_POINT('',#9899);
#9899 = CARTESIAN_POINT('',(0.3,0.21,0.48));
#9900 = LINE('',#9901,#9902);
#9901 = CARTESIAN_POINT('',(-0.3,0.21,0.48));
#9902 = VECTOR('',#9903,1.);
#9903 = DIRECTION('',(1.,0.,0.));
#9904 = ORIENTED_EDGE('',*,*,#9905,.F.);
#9905 = EDGE_CURVE('',#9873,#9898,#9906,.T.);
#9906 = CIRCLE('',#9907,2.E-02);
#9907 = AXIS2_PLACEMENT_3D('',#9908,#9909,#9910);
#9908 = CARTESIAN_POINT('',(0.3,0.21,0.46));
#9909 = DIRECTION('',(1.,0.,-0.));
#9910 = DIRECTION('',(0.,0.,1.));
#9911 = ORIENTED_EDGE('',*,*,#9882,.F.);
#9912 = CYLINDRICAL_SURFACE('',#9913,2.E-02);
#9913 = AXIS2_PLACEMENT_3D('',#9914,#9915,#9916);
#9914 = CARTESIAN_POINT('',(-0.3,0.21,0.46));
#9915 = DIRECTION('',(1.,0.,0.));
#9916 = DIRECTION('',(-0.,1.,0.));
#9917 = ADVANCED_FACE('',(#9918),#9936,.T.);
#9918 = FACE_BOUND('',#9919,.T.);
#9919 = EDGE_LOOP('',(#9920,#9921,#9929,#9935));
#9920 = ORIENTED_EDGE('',*,*,#9743,.F.);
#9921 = ORIENTED_EDGE('',*,*,#9922,.T.);
#9922 = EDGE_CURVE('',#9735,#9923,#9925,.T.);
#9923 = VERTEX_POINT('',#9924);
#9924 = CARTESIAN_POINT('',(0.3,-0.21,0.48));
#9925 = LINE('',#9926,#9927);
#9926 = CARTESIAN_POINT('',(-0.3,-0.21,0.48));
#9927 = VECTOR('',#9928,1.);
#9928 = DIRECTION('',(1.,0.,0.));
#9929 = ORIENTED_EDGE('',*,*,#9930,.T.);
#9930 = EDGE_CURVE('',#9923,#9898,#9931,.T.);
#9931 = LINE('',#9932,#9933);
#9932 = CARTESIAN_POINT('',(0.3,-0.23,0.48));
#9933 = VECTOR('',#9934,1.);
#9934 = DIRECTION('',(0.,1.,0.));
#9935 = ORIENTED_EDGE('',*,*,#9897,.F.);
#9936 = PLANE('',#9937);
#9937 = AXIS2_PLACEMENT_3D('',#9938,#9939,#9940);
#9938 = CARTESIAN_POINT('',(-0.3,-0.23,0.48));
#9939 = DIRECTION('',(0.,0.,1.));
#9940 = DIRECTION('',(1.,0.,-0.));
#9941 = ADVANCED_FACE('',(#9942),#9961,.T.);
#9942 = FACE_BOUND('',#9943,.T.);
#9943 = EDGE_LOOP('',(#9944,#9952,#9959,#9960));
#9944 = ORIENTED_EDGE('',*,*,#9945,.T.);
#9945 = EDGE_CURVE('',#9727,#9946,#9948,.T.);
#9946 = VERTEX_POINT('',#9947);
#9947 = CARTESIAN_POINT('',(0.3,-0.23,0.46));
#9948 = LINE('',#9949,#9950);
#9949 = CARTESIAN_POINT('',(-0.3,-0.23,0.46));
#9950 = VECTOR('',#9951,1.);
#9951 = DIRECTION('',(1.,0.,0.));
#9952 = ORIENTED_EDGE('',*,*,#9953,.T.);
#9953 = EDGE_CURVE('',#9946,#9923,#9954,.T.);
#9954 = CIRCLE('',#9955,2.E-02);
#9955 = AXIS2_PLACEMENT_3D('',#9956,#9957,#9958);
#9956 = CARTESIAN_POINT('',(0.3,-0.21,0.46));
#9957 = DIRECTION('',(-1.,0.,0.));
#9958 = DIRECTION('',(0.,0.,1.));
#9959 = ORIENTED_EDGE('',*,*,#9922,.F.);
#9960 = ORIENTED_EDGE('',*,*,#9734,.F.);
#9961 = CYLINDRICAL_SURFACE('',#9962,2.E-02);
#9962 = AXIS2_PLACEMENT_3D('',#9963,#9964,#9965);
#9963 = CARTESIAN_POINT('',(-0.3,-0.21,0.46));
#9964 = DIRECTION('',(1.,0.,0.));
#9965 = DIRECTION('',(0.,-1.,0.));
#9966 = ADVANCED_FACE('',(#9967),#9978,.F.);
#9967 = FACE_BOUND('',#9968,.F.);
#9968 = EDGE_LOOP('',(#9969,#9975,#9976,#9977));
#9969 = ORIENTED_EDGE('',*,*,#9970,.F.);
#9970 = EDGE_CURVE('',#9801,#9946,#9971,.T.);
#9971 = LINE('',#9972,#9973);
#9972 = CARTESIAN_POINT('',(0.3,-0.23,2.E-02));
#9973 = VECTOR('',#9974,1.);
#9974 = DIRECTION('',(0.,0.,1.));
#9975 = ORIENTED_EDGE('',*,*,#9809,.F.);
#9976 = ORIENTED_EDGE('',*,*,#9726,.T.);
#9977 = ORIENTED_EDGE('',*,*,#9945,.T.);
#9978 = PLANE('',#9979);
#9979 = AXIS2_PLACEMENT_3D('',#9980,#9981,#9982);
#9980 = CARTESIAN_POINT('',(-0.3,-0.23,2.E-02));
#9981 = DIRECTION('',(0.,1.,0.));
#9982 = DIRECTION('',(0.,-0.,1.));
#9983 = ADVANCED_FACE('',(#9984,#10054),#10064,.F.);
#9984 = FACE_BOUND('',#9985,.F.);
#9985 = EDGE_LOOP('',(#9986,#9996,#10005,#10013,#10022,#10030,#10039,
    #10047));
#9986 = ORIENTED_EDGE('',*,*,#9987,.F.);
#9987 = EDGE_CURVE('',#9988,#9990,#9992,.T.);
#9988 = VERTEX_POINT('',#9989);
#9989 = CARTESIAN_POINT('',(0.3,-0.25,2.E-02));
#9990 = VERTEX_POINT('',#9991);
#9991 = CARTESIAN_POINT('',(0.3,-0.25,0.48));
#9992 = LINE('',#9993,#9994);
#9993 = CARTESIAN_POINT('',(0.3,-0.25,0.));
#9994 = VECTOR('',#9995,1.);
#9995 = DIRECTION('',(0.,0.,1.));
#9996 = ORIENTED_EDGE('',*,*,#9997,.T.);
#9997 = EDGE_CURVE('',#9988,#9998,#10000,.T.);
#9998 = VERTEX_POINT('',#9999);
#9999 = CARTESIAN_POINT('',(0.3,-0.23,0.));
#10000 = CIRCLE('',#10001,2.E-02);
#10001 = AXIS2_PLACEMENT_3D('',#10002,#10003,#10004);
#10002 = CARTESIAN_POINT('',(0.3,-0.23,2.E-02));
#10003 = DIRECTION('',(1.,0.,-0.));
#10004 = DIRECTION('',(0.,0.,1.));
#10005 = ORIENTED_EDGE('',*,*,#10006,.T.);
#10006 = EDGE_CURVE('',#9998,#10007,#10009,.T.);
#10007 = VERTEX_POINT('',#10008);
#10008 = CARTESIAN_POINT('',(0.3,0.23,0.));
#10009 = LINE('',#10010,#10011);
#10010 = CARTESIAN_POINT('',(0.3,-0.25,0.));
#10011 = VECTOR('',#10012,1.);
#10012 = DIRECTION('',(0.,1.,0.));
#10013 = ORIENTED_EDGE('',*,*,#10014,.F.);
#10014 = EDGE_CURVE('',#10015,#10007,#10017,.T.);
#10015 = VERTEX_POINT('',#10016);
#10016 = CARTESIAN_POINT('',(0.3,0.25,2.E-02));
#10017 = CIRCLE('',#10018,2.E-02);
#10018 = AXIS2_PLACEMENT_3D('',#10019,#10020,#10021);
#10019 = CARTESIAN_POINT('',(0.3,0.23,2.E-02));
#10020 = DIRECTION('',(-1.,0.,0.));
#10021 = DIRECTION('',(0.,0.,1.));
#10022 = ORIENTED_EDGE('',*,*,#10023,.T.);
#10023 = EDGE_CURVE('',#10015,#10024,#10026,.T.);
#10024 = VERTEX_POINT('',#10025);
#10025 = CARTESIAN_POINT('',(0.3,0.25,0.48));
#10026 = LINE('',#10027,#10028);
#10027 = CARTESIAN_POINT('',(0.3,0.25,0.));
#10028 = VECTOR('',#10029,1.);
#10029 = DIRECTION('',(0.,0.,1.));
#10030 = ORIENTED_EDGE('',*,*,#10031,.T.);
#10031 = EDGE_CURVE('',#10024,#10032,#10034,.T.);
#10032 = VERTEX_POINT('',#10033);
#10033 = CARTESIAN_POINT('',(0.3,0.23,0.5));
#10034 = CIRCLE('',#10035,2.E-02);
#10035 = AXIS2_PLACEMENT_3D('',#10036,#10037,#10038);
#10036 = CARTESIAN_POINT('',(0.3,0.23,0.48));
#10037 = DIRECTION('',(1.,0.,-0.));
#10038 = DIRECTION('',(0.,0.,1.));
#10039 = ORIENTED_EDGE('',*,*,#10040,.F.);
#10040 = EDGE_CURVE('',#10041,#10032,#10043,.T.);
#10041 = VERTEX_POINT('',#10042);
#10042 = CARTESIAN_POINT('',(0.3,-0.23,0.5));
#10043 = LINE('',#10044,#10045);
#10044 = CARTESIAN_POINT('',(0.3,-0.25,0.5));
#10045 = VECTOR('',#10046,1.);
#10046 = DIRECTION('',(0.,1.,0.));
#10047 = ORIENTED_EDGE('',*,*,#10048,.F.);
#10048 = EDGE_CURVE('',#9990,#10041,#10049,.T.);
#10049 = CIRCLE('',#10050,2.E-02);
#10050 = AXIS2_PLACEMENT_3D('',#10051,#10052,#10053);
#10051 = CARTESIAN_POINT('',(0.3,-0.23,0.48));
#10052 = DIRECTION('',(-1.,0.,0.));
#10053 = DIRECTION('',(0.,0.,1.));
#10054 = FACE_BOUND('',#10055,.F.);
#10055 = EDGE_LOOP('',(#10056,#10057,#10058,#10059,#10060,#10061,#10062,
    #10063));
#10056 = ORIENTED_EDGE('',*,*,#9800,.F.);
#10057 = ORIENTED_EDGE('',*,*,#9970,.T.);
#10058 = ORIENTED_EDGE('',*,*,#9953,.T.);
#10059 = ORIENTED_EDGE('',*,*,#9930,.T.);
#10060 = ORIENTED_EDGE('',*,*,#9905,.F.);
#10061 = ORIENTED_EDGE('',*,*,#9872,.F.);
#10062 = ORIENTED_EDGE('',*,*,#9855,.T.);
#10063 = ORIENTED_EDGE('',*,*,#9825,.F.);
#10064 = PLANE('',#10065);
#10065 = AXIS2_PLACEMENT_3D('',#10066,#10067,#10068);
#10066 = CARTESIAN_POINT('',(0.3,-0.25,0.));
#10067 = DIRECTION('',(1.,0.,0.));
#10068 = DIRECTION('',(0.,0.,1.));
#10069 = ADVANCED_FACE('',(#10070),#10095,.F.);
#10070 = FACE_BOUND('',#10071,.F.);
#10071 = EDGE_LOOP('',(#10072,#10082,#10088,#10089));
#10072 = ORIENTED_EDGE('',*,*,#10073,.F.);
#10073 = EDGE_CURVE('',#10074,#10076,#10078,.T.);
#10074 = VERTEX_POINT('',#10075);
#10075 = CARTESIAN_POINT('',(0.5,-0.25,2.E-02));
#10076 = VERTEX_POINT('',#10077);
#10077 = CARTESIAN_POINT('',(0.5,-0.25,0.48));
#10078 = LINE('',#10079,#10080);
#10079 = CARTESIAN_POINT('',(0.5,-0.25,0.));
#10080 = VECTOR('',#10081,1.);
#10081 = DIRECTION('',(0.,0.,1.));
#10082 = ORIENTED_EDGE('',*,*,#10083,.F.);
#10083 = EDGE_CURVE('',#9988,#10074,#10084,.T.);
#10084 = LINE('',#10085,#10086);
#10085 = CARTESIAN_POINT('',(0.3,-0.25,2.E-02));
#10086 = VECTOR('',#10087,1.);
#10087 = DIRECTION('',(1.,0.,0.));
#10088 = ORIENTED_EDGE('',*,*,#9987,.T.);
#10089 = ORIENTED_EDGE('',*,*,#10090,.T.);
#10090 = EDGE_CURVE('',#9990,#10076,#10091,.T.);
#10091 = LINE('',#10092,#10093);
#10092 = CARTESIAN_POINT('',(0.3,-0.25,0.48));
#10093 = VECTOR('',#10094,1.);
#10094 = DIRECTION('',(1.,0.,0.));
#10095 = PLANE('',#10096);
#10096 = AXIS2_PLACEMENT_3D('',#10097,#10098,#10099);
#10097 = CARTESIAN_POINT('',(0.3,-0.25,0.));
#10098 = DIRECTION('',(0.,1.,0.));
#10099 = DIRECTION('',(0.,-0.,1.));
#10100 = ADVANCED_FACE('',(#10101),#10120,.T.);
#10101 = FACE_BOUND('',#10102,.T.);
#10102 = EDGE_LOOP('',(#10103,#10104,#10112,#10119));
#10103 = ORIENTED_EDGE('',*,*,#9997,.T.);
#10104 = ORIENTED_EDGE('',*,*,#10105,.T.);
#10105 = EDGE_CURVE('',#9998,#10106,#10108,.T.);
#10106 = VERTEX_POINT('',#10107);
#10107 = CARTESIAN_POINT('',(0.5,-0.23,0.));
#10108 = LINE('',#10109,#10110);
#10109 = CARTESIAN_POINT('',(0.3,-0.23,0.));
#10110 = VECTOR('',#10111,1.);
#10111 = DIRECTION('',(1.,0.,0.));
#10112 = ORIENTED_EDGE('',*,*,#10113,.F.);
#10113 = EDGE_CURVE('',#10074,#10106,#10114,.T.);
#10114 = CIRCLE('',#10115,2.E-02);
#10115 = AXIS2_PLACEMENT_3D('',#10116,#10117,#10118);
#10116 = CARTESIAN_POINT('',(0.5,-0.23,2.E-02));
#10117 = DIRECTION('',(1.,0.,-0.));
#10118 = DIRECTION('',(0.,0.,1.));
#10119 = ORIENTED_EDGE('',*,*,#10083,.F.);
#10120 = CYLINDRICAL_SURFACE('',#10121,2.E-02);
#10121 = AXIS2_PLACEMENT_3D('',#10122,#10123,#10124);
#10122 = CARTESIAN_POINT('',(0.3,-0.23,2.E-02));
#10123 = DIRECTION('',(1.,0.,0.));
#10124 = DIRECTION('',(0.,-1.,0.));
#10125 = ADVANCED_FACE('',(#10126),#10145,.T.);
#10126 = FACE_BOUND('',#10127,.T.);
#10127 = EDGE_LOOP('',(#10128,#10129,#10138,#10144));
#10128 = ORIENTED_EDGE('',*,*,#10090,.T.);
#10129 = ORIENTED_EDGE('',*,*,#10130,.T.);
#10130 = EDGE_CURVE('',#10076,#10131,#10133,.T.);
#10131 = VERTEX_POINT('',#10132);
#10132 = CARTESIAN_POINT('',(0.5,-0.23,0.5));
#10133 = CIRCLE('',#10134,2.E-02);
#10134 = AXIS2_PLACEMENT_3D('',#10135,#10136,#10137);
#10135 = CARTESIAN_POINT('',(0.5,-0.23,0.48));
#10136 = DIRECTION('',(-1.,0.,0.));
#10137 = DIRECTION('',(0.,0.,1.));
#10138 = ORIENTED_EDGE('',*,*,#10139,.F.);
#10139 = EDGE_CURVE('',#10041,#10131,#10140,.T.);
#10140 = LINE('',#10141,#10142);
#10141 = CARTESIAN_POINT('',(0.3,-0.23,0.5));
#10142 = VECTOR('',#10143,1.);
#10143 = DIRECTION('',(1.,0.,0.));
#10144 = ORIENTED_EDGE('',*,*,#10048,.F.);
#10145 = CYLINDRICAL_SURFACE('',#10146,2.E-02);
#10146 = AXIS2_PLACEMENT_3D('',#10147,#10148,#10149);
#10147 = CARTESIAN_POINT('',(0.3,-0.23,0.48));
#10148 = DIRECTION('',(1.,0.,0.));
#10149 = DIRECTION('',(0.,-1.,0.));
#10150 = ADVANCED_FACE('',(#10151),#10169,.F.);
#10151 = FACE_BOUND('',#10152,.F.);
#10152 = EDGE_LOOP('',(#10153,#10154,#10155,#10163));
#10153 = ORIENTED_EDGE('',*,*,#10006,.F.);
#10154 = ORIENTED_EDGE('',*,*,#10105,.T.);
#10155 = ORIENTED_EDGE('',*,*,#10156,.T.);
#10156 = EDGE_CURVE('',#10106,#10157,#10159,.T.);
#10157 = VERTEX_POINT('',#10158);
#10158 = CARTESIAN_POINT('',(0.5,0.23,0.));
#10159 = LINE('',#10160,#10161);
#10160 = CARTESIAN_POINT('',(0.5,-0.25,0.));
#10161 = VECTOR('',#10162,1.);
#10162 = DIRECTION('',(0.,1.,0.));
#10163 = ORIENTED_EDGE('',*,*,#10164,.F.);
#10164 = EDGE_CURVE('',#10007,#10157,#10165,.T.);
#10165 = LINE('',#10166,#10167);
#10166 = CARTESIAN_POINT('',(0.3,0.23,0.));
#10167 = VECTOR('',#10168,1.);
#10168 = DIRECTION('',(1.,0.,0.));
#10169 = PLANE('',#10170);
#10170 = AXIS2_PLACEMENT_3D('',#10171,#10172,#10173);
#10171 = CARTESIAN_POINT('',(0.3,-0.25,0.));
#10172 = DIRECTION('',(0.,0.,1.));
#10173 = DIRECTION('',(1.,0.,-0.));
#10174 = ADVANCED_FACE('',(#10175),#10193,.T.);
#10175 = FACE_BOUND('',#10176,.T.);
#10176 = EDGE_LOOP('',(#10177,#10178,#10179,#10187));
#10177 = ORIENTED_EDGE('',*,*,#10040,.F.);
#10178 = ORIENTED_EDGE('',*,*,#10139,.T.);
#10179 = ORIENTED_EDGE('',*,*,#10180,.T.);
#10180 = EDGE_CURVE('',#10131,#10181,#10183,.T.);
#10181 = VERTEX_POINT('',#10182);
#10182 = CARTESIAN_POINT('',(0.5,0.23,0.5));
#10183 = LINE('',#10184,#10185);
#10184 = CARTESIAN_POINT('',(0.5,-0.25,0.5));
#10185 = VECTOR('',#10186,1.);
#10186 = DIRECTION('',(0.,1.,0.));
#10187 = ORIENTED_EDGE('',*,*,#10188,.F.);
#10188 = EDGE_CURVE('',#10032,#10181,#10189,.T.);
#10189 = LINE('',#10190,#10191);
#10190 = CARTESIAN_POINT('',(0.3,0.23,0.5));
#10191 = VECTOR('',#10192,1.);
#10192 = DIRECTION('',(1.,0.,0.));
#10193 = PLANE('',#10194);
#10194 = AXIS2_PLACEMENT_3D('',#10195,#10196,#10197);
#10195 = CARTESIAN_POINT('',(0.3,-0.25,0.5));
#10196 = DIRECTION('',(0.,0.,1.));
#10197 = DIRECTION('',(1.,0.,-0.));
#10198 = ADVANCED_FACE('',(#10199),#10218,.T.);
#10199 = FACE_BOUND('',#10200,.T.);
#10200 = EDGE_LOOP('',(#10201,#10209,#10216,#10217));
#10201 = ORIENTED_EDGE('',*,*,#10202,.T.);
#10202 = EDGE_CURVE('',#10015,#10203,#10205,.T.);
#10203 = VERTEX_POINT('',#10204);
#10204 = CARTESIAN_POINT('',(0.5,0.25,2.E-02));
#10205 = LINE('',#10206,#10207);
#10206 = CARTESIAN_POINT('',(0.3,0.25,2.E-02));
#10207 = VECTOR('',#10208,1.);
#10208 = DIRECTION('',(1.,0.,0.));
#10209 = ORIENTED_EDGE('',*,*,#10210,.T.);
#10210 = EDGE_CURVE('',#10203,#10157,#10211,.T.);
#10211 = CIRCLE('',#10212,2.E-02);
#10212 = AXIS2_PLACEMENT_3D('',#10213,#10214,#10215);
#10213 = CARTESIAN_POINT('',(0.5,0.23,2.E-02));
#10214 = DIRECTION('',(-1.,0.,0.));
#10215 = DIRECTION('',(0.,0.,1.));
#10216 = ORIENTED_EDGE('',*,*,#10164,.F.);
#10217 = ORIENTED_EDGE('',*,*,#10014,.F.);
#10218 = CYLINDRICAL_SURFACE('',#10219,2.E-02);
#10219 = AXIS2_PLACEMENT_3D('',#10220,#10221,#10222);
#10220 = CARTESIAN_POINT('',(0.3,0.23,2.E-02));
#10221 = DIRECTION('',(1.,0.,0.));
#10222 = DIRECTION('',(-0.,1.,0.));
#10223 = ADVANCED_FACE('',(#10224),#10243,.T.);
#10224 = FACE_BOUND('',#10225,.T.);
#10225 = EDGE_LOOP('',(#10226,#10227,#10228,#10237));
#10226 = ORIENTED_EDGE('',*,*,#10031,.T.);
#10227 = ORIENTED_EDGE('',*,*,#10188,.T.);
#10228 = ORIENTED_EDGE('',*,*,#10229,.F.);
#10229 = EDGE_CURVE('',#10230,#10181,#10232,.T.);
#10230 = VERTEX_POINT('',#10231);
#10231 = CARTESIAN_POINT('',(0.5,0.25,0.48));
#10232 = CIRCLE('',#10233,2.E-02);
#10233 = AXIS2_PLACEMENT_3D('',#10234,#10235,#10236);
#10234 = CARTESIAN_POINT('',(0.5,0.23,0.48));
#10235 = DIRECTION('',(1.,0.,-0.));
#10236 = DIRECTION('',(0.,0.,1.));
#10237 = ORIENTED_EDGE('',*,*,#10238,.F.);
#10238 = EDGE_CURVE('',#10024,#10230,#10239,.T.);
#10239 = LINE('',#10240,#10241);
#10240 = CARTESIAN_POINT('',(0.3,0.25,0.48));
#10241 = VECTOR('',#10242,1.);
#10242 = DIRECTION('',(1.,0.,0.));
#10243 = CYLINDRICAL_SURFACE('',#10244,2.E-02);
#10244 = AXIS2_PLACEMENT_3D('',#10245,#10246,#10247);
#10245 = CARTESIAN_POINT('',(0.3,0.23,0.48));
#10246 = DIRECTION('',(1.,0.,0.));
#10247 = DIRECTION('',(-0.,1.,0.));
#10248 = ADVANCED_FACE('',(#10249),#10260,.T.);
#10249 = FACE_BOUND('',#10250,.T.);
#10250 = EDGE_LOOP('',(#10251,#10257,#10258,#10259));
#10251 = ORIENTED_EDGE('',*,*,#10252,.F.);
#10252 = EDGE_CURVE('',#10203,#10230,#10253,.T.);
#10253 = LINE('',#10254,#10255);
#10254 = CARTESIAN_POINT('',(0.5,0.25,0.));
#10255 = VECTOR('',#10256,1.);
#10256 = DIRECTION('',(0.,0.,1.));
#10257 = ORIENTED_EDGE('',*,*,#10202,.F.);
#10258 = ORIENTED_EDGE('',*,*,#10023,.T.);
#10259 = ORIENTED_EDGE('',*,*,#10238,.T.);
#10260 = PLANE('',#10261);
#10261 = AXIS2_PLACEMENT_3D('',#10262,#10263,#10264);
#10262 = CARTESIAN_POINT('',(0.3,0.25,0.));
#10263 = DIRECTION('',(0.,1.,0.));
#10264 = DIRECTION('',(0.,-0.,1.));
#10265 = ADVANCED_FACE('',(#10266),#10276,.T.);
#10266 = FACE_BOUND('',#10267,.T.);
#10267 = EDGE_LOOP('',(#10268,#10269,#10270,#10271,#10272,#10273,#10274,
    #10275));
#10268 = ORIENTED_EDGE('',*,*,#10073,.F.);
#10269 = ORIENTED_EDGE('',*,*,#10113,.T.);
#10270 = ORIENTED_EDGE('',*,*,#10156,.T.);
#10271 = ORIENTED_EDGE('',*,*,#10210,.F.);
#10272 = ORIENTED_EDGE('',*,*,#10252,.T.);
#10273 = ORIENTED_EDGE('',*,*,#10229,.T.);
#10274 = ORIENTED_EDGE('',*,*,#10180,.F.);
#10275 = ORIENTED_EDGE('',*,*,#10130,.F.);
#10276 = PLANE('',#10277);
#10277 = AXIS2_PLACEMENT_3D('',#10278,#10279,#10280);
#10278 = CARTESIAN_POINT('',(0.5,-0.25,0.));
#10279 = DIRECTION('',(1.,0.,0.));
#10280 = DIRECTION('',(0.,0.,1.));
#10281 = ( GEOMETRIC_REPRESENTATION_CONTEXT(3) 
GLOBAL_UNCERTAINTY_ASSIGNED_CONTEXT((#10285)) 
GLOBAL_UNIT_ASSIGNED_CONTEXT((#10282,#10283,#10284)) 
REPRESENTATION_CONTEXT('Context #1',
  '3D Context with UNIT and UNCERTAINTY') );
#10282 = ( LENGTH_UNIT() NAMED_UNIT(*) SI_UNIT(.MILLI.,.METRE.) );
#10283 = ( NAMED_UNIT(*) PLANE_ANGLE_UNIT() SI_UNIT($,.RADIAN.) );
#10284 = ( NAMED_UNIT(*) SI_UNIT($,.STERADIAN.) SOLID_ANGLE_UNIT() );
#10285 = UNCERTAINTY_MEASURE_WITH_UNIT(LENGTH_MEASURE(1.E-07),#10282,
  'distance_accuracy_value','confusion accuracy');
#10286 = CONTEXT_DEPENDENT_SHAPE_REPRESENTATION(#10287,#10289);
#10287 = ( REPRESENTATION_RELATIONSHIP('','',#9426,#9403) 
REPRESENTATION_RELATIONSHIP_WITH_TRANSFORMATION(#10288) 
SHAPE_REPRESENTATION_RELATIONSHIP() );
#10288 = ITEM_DEFINED_TRANSFORMATION('','',#11,#9404);
#10289 = PRODUCT_DEFINITION_SHAPE('Placement','Placement of an item',
  #10290);
#10290 = NEXT_ASSEMBLY_USAGE_OCCURRENCE('13','=>[0:1:1:13]','',#9398,
  #9421,$);
#10291 = PRODUCT_RELATED_PRODUCT_CATEGORY('part',$,(#9423));
#10292 = SHAPE_DEFINITION_REPRESENTATION(#10293,#10299);
#10293 = PRODUCT_DEFINITION_SHAPE('','',#10294);
#10294 = PRODUCT_DEFINITION('design','',#10295,#10298);
#10295 = PRODUCT_DEFINITION_FORMATION('','',#10296);
#10296 = PRODUCT('UDFN-10_1.35x2.6mm_P0.5mm','UDFN-10_1.35x2.6mm_P0.5mm'
  ,'',(#10297));
#10297 = PRODUCT_CONTEXT('',#2,'mechanical');
#10298 = PRODUCT_DEFINITION_CONTEXT('part definition',#2,'design');
#10299 = SHAPE_REPRESENTATION('',(#11,#10300),#10304);
#10300 = AXIS2_PLACEMENT_3D('',#10301,#10302,#10303);
#10301 = CARTESIAN_POINT('',(0.,0.,0.));
#10302 = DIRECTION('',(0.,0.,1.));
#10303 = DIRECTION('',(1.,0.,-0.));
#10304 = ( GEOMETRIC_REPRESENTATION_CONTEXT(3) 
GLOBAL_UNCERTAINTY_ASSIGNED_CONTEXT((#10308)) 
GLOBAL_UNIT_ASSIGNED_CONTEXT((#10305,#10306,#10307)) 
REPRESENTATION_CONTEXT('Context #1',
  '3D Context with UNIT and UNCERTAINTY') );
#10305 = ( LENGTH_UNIT() NAMED_UNIT(*) SI_UNIT(.MILLI.,.METRE.) );
#10306 = ( NAMED_UNIT(*) PLANE_ANGLE_UNIT() SI_UNIT($,.RADIAN.) );
#10307 = ( NAMED_UNIT(*) SI_UNIT($,.STERADIAN.) SOLID_ANGLE_UNIT() );
#10308 = UNCERTAINTY_MEASURE_WITH_UNIT(LENGTH_MEASURE(1.E-07),#10305,
  'distance_accuracy_value','confusion accuracy');
#10309 = CONTEXT_DEPENDENT_SHAPE_REPRESENTATION(#10310,#10312);
#10310 = ( REPRESENTATION_RELATIONSHIP('','',#10299,#10) 
REPRESENTATION_RELATIONSHIP_WITH_TRANSFORMATION(#10311) 
SHAPE_REPRESENTATION_RELATIONSHIP() );
#10311 = ITEM_DEFINED_TRANSFORMATION('','',#11,#47);
#10312 = PRODUCT_DEFINITION_SHAPE('Placement','Placement of an item',
  #10313);
#10313 = NEXT_ASSEMBLY_USAGE_OCCURRENCE('16','U2','',#5,#10294,$);
#10314 = PRODUCT_RELATED_PRODUCT_CATEGORY('part',$,(#10296));
#10315 = SHAPE_DEFINITION_REPRESENTATION(#10316,#10322);
#10316 = PRODUCT_DEFINITION_SHAPE('','',#10317);
#10317 = PRODUCT_DEFINITION('design','',#10318,#10321);
#10318 = PRODUCT_DEFINITION_FORMATION('','',#10319);
#10319 = PRODUCT('UDFN_10_135x26mm_Pitch05mm',
  'UDFN_10_135x26mm_Pitch05mm','',(#10320));
#10320 = PRODUCT_CONTEXT('',#2,'mechanical');
#10321 = PRODUCT_DEFINITION_CONTEXT('part definition',#2,'design');
#10322 = ADVANCED_BREP_SHAPE_REPRESENTATION('',(#11,#10323),#12518);
#10323 = MANIFOLD_SOLID_BREP('',#10324);
#10324 = CLOSED_SHELL('',(#10325,#10366,#10413,#10438,#10478,#10495,
    #10841,#10973,#10985,#11009,#11148,#11188,#11213,#11246,#11286,
    #11311,#11351,#11384,#11409,#11442,#11482,#11507,#11547,#11580,
    #11605,#11638,#11678,#11703,#11743,#11776,#11801,#11834,#11874,
    #11899,#11939,#11972,#11997,#12030,#12047,#12070,#12087,#12104,
    #12121,#12138,#12155,#12172,#12189,#12206,#12223,#12240,#12252,
    #12269,#12281,#12298,#12310,#12327,#12339,#12356,#12368,#12385,
    #12397,#12414,#12426,#12443,#12455,#12472,#12484,#12509));
#10325 = ADVANCED_FACE('',(#10326),#10361,.F.);
#10326 = FACE_BOUND('',#10327,.F.);
#10327 = EDGE_LOOP('',(#10328,#10338,#10347,#10355));
#10328 = ORIENTED_EDGE('',*,*,#10329,.T.);
#10329 = EDGE_CURVE('',#10330,#10332,#10334,.T.);
#10330 = VERTEX_POINT('',#10331);
#10331 = CARTESIAN_POINT('',(0.675,1.1,0.));
#10332 = VERTEX_POINT('',#10333);
#10333 = CARTESIAN_POINT('',(0.275,1.1,0.));
#10334 = LINE('',#10335,#10336);
#10335 = CARTESIAN_POINT('',(0.675,1.1,0.));
#10336 = VECTOR('',#10337,1.);
#10337 = DIRECTION('',(-1.,-9.95799250103E-17,0.));
#10338 = ORIENTED_EDGE('',*,*,#10339,.T.);
#10339 = EDGE_CURVE('',#10332,#10340,#10342,.T.);
#10340 = VERTEX_POINT('',#10341);
#10341 = CARTESIAN_POINT('',(0.275,0.9,0.));
#10342 = CIRCLE('',#10343,0.1);
#10343 = AXIS2_PLACEMENT_3D('',#10344,#10345,#10346);
#10344 = CARTESIAN_POINT('',(0.275,1.,0.));
#10345 = DIRECTION('',(0.,0.,1.));
#10346 = DIRECTION('',(-6.546914373229E-16,1.,0.));
#10347 = ORIENTED_EDGE('',*,*,#10348,.T.);
#10348 = EDGE_CURVE('',#10340,#10349,#10351,.T.);
#10349 = VERTEX_POINT('',#10350);
#10350 = CARTESIAN_POINT('',(0.675,0.9,0.));
#10351 = LINE('',#10352,#10353);
#10352 = CARTESIAN_POINT('',(0.275,0.9,0.));
#10353 = VECTOR('',#10354,1.);
#10354 = DIRECTION('',(1.,9.95799250103E-17,0.));
#10355 = ORIENTED_EDGE('',*,*,#10356,.T.);
#10356 = EDGE_CURVE('',#10349,#10330,#10357,.T.);
#10357 = LINE('',#10358,#10359);
#10358 = CARTESIAN_POINT('',(0.675,0.9,0.));
#10359 = VECTOR('',#10360,1.);
#10360 = DIRECTION('',(-9.95799250103E-17,1.,0.));
#10361 = PLANE('',#10362);
#10362 = AXIS2_PLACEMENT_3D('',#10363,#10364,#10365);
#10363 = CARTESIAN_POINT('',(0.446291916865,1.,0.));
#10364 = DIRECTION('',(0.,0.,1.));
#10365 = DIRECTION('',(-9.95799250103E-17,1.,0.));
#10366 = ADVANCED_FACE('',(#10367),#10408,.F.);
#10367 = FACE_BOUND('',#10368,.F.);
#10368 = EDGE_LOOP('',(#10369,#10370,#10378,#10386,#10394,#10402));
#10369 = ORIENTED_EDGE('',*,*,#10329,.F.);
#10370 = ORIENTED_EDGE('',*,*,#10371,.T.);
#10371 = EDGE_CURVE('',#10330,#10372,#10374,.T.);
#10372 = VERTEX_POINT('',#10373);
#10373 = CARTESIAN_POINT('',(0.675,1.1,0.2));
#10374 = LINE('',#10375,#10376);
#10375 = CARTESIAN_POINT('',(0.675,1.1,0.));
#10376 = VECTOR('',#10377,1.);
#10377 = DIRECTION('',(0.,0.,1.));
#10378 = ORIENTED_EDGE('',*,*,#10379,.T.);
#10379 = EDGE_CURVE('',#10372,#10380,#10382,.T.);
#10380 = VERTEX_POINT('',#10381);
#10381 = CARTESIAN_POINT('',(0.665,1.1,0.2));
#10382 = LINE('',#10383,#10384);
#10383 = CARTESIAN_POINT('',(0.675,1.1,0.2));
#10384 = VECTOR('',#10385,1.);
#10385 = DIRECTION('',(-1.,-9.95799250103E-17,0.));
#10386 = ORIENTED_EDGE('',*,*,#10387,.T.);
#10387 = EDGE_CURVE('',#10380,#10388,#10390,.T.);
#10388 = VERTEX_POINT('',#10389);
#10389 = CARTESIAN_POINT('',(0.665,1.1,2.E-02));
#10390 = LINE('',#10391,#10392);
#10391 = CARTESIAN_POINT('',(0.665,1.1,1.E-02));
#10392 = VECTOR('',#10393,1.);
#10393 = DIRECTION('',(0.,0.,-1.));
#10394 = ORIENTED_EDGE('',*,*,#10395,.F.);
#10395 = EDGE_CURVE('',#10396,#10388,#10398,.T.);
#10396 = VERTEX_POINT('',#10397);
#10397 = CARTESIAN_POINT('',(0.275,1.1,2.E-02));
#10398 = LINE('',#10399,#10400);
#10399 = CARTESIAN_POINT('',(5.E-03,1.1,2.E-02));
#10400 = VECTOR('',#10401,1.);
#10401 = DIRECTION('',(1.,9.95799250103E-17,0.));
#10402 = ORIENTED_EDGE('',*,*,#10403,.F.);
#10403 = EDGE_CURVE('',#10332,#10396,#10404,.T.);
#10404 = LINE('',#10405,#10406);
#10405 = CARTESIAN_POINT('',(0.275,1.1,0.));
#10406 = VECTOR('',#10407,1.);
#10407 = DIRECTION('',(0.,0.,1.));
#10408 = PLANE('',#10409);
#10409 = AXIS2_PLACEMENT_3D('',#10410,#10411,#10412);
#10410 = CARTESIAN_POINT('',(0.675,1.1,0.));
#10411 = DIRECTION('',(9.95799250103E-17,-1.,0.));
#10412 = DIRECTION('',(-1.,-9.95799250103E-17,0.));
#10413 = ADVANCED_FACE('',(#10414),#10433,.T.);
#10414 = FACE_BOUND('',#10415,.T.);
#10415 = EDGE_LOOP('',(#10416,#10424,#10431,#10432));
#10416 = ORIENTED_EDGE('',*,*,#10417,.T.);
#10417 = EDGE_CURVE('',#10340,#10418,#10420,.T.);
#10418 = VERTEX_POINT('',#10419);
#10419 = CARTESIAN_POINT('',(0.275,0.9,2.E-02));
#10420 = LINE('',#10421,#10422);
#10421 = CARTESIAN_POINT('',(0.275,0.9,0.));
#10422 = VECTOR('',#10423,1.);
#10423 = DIRECTION('',(0.,0.,1.));
#10424 = ORIENTED_EDGE('',*,*,#10425,.T.);
#10425 = EDGE_CURVE('',#10418,#10396,#10426,.T.);
#10426 = CIRCLE('',#10427,0.1);
#10427 = AXIS2_PLACEMENT_3D('',#10428,#10429,#10430);
#10428 = CARTESIAN_POINT('',(0.275,1.,2.E-02));
#10429 = DIRECTION('',(0.,0.,-1.));
#10430 = DIRECTION('',(-6.546914373229E-16,1.,0.));
#10431 = ORIENTED_EDGE('',*,*,#10403,.F.);
#10432 = ORIENTED_EDGE('',*,*,#10339,.T.);
#10433 = CYLINDRICAL_SURFACE('',#10434,0.1);
#10434 = AXIS2_PLACEMENT_3D('',#10435,#10436,#10437);
#10435 = CARTESIAN_POINT('',(0.275,1.,0.));
#10436 = DIRECTION('',(0.,0.,-1.));
#10437 = DIRECTION('',(-6.546914373229E-16,1.,0.));
#10438 = ADVANCED_FACE('',(#10439),#10473,.F.);
#10439 = FACE_BOUND('',#10440,.F.);
#10440 = EDGE_LOOP('',(#10441,#10442,#10443,#10451,#10459,#10467));
#10441 = ORIENTED_EDGE('',*,*,#10348,.F.);
#10442 = ORIENTED_EDGE('',*,*,#10417,.T.);
#10443 = ORIENTED_EDGE('',*,*,#10444,.F.);
#10444 = EDGE_CURVE('',#10445,#10418,#10447,.T.);
#10445 = VERTEX_POINT('',#10446);
#10446 = CARTESIAN_POINT('',(0.665,0.9,2.E-02));
#10447 = LINE('',#10448,#10449);
#10448 = CARTESIAN_POINT('',(-0.195,0.9,2.E-02));
#10449 = VECTOR('',#10450,1.);
#10450 = DIRECTION('',(-1.,-9.95799250103E-17,0.));
#10451 = ORIENTED_EDGE('',*,*,#10452,.T.);
#10452 = EDGE_CURVE('',#10445,#10453,#10455,.T.);
#10453 = VERTEX_POINT('',#10454);
#10454 = CARTESIAN_POINT('',(0.665,0.9,0.2));
#10455 = LINE('',#10456,#10457);
#10456 = CARTESIAN_POINT('',(0.665,0.9,1.E-02));
#10457 = VECTOR('',#10458,1.);
#10458 = DIRECTION('',(0.,0.,1.));
#10459 = ORIENTED_EDGE('',*,*,#10460,.T.);
#10460 = EDGE_CURVE('',#10453,#10461,#10463,.T.);
#10461 = VERTEX_POINT('',#10462);
#10462 = CARTESIAN_POINT('',(0.675,0.9,0.2));
#10463 = LINE('',#10464,#10465);
#10464 = CARTESIAN_POINT('',(0.275,0.9,0.2));
#10465 = VECTOR('',#10466,1.);
#10466 = DIRECTION('',(1.,9.95799250103E-17,0.));
#10467 = ORIENTED_EDGE('',*,*,#10468,.F.);
#10468 = EDGE_CURVE('',#10349,#10461,#10469,.T.);
#10469 = LINE('',#10470,#10471);
#10470 = CARTESIAN_POINT('',(0.675,0.9,0.));
#10471 = VECTOR('',#10472,1.);
#10472 = DIRECTION('',(0.,0.,1.));
#10473 = PLANE('',#10474);
#10474 = AXIS2_PLACEMENT_3D('',#10475,#10476,#10477);
#10475 = CARTESIAN_POINT('',(0.275,0.9,0.));
#10476 = DIRECTION('',(-9.95799250103E-17,1.,0.));
#10477 = DIRECTION('',(1.,9.95799250103E-17,0.));
#10478 = ADVANCED_FACE('',(#10479),#10490,.F.);
#10479 = FACE_BOUND('',#10480,.F.);
#10480 = EDGE_LOOP('',(#10481,#10482,#10488,#10489));
#10481 = ORIENTED_EDGE('',*,*,#10468,.T.);
#10482 = ORIENTED_EDGE('',*,*,#10483,.T.);
#10483 = EDGE_CURVE('',#10461,#10372,#10484,.T.);
#10484 = LINE('',#10485,#10486);
#10485 = CARTESIAN_POINT('',(0.675,0.9,0.2));
#10486 = VECTOR('',#10487,1.);
#10487 = DIRECTION('',(-9.95799250103E-17,1.,0.));
#10488 = ORIENTED_EDGE('',*,*,#10371,.F.);
#10489 = ORIENTED_EDGE('',*,*,#10356,.F.);
#10490 = PLANE('',#10491);
#10491 = AXIS2_PLACEMENT_3D('',#10492,#10493,#10494);
#10492 = CARTESIAN_POINT('',(0.675,0.9,0.));
#10493 = DIRECTION('',(-1.,-9.95799250103E-17,0.));
#10494 = DIRECTION('',(-9.95799250103E-17,1.,0.));
#10495 = ADVANCED_FACE('',(#10496),#10836,.F.);
#10496 = FACE_BOUND('',#10497,.F.);
#10497 = EDGE_LOOP('',(#10498,#10506,#10514,#10522,#10530,#10539,#10547,
    #10555,#10563,#10572,#10580,#10588,#10596,#10605,#10613,#10621,
    #10629,#10638,#10646,#10654,#10662,#10671,#10679,#10687,#10695,
    #10703,#10711,#10720,#10728,#10736,#10744,#10753,#10761,#10769,
    #10777,#10786,#10794,#10802,#10810,#10819,#10827,#10833,#10834,
    #10835));
#10498 = ORIENTED_EDGE('',*,*,#10499,.F.);
#10499 = EDGE_CURVE('',#10500,#10388,#10502,.T.);
#10500 = VERTEX_POINT('',#10501);
#10501 = CARTESIAN_POINT('',(0.665,1.29,2.E-02));
#10502 = LINE('',#10503,#10504);
#10503 = CARTESIAN_POINT('',(0.665,1.29,2.E-02));
#10504 = VECTOR('',#10505,1.);
#10505 = DIRECTION('',(2.22044604925E-16,-1.,0.));
#10506 = ORIENTED_EDGE('',*,*,#10507,.F.);
#10507 = EDGE_CURVE('',#10508,#10500,#10510,.T.);
#10508 = VERTEX_POINT('',#10509);
#10509 = CARTESIAN_POINT('',(-0.665,1.29,2.E-02));
#10510 = LINE('',#10511,#10512);
#10511 = CARTESIAN_POINT('',(-0.665,1.29,2.E-02));
#10512 = VECTOR('',#10513,1.);
#10513 = DIRECTION('',(1.,2.22044604925E-16,0.));
#10514 = ORIENTED_EDGE('',*,*,#10515,.T.);
#10515 = EDGE_CURVE('',#10508,#10516,#10518,.T.);
#10516 = VERTEX_POINT('',#10517);
#10517 = CARTESIAN_POINT('',(-0.665,1.1,2.E-02));
#10518 = LINE('',#10519,#10520);
#10519 = CARTESIAN_POINT('',(-0.665,1.29,2.E-02));
#10520 = VECTOR('',#10521,1.);
#10521 = DIRECTION('',(2.22044604925E-16,-1.,0.));
#10522 = ORIENTED_EDGE('',*,*,#10523,.T.);
#10523 = EDGE_CURVE('',#10516,#10524,#10526,.T.);
#10524 = VERTEX_POINT('',#10525);
#10525 = CARTESIAN_POINT('',(-0.275,1.1,2.E-02));
#10526 = LINE('',#10527,#10528);
#10527 = CARTESIAN_POINT('',(-0.47,1.1,2.E-02));
#10528 = VECTOR('',#10529,1.);
#10529 = DIRECTION('',(1.,-2.288475490444E-17,0.));
#10530 = ORIENTED_EDGE('',*,*,#10531,.T.);
#10531 = EDGE_CURVE('',#10524,#10532,#10534,.T.);
#10532 = VERTEX_POINT('',#10533);
#10533 = CARTESIAN_POINT('',(-0.275,0.9,2.E-02));
#10534 = CIRCLE('',#10535,0.1);
#10535 = AXIS2_PLACEMENT_3D('',#10536,#10537,#10538);
#10536 = CARTESIAN_POINT('',(-0.275,1.,2.E-02));
#10537 = DIRECTION('',(0.,-0.,-1.));
#10538 = DIRECTION('',(5.322267574081E-16,-1.,0.));
#10539 = ORIENTED_EDGE('',*,*,#10540,.T.);
#10540 = EDGE_CURVE('',#10532,#10541,#10543,.T.);
#10541 = VERTEX_POINT('',#10542);
#10542 = CARTESIAN_POINT('',(-0.665,0.9,2.E-02));
#10543 = LINE('',#10544,#10545);
#10544 = CARTESIAN_POINT('',(-0.67,0.9,2.E-02));
#10545 = VECTOR('',#10546,1.);
#10546 = DIRECTION('',(-1.,2.288475490444E-17,0.));
#10547 = ORIENTED_EDGE('',*,*,#10548,.T.);
#10548 = EDGE_CURVE('',#10541,#10549,#10551,.T.);
#10549 = VERTEX_POINT('',#10550);
#10550 = CARTESIAN_POINT('',(-0.665,0.6,2.E-02));
#10551 = LINE('',#10552,#10553);
#10552 = CARTESIAN_POINT('',(-0.665,1.29,2.E-02));
#10553 = VECTOR('',#10554,1.);
#10554 = DIRECTION('',(2.22044604925E-16,-1.,0.));
#10555 = ORIENTED_EDGE('',*,*,#10556,.T.);
#10556 = EDGE_CURVE('',#10549,#10557,#10559,.T.);
#10557 = VERTEX_POINT('',#10558);
#10558 = CARTESIAN_POINT('',(-0.275,0.6,2.E-02));
#10559 = LINE('',#10560,#10561);
#10560 = CARTESIAN_POINT('',(-0.47,0.6,2.E-02));
#10561 = VECTOR('',#10562,1.);
#10562 = DIRECTION('',(1.,-2.288475490444E-17,0.));
#10563 = ORIENTED_EDGE('',*,*,#10564,.T.);
#10564 = EDGE_CURVE('',#10557,#10565,#10567,.T.);
#10565 = VERTEX_POINT('',#10566);
#10566 = CARTESIAN_POINT('',(-0.275,0.4,2.E-02));
#10567 = CIRCLE('',#10568,0.1);
#10568 = AXIS2_PLACEMENT_3D('',#10569,#10570,#10571);
#10569 = CARTESIAN_POINT('',(-0.275,0.5,2.E-02));
#10570 = DIRECTION('',(0.,-0.,-1.));
#10571 = DIRECTION('',(5.322267574081E-16,-1.,0.));
#10572 = ORIENTED_EDGE('',*,*,#10573,.T.);
#10573 = EDGE_CURVE('',#10565,#10574,#10576,.T.);
#10574 = VERTEX_POINT('',#10575);
#10575 = CARTESIAN_POINT('',(-0.665,0.4,2.E-02));
#10576 = LINE('',#10577,#10578);
#10577 = CARTESIAN_POINT('',(-0.67,0.4,2.E-02));
#10578 = VECTOR('',#10579,1.);
#10579 = DIRECTION('',(-1.,2.288475490444E-17,0.));
#10580 = ORIENTED_EDGE('',*,*,#10581,.T.);
#10581 = EDGE_CURVE('',#10574,#10582,#10584,.T.);
#10582 = VERTEX_POINT('',#10583);
#10583 = CARTESIAN_POINT('',(-0.665,0.1,2.E-02));
#10584 = LINE('',#10585,#10586);
#10585 = CARTESIAN_POINT('',(-0.665,1.29,2.E-02));
#10586 = VECTOR('',#10587,1.);
#10587 = DIRECTION('',(2.22044604925E-16,-1.,0.));
#10588 = ORIENTED_EDGE('',*,*,#10589,.T.);
#10589 = EDGE_CURVE('',#10582,#10590,#10592,.T.);
#10590 = VERTEX_POINT('',#10591);
#10591 = CARTESIAN_POINT('',(-0.275,0.1,2.E-02));
#10592 = LINE('',#10593,#10594);
#10593 = CARTESIAN_POINT('',(-0.47,0.1,2.E-02));
#10594 = VECTOR('',#10595,1.);
#10595 = DIRECTION('',(1.,-2.288475490444E-17,0.));
#10596 = ORIENTED_EDGE('',*,*,#10597,.T.);
#10597 = EDGE_CURVE('',#10590,#10598,#10600,.T.);
#10598 = VERTEX_POINT('',#10599);
#10599 = CARTESIAN_POINT('',(-0.275,-0.1,2.E-02));
#10600 = CIRCLE('',#10601,0.1);
#10601 = AXIS2_PLACEMENT_3D('',#10602,#10603,#10604);
#10602 = CARTESIAN_POINT('',(-0.275,-8.881784197001E-17,2.E-02));
#10603 = DIRECTION('',(0.,-0.,-1.));
#10604 = DIRECTION('',(5.322267574081E-16,-1.,0.));
#10605 = ORIENTED_EDGE('',*,*,#10606,.T.);
#10606 = EDGE_CURVE('',#10598,#10607,#10609,.T.);
#10607 = VERTEX_POINT('',#10608);
#10608 = CARTESIAN_POINT('',(-0.665,-0.1,2.E-02));
#10609 = LINE('',#10610,#10611);
#10610 = CARTESIAN_POINT('',(-0.67,-0.1,2.E-02));
#10611 = VECTOR('',#10612,1.);
#10612 = DIRECTION('',(-1.,2.288475490444E-17,0.));
#10613 = ORIENTED_EDGE('',*,*,#10614,.T.);
#10614 = EDGE_CURVE('',#10607,#10615,#10617,.T.);
#10615 = VERTEX_POINT('',#10616);
#10616 = CARTESIAN_POINT('',(-0.665,-0.4,2.E-02));
#10617 = LINE('',#10618,#10619);
#10618 = CARTESIAN_POINT('',(-0.665,1.29,2.E-02));
#10619 = VECTOR('',#10620,1.);
#10620 = DIRECTION('',(2.22044604925E-16,-1.,0.));
#10621 = ORIENTED_EDGE('',*,*,#10622,.T.);
#10622 = EDGE_CURVE('',#10615,#10623,#10625,.T.);
#10623 = VERTEX_POINT('',#10624);
#10624 = CARTESIAN_POINT('',(-0.275,-0.4,2.E-02));
#10625 = LINE('',#10626,#10627);
#10626 = CARTESIAN_POINT('',(-0.47,-0.4,2.E-02));
#10627 = VECTOR('',#10628,1.);
#10628 = DIRECTION('',(1.,-2.288475490444E-17,0.));
#10629 = ORIENTED_EDGE('',*,*,#10630,.T.);
#10630 = EDGE_CURVE('',#10623,#10631,#10633,.T.);
#10631 = VERTEX_POINT('',#10632);
#10632 = CARTESIAN_POINT('',(-0.275,-0.6,2.E-02));
#10633 = CIRCLE('',#10634,0.1);
#10634 = AXIS2_PLACEMENT_3D('',#10635,#10636,#10637);
#10635 = CARTESIAN_POINT('',(-0.275,-0.5,2.E-02));
#10636 = DIRECTION('',(0.,-0.,-1.));
#10637 = DIRECTION('',(5.322267574081E-16,-1.,0.));
#10638 = ORIENTED_EDGE('',*,*,#10639,.T.);
#10639 = EDGE_CURVE('',#10631,#10640,#10642,.T.);
#10640 = VERTEX_POINT('',#10641);
#10641 = CARTESIAN_POINT('',(-0.665,-0.6,2.E-02));
#10642 = LINE('',#10643,#10644);
#10643 = CARTESIAN_POINT('',(-0.67,-0.6,2.E-02));
#10644 = VECTOR('',#10645,1.);
#10645 = DIRECTION('',(-1.,2.288475490444E-17,0.));
#10646 = ORIENTED_EDGE('',*,*,#10647,.T.);
#10647 = EDGE_CURVE('',#10640,#10648,#10650,.T.);
#10648 = VERTEX_POINT('',#10649);
#10649 = CARTESIAN_POINT('',(-0.665,-0.9,2.E-02));
#10650 = LINE('',#10651,#10652);
#10651 = CARTESIAN_POINT('',(-0.665,1.29,2.E-02));
#10652 = VECTOR('',#10653,1.);
#10653 = DIRECTION('',(2.22044604925E-16,-1.,0.));
#10654 = ORIENTED_EDGE('',*,*,#10655,.T.);
#10655 = EDGE_CURVE('',#10648,#10656,#10658,.T.);
#10656 = VERTEX_POINT('',#10657);
#10657 = CARTESIAN_POINT('',(-0.275,-0.9,2.E-02));
#10658 = LINE('',#10659,#10660);
#10659 = CARTESIAN_POINT('',(-0.47,-0.9,2.E-02));
#10660 = VECTOR('',#10661,1.);
#10661 = DIRECTION('',(1.,-2.288475490444E-17,0.));
#10662 = ORIENTED_EDGE('',*,*,#10663,.T.);
#10663 = EDGE_CURVE('',#10656,#10664,#10666,.T.);
#10664 = VERTEX_POINT('',#10665);
#10665 = CARTESIAN_POINT('',(-0.275,-1.1,2.E-02));
#10666 = CIRCLE('',#10667,0.1);
#10667 = AXIS2_PLACEMENT_3D('',#10668,#10669,#10670);
#10668 = CARTESIAN_POINT('',(-0.275,-1.,2.E-02));
#10669 = DIRECTION('',(0.,-0.,-1.));
#10670 = DIRECTION('',(5.322267574081E-16,-1.,0.));
#10671 = ORIENTED_EDGE('',*,*,#10672,.T.);
#10672 = EDGE_CURVE('',#10664,#10673,#10675,.T.);
#10673 = VERTEX_POINT('',#10674);
#10674 = CARTESIAN_POINT('',(-0.665,-1.1,2.E-02));
#10675 = LINE('',#10676,#10677);
#10676 = CARTESIAN_POINT('',(-0.67,-1.1,2.E-02));
#10677 = VECTOR('',#10678,1.);
#10678 = DIRECTION('',(-1.,2.288475490444E-17,0.));
#10679 = ORIENTED_EDGE('',*,*,#10680,.T.);
#10680 = EDGE_CURVE('',#10673,#10681,#10683,.T.);
#10681 = VERTEX_POINT('',#10682);
#10682 = CARTESIAN_POINT('',(-0.665,-1.29,2.E-02));
#10683 = LINE('',#10684,#10685);
#10684 = CARTESIAN_POINT('',(-0.665,1.29,2.E-02));
#10685 = VECTOR('',#10686,1.);
#10686 = DIRECTION('',(2.22044604925E-16,-1.,0.));
#10687 = ORIENTED_EDGE('',*,*,#10688,.T.);
#10688 = EDGE_CURVE('',#10681,#10689,#10691,.T.);
#10689 = VERTEX_POINT('',#10690);
#10690 = CARTESIAN_POINT('',(0.665,-1.29,2.E-02));
#10691 = LINE('',#10692,#10693);
#10692 = CARTESIAN_POINT('',(-0.665,-1.29,2.E-02));
#10693 = VECTOR('',#10694,1.);
#10694 = DIRECTION('',(1.,2.22044604925E-16,0.));
#10695 = ORIENTED_EDGE('',*,*,#10696,.F.);
#10696 = EDGE_CURVE('',#10697,#10689,#10699,.T.);
#10697 = VERTEX_POINT('',#10698);
#10698 = CARTESIAN_POINT('',(0.665,-1.1,2.E-02));
#10699 = LINE('',#10700,#10701);
#10700 = CARTESIAN_POINT('',(0.665,1.29,2.E-02));
#10701 = VECTOR('',#10702,1.);
#10702 = DIRECTION('',(2.22044604925E-16,-1.,0.));
#10703 = ORIENTED_EDGE('',*,*,#10704,.T.);
#10704 = EDGE_CURVE('',#10697,#10705,#10707,.T.);
#10705 = VERTEX_POINT('',#10706);
#10706 = CARTESIAN_POINT('',(0.275,-1.1,2.E-02));
#10707 = LINE('',#10708,#10709);
#10708 = CARTESIAN_POINT('',(-0.195,-1.1,2.E-02));
#10709 = VECTOR('',#10710,1.);
#10710 = DIRECTION('',(-1.,-9.95799250103E-17,0.));
#10711 = ORIENTED_EDGE('',*,*,#10712,.T.);
#10712 = EDGE_CURVE('',#10705,#10713,#10715,.T.);
#10713 = VERTEX_POINT('',#10714);
#10714 = CARTESIAN_POINT('',(0.275,-0.9,2.E-02));
#10715 = CIRCLE('',#10716,0.1);
#10716 = AXIS2_PLACEMENT_3D('',#10717,#10718,#10719);
#10717 = CARTESIAN_POINT('',(0.275,-1.,2.E-02));
#10718 = DIRECTION('',(0.,0.,-1.));
#10719 = DIRECTION('',(-6.546914373229E-16,1.,0.));
#10720 = ORIENTED_EDGE('',*,*,#10721,.T.);
#10721 = EDGE_CURVE('',#10713,#10722,#10724,.T.);
#10722 = VERTEX_POINT('',#10723);
#10723 = CARTESIAN_POINT('',(0.665,-0.9,2.E-02));
#10724 = LINE('',#10725,#10726);
#10725 = CARTESIAN_POINT('',(5.E-03,-0.9,2.E-02));
#10726 = VECTOR('',#10727,1.);
#10727 = DIRECTION('',(1.,9.95799250103E-17,0.));
#10728 = ORIENTED_EDGE('',*,*,#10729,.F.);
#10729 = EDGE_CURVE('',#10730,#10722,#10732,.T.);
#10730 = VERTEX_POINT('',#10731);
#10731 = CARTESIAN_POINT('',(0.665,-0.6,2.E-02));
#10732 = LINE('',#10733,#10734);
#10733 = CARTESIAN_POINT('',(0.665,1.29,2.E-02));
#10734 = VECTOR('',#10735,1.);
#10735 = DIRECTION('',(2.22044604925E-16,-1.,0.));
#10736 = ORIENTED_EDGE('',*,*,#10737,.T.);
#10737 = EDGE_CURVE('',#10730,#10738,#10740,.T.);
#10738 = VERTEX_POINT('',#10739);
#10739 = CARTESIAN_POINT('',(0.275,-0.6,2.E-02));
#10740 = LINE('',#10741,#10742);
#10741 = CARTESIAN_POINT('',(-0.195,-0.6,2.E-02));
#10742 = VECTOR('',#10743,1.);
#10743 = DIRECTION('',(-1.,-9.95799250103E-17,0.));
#10744 = ORIENTED_EDGE('',*,*,#10745,.T.);
#10745 = EDGE_CURVE('',#10738,#10746,#10748,.T.);
#10746 = VERTEX_POINT('',#10747);
#10747 = CARTESIAN_POINT('',(0.275,-0.4,2.E-02));
#10748 = CIRCLE('',#10749,0.1);
#10749 = AXIS2_PLACEMENT_3D('',#10750,#10751,#10752);
#10750 = CARTESIAN_POINT('',(0.275,-0.5,2.E-02));
#10751 = DIRECTION('',(0.,0.,-1.));
#10752 = DIRECTION('',(-6.546914373229E-16,1.,0.));
#10753 = ORIENTED_EDGE('',*,*,#10754,.T.);
#10754 = EDGE_CURVE('',#10746,#10755,#10757,.T.);
#10755 = VERTEX_POINT('',#10756);
#10756 = CARTESIAN_POINT('',(0.665,-0.4,2.E-02));
#10757 = LINE('',#10758,#10759);
#10758 = CARTESIAN_POINT('',(5.E-03,-0.4,2.E-02));
#10759 = VECTOR('',#10760,1.);
#10760 = DIRECTION('',(1.,9.95799250103E-17,0.));
#10761 = ORIENTED_EDGE('',*,*,#10762,.F.);
#10762 = EDGE_CURVE('',#10763,#10755,#10765,.T.);
#10763 = VERTEX_POINT('',#10764);
#10764 = CARTESIAN_POINT('',(0.665,-0.1,2.E-02));
#10765 = LINE('',#10766,#10767);
#10766 = CARTESIAN_POINT('',(0.665,1.29,2.E-02));
#10767 = VECTOR('',#10768,1.);
#10768 = DIRECTION('',(2.22044604925E-16,-1.,0.));
#10769 = ORIENTED_EDGE('',*,*,#10770,.T.);
#10770 = EDGE_CURVE('',#10763,#10771,#10773,.T.);
#10771 = VERTEX_POINT('',#10772);
#10772 = CARTESIAN_POINT('',(0.275,-0.1,2.E-02));
#10773 = LINE('',#10774,#10775);
#10774 = CARTESIAN_POINT('',(-0.195,-0.1,2.E-02));
#10775 = VECTOR('',#10776,1.);
#10776 = DIRECTION('',(-1.,-9.95799250103E-17,0.));
#10777 = ORIENTED_EDGE('',*,*,#10778,.T.);
#10778 = EDGE_CURVE('',#10771,#10779,#10781,.T.);
#10779 = VERTEX_POINT('',#10780);
#10780 = CARTESIAN_POINT('',(0.275,0.1,2.E-02));
#10781 = CIRCLE('',#10782,0.1);
#10782 = AXIS2_PLACEMENT_3D('',#10783,#10784,#10785);
#10783 = CARTESIAN_POINT('',(0.275,1.304512053935E-16,2.E-02));
#10784 = DIRECTION('',(0.,0.,-1.));
#10785 = DIRECTION('',(-6.546914373229E-16,1.,0.));
#10786 = ORIENTED_EDGE('',*,*,#10787,.T.);
#10787 = EDGE_CURVE('',#10779,#10788,#10790,.T.);
#10788 = VERTEX_POINT('',#10789);
#10789 = CARTESIAN_POINT('',(0.665,0.1,2.E-02));
#10790 = LINE('',#10791,#10792);
#10791 = CARTESIAN_POINT('',(5.E-03,0.1,2.E-02));
#10792 = VECTOR('',#10793,1.);
#10793 = DIRECTION('',(1.,9.95799250103E-17,0.));
#10794 = ORIENTED_EDGE('',*,*,#10795,.F.);
#10795 = EDGE_CURVE('',#10796,#10788,#10798,.T.);
#10796 = VERTEX_POINT('',#10797);
#10797 = CARTESIAN_POINT('',(0.665,0.4,2.E-02));
#10798 = LINE('',#10799,#10800);
#10799 = CARTESIAN_POINT('',(0.665,1.29,2.E-02));
#10800 = VECTOR('',#10801,1.);
#10801 = DIRECTION('',(2.22044604925E-16,-1.,0.));
#10802 = ORIENTED_EDGE('',*,*,#10803,.T.);
#10803 = EDGE_CURVE('',#10796,#10804,#10806,.T.);
#10804 = VERTEX_POINT('',#10805);
#10805 = CARTESIAN_POINT('',(0.275,0.4,2.E-02));
#10806 = LINE('',#10807,#10808);
#10807 = CARTESIAN_POINT('',(-0.195,0.4,2.E-02));
#10808 = VECTOR('',#10809,1.);
#10809 = DIRECTION('',(-1.,-9.95799250103E-17,0.));
#10810 = ORIENTED_EDGE('',*,*,#10811,.T.);
#10811 = EDGE_CURVE('',#10804,#10812,#10814,.T.);
#10812 = VERTEX_POINT('',#10813);
#10813 = CARTESIAN_POINT('',(0.275,0.6,2.E-02));
#10814 = CIRCLE('',#10815,0.1);
#10815 = AXIS2_PLACEMENT_3D('',#10816,#10817,#10818);
#10816 = CARTESIAN_POINT('',(0.275,0.5,2.E-02));
#10817 = DIRECTION('',(0.,0.,-1.));
#10818 = DIRECTION('',(-6.546914373229E-16,1.,0.));
#10819 = ORIENTED_EDGE('',*,*,#10820,.T.);
#10820 = EDGE_CURVE('',#10812,#10821,#10823,.T.);
#10821 = VERTEX_POINT('',#10822);
#10822 = CARTESIAN_POINT('',(0.665,0.6,2.E-02));
#10823 = LINE('',#10824,#10825);
#10824 = CARTESIAN_POINT('',(5.E-03,0.6,2.E-02));
#10825 = VECTOR('',#10826,1.);
#10826 = DIRECTION('',(1.,9.95799250103E-17,0.));
#10827 = ORIENTED_EDGE('',*,*,#10828,.F.);
#10828 = EDGE_CURVE('',#10445,#10821,#10829,.T.);
#10829 = LINE('',#10830,#10831);
#10830 = CARTESIAN_POINT('',(0.665,1.29,2.E-02));
#10831 = VECTOR('',#10832,1.);
#10832 = DIRECTION('',(2.22044604925E-16,-1.,0.));
#10833 = ORIENTED_EDGE('',*,*,#10444,.T.);
#10834 = ORIENTED_EDGE('',*,*,#10425,.T.);
#10835 = ORIENTED_EDGE('',*,*,#10395,.T.);
#10836 = PLANE('',#10837);
#10837 = AXIS2_PLACEMENT_3D('',#10838,#10839,#10840);
#10838 = CARTESIAN_POINT('',(-0.665,1.29,2.E-02));
#10839 = DIRECTION('',(0.,0.,1.));
#10840 = DIRECTION('',(2.22044604925E-16,-1.,0.));
#10841 = ADVANCED_FACE('',(#10842),#10968,.T.);
#10842 = FACE_BOUND('',#10843,.T.);
#10843 = EDGE_LOOP('',(#10844,#10845,#10853,#10861,#10867,#10868,#10876,
    #10884,#10890,#10891,#10899,#10907,#10913,#10914,#10922,#10930,
    #10936,#10937,#10945,#10953,#10959,#10960,#10961,#10967));
#10844 = ORIENTED_EDGE('',*,*,#10499,.F.);
#10845 = ORIENTED_EDGE('',*,*,#10846,.T.);
#10846 = EDGE_CURVE('',#10500,#10847,#10849,.T.);
#10847 = VERTEX_POINT('',#10848);
#10848 = CARTESIAN_POINT('',(0.665,1.29,0.52));
#10849 = LINE('',#10850,#10851);
#10850 = CARTESIAN_POINT('',(0.665,1.29,2.E-02));
#10851 = VECTOR('',#10852,1.);
#10852 = DIRECTION('',(0.,0.,1.));
#10853 = ORIENTED_EDGE('',*,*,#10854,.T.);
#10854 = EDGE_CURVE('',#10847,#10855,#10857,.T.);
#10855 = VERTEX_POINT('',#10856);
#10856 = CARTESIAN_POINT('',(0.665,-1.29,0.52));
#10857 = LINE('',#10858,#10859);
#10858 = CARTESIAN_POINT('',(0.665,1.29,0.52));
#10859 = VECTOR('',#10860,1.);
#10860 = DIRECTION('',(2.22044604925E-16,-1.,0.));
#10861 = ORIENTED_EDGE('',*,*,#10862,.F.);
#10862 = EDGE_CURVE('',#10689,#10855,#10863,.T.);
#10863 = LINE('',#10864,#10865);
#10864 = CARTESIAN_POINT('',(0.665,-1.29,2.E-02));
#10865 = VECTOR('',#10866,1.);
#10866 = DIRECTION('',(0.,0.,1.));
#10867 = ORIENTED_EDGE('',*,*,#10696,.F.);
#10868 = ORIENTED_EDGE('',*,*,#10869,.T.);
#10869 = EDGE_CURVE('',#10697,#10870,#10872,.T.);
#10870 = VERTEX_POINT('',#10871);
#10871 = CARTESIAN_POINT('',(0.665,-1.1,0.2));
#10872 = LINE('',#10873,#10874);
#10873 = CARTESIAN_POINT('',(0.665,-1.1,1.E-02));
#10874 = VECTOR('',#10875,1.);
#10875 = DIRECTION('',(0.,0.,1.));
#10876 = ORIENTED_EDGE('',*,*,#10877,.F.);
#10877 = EDGE_CURVE('',#10878,#10870,#10880,.T.);
#10878 = VERTEX_POINT('',#10879);
#10879 = CARTESIAN_POINT('',(0.665,-0.9,0.2));
#10880 = LINE('',#10881,#10882);
#10881 = CARTESIAN_POINT('',(0.665,0.145,0.2));
#10882 = VECTOR('',#10883,1.);
#10883 = DIRECTION('',(2.22044604925E-16,-1.,0.));
#10884 = ORIENTED_EDGE('',*,*,#10885,.T.);
#10885 = EDGE_CURVE('',#10878,#10722,#10886,.T.);
#10886 = LINE('',#10887,#10888);
#10887 = CARTESIAN_POINT('',(0.665,-0.9,1.E-02));
#10888 = VECTOR('',#10889,1.);
#10889 = DIRECTION('',(0.,0.,-1.));
#10890 = ORIENTED_EDGE('',*,*,#10729,.F.);
#10891 = ORIENTED_EDGE('',*,*,#10892,.T.);
#10892 = EDGE_CURVE('',#10730,#10893,#10895,.T.);
#10893 = VERTEX_POINT('',#10894);
#10894 = CARTESIAN_POINT('',(0.665,-0.6,0.2));
#10895 = LINE('',#10896,#10897);
#10896 = CARTESIAN_POINT('',(0.665,-0.6,1.E-02));
#10897 = VECTOR('',#10898,1.);
#10898 = DIRECTION('',(0.,0.,1.));
#10899 = ORIENTED_EDGE('',*,*,#10900,.F.);
#10900 = EDGE_CURVE('',#10901,#10893,#10903,.T.);
#10901 = VERTEX_POINT('',#10902);
#10902 = CARTESIAN_POINT('',(0.665,-0.4,0.2));
#10903 = LINE('',#10904,#10905);
#10904 = CARTESIAN_POINT('',(0.665,0.395,0.2));
#10905 = VECTOR('',#10906,1.);
#10906 = DIRECTION('',(2.22044604925E-16,-1.,0.));
#10907 = ORIENTED_EDGE('',*,*,#10908,.T.);
#10908 = EDGE_CURVE('',#10901,#10755,#10909,.T.);
#10909 = LINE('',#10910,#10911);
#10910 = CARTESIAN_POINT('',(0.665,-0.4,1.E-02));
#10911 = VECTOR('',#10912,1.);
#10912 = DIRECTION('',(0.,0.,-1.));
#10913 = ORIENTED_EDGE('',*,*,#10762,.F.);
#10914 = ORIENTED_EDGE('',*,*,#10915,.T.);
#10915 = EDGE_CURVE('',#10763,#10916,#10918,.T.);
#10916 = VERTEX_POINT('',#10917);
#10917 = CARTESIAN_POINT('',(0.665,-0.1,0.2));
#10918 = LINE('',#10919,#10920);
#10919 = CARTESIAN_POINT('',(0.665,-0.1,1.E-02));
#10920 = VECTOR('',#10921,1.);
#10921 = DIRECTION('',(0.,0.,1.));
#10922 = ORIENTED_EDGE('',*,*,#10923,.F.);
#10923 = EDGE_CURVE('',#10924,#10916,#10926,.T.);
#10924 = VERTEX_POINT('',#10925);
#10925 = CARTESIAN_POINT('',(0.665,0.1,0.2));
#10926 = LINE('',#10927,#10928);
#10927 = CARTESIAN_POINT('',(0.665,0.645,0.2));
#10928 = VECTOR('',#10929,1.);
#10929 = DIRECTION('',(2.22044604925E-16,-1.,0.));
#10930 = ORIENTED_EDGE('',*,*,#10931,.T.);
#10931 = EDGE_CURVE('',#10924,#10788,#10932,.T.);
#10932 = LINE('',#10933,#10934);
#10933 = CARTESIAN_POINT('',(0.665,0.1,1.E-02));
#10934 = VECTOR('',#10935,1.);
#10935 = DIRECTION('',(0.,0.,-1.));
#10936 = ORIENTED_EDGE('',*,*,#10795,.F.);
#10937 = ORIENTED_EDGE('',*,*,#10938,.T.);
#10938 = EDGE_CURVE('',#10796,#10939,#10941,.T.);
#10939 = VERTEX_POINT('',#10940);
#10940 = CARTESIAN_POINT('',(0.665,0.4,0.2));
#10941 = LINE('',#10942,#10943);
#10942 = CARTESIAN_POINT('',(0.665,0.4,1.E-02));
#10943 = VECTOR('',#10944,1.);
#10944 = DIRECTION('',(0.,0.,1.));
#10945 = ORIENTED_EDGE('',*,*,#10946,.F.);
#10946 = EDGE_CURVE('',#10947,#10939,#10949,.T.);
#10947 = VERTEX_POINT('',#10948);
#10948 = CARTESIAN_POINT('',(0.665,0.6,0.2));
#10949 = LINE('',#10950,#10951);
#10950 = CARTESIAN_POINT('',(0.665,0.895,0.2));
#10951 = VECTOR('',#10952,1.);
#10952 = DIRECTION('',(2.22044604925E-16,-1.,0.));
#10953 = ORIENTED_EDGE('',*,*,#10954,.T.);
#10954 = EDGE_CURVE('',#10947,#10821,#10955,.T.);
#10955 = LINE('',#10956,#10957);
#10956 = CARTESIAN_POINT('',(0.665,0.6,1.E-02));
#10957 = VECTOR('',#10958,1.);
#10958 = DIRECTION('',(0.,0.,-1.));
#10959 = ORIENTED_EDGE('',*,*,#10828,.F.);
#10960 = ORIENTED_EDGE('',*,*,#10452,.T.);
#10961 = ORIENTED_EDGE('',*,*,#10962,.F.);
#10962 = EDGE_CURVE('',#10380,#10453,#10963,.T.);
#10963 = LINE('',#10964,#10965);
#10964 = CARTESIAN_POINT('',(0.665,1.145,0.2));
#10965 = VECTOR('',#10966,1.);
#10966 = DIRECTION('',(2.22044604925E-16,-1.,0.));
#10967 = ORIENTED_EDGE('',*,*,#10387,.T.);
#10968 = PLANE('',#10969);
#10969 = AXIS2_PLACEMENT_3D('',#10970,#10971,#10972);
#10970 = CARTESIAN_POINT('',(0.665,1.29,2.E-02));
#10971 = DIRECTION('',(1.,2.22044604925E-16,0.));
#10972 = DIRECTION('',(0.,-0.,1.));
#10973 = ADVANCED_FACE('',(#10974),#10980,.T.);
#10974 = FACE_BOUND('',#10975,.T.);
#10975 = EDGE_LOOP('',(#10976,#10977,#10978,#10979));
#10976 = ORIENTED_EDGE('',*,*,#10483,.T.);
#10977 = ORIENTED_EDGE('',*,*,#10379,.T.);
#10978 = ORIENTED_EDGE('',*,*,#10962,.T.);
#10979 = ORIENTED_EDGE('',*,*,#10460,.T.);
#10980 = PLANE('',#10981);
#10981 = AXIS2_PLACEMENT_3D('',#10982,#10983,#10984);
#10982 = CARTESIAN_POINT('',(0.446291916865,1.,0.2));
#10983 = DIRECTION('',(0.,0.,1.));
#10984 = DIRECTION('',(-9.95799250103E-17,1.,0.));
#10985 = ADVANCED_FACE('',(#10986),#11004,.F.);
#10986 = FACE_BOUND('',#10987,.F.);
#10987 = EDGE_LOOP('',(#10988,#10996,#10997,#10998));
#10988 = ORIENTED_EDGE('',*,*,#10989,.F.);
#10989 = EDGE_CURVE('',#10508,#10990,#10992,.T.);
#10990 = VERTEX_POINT('',#10991);
#10991 = CARTESIAN_POINT('',(-0.665,1.29,0.52));
#10992 = LINE('',#10993,#10994);
#10993 = CARTESIAN_POINT('',(-0.665,1.29,2.E-02));
#10994 = VECTOR('',#10995,1.);
#10995 = DIRECTION('',(0.,0.,1.));
#10996 = ORIENTED_EDGE('',*,*,#10507,.T.);
#10997 = ORIENTED_EDGE('',*,*,#10846,.T.);
#10998 = ORIENTED_EDGE('',*,*,#10999,.F.);
#10999 = EDGE_CURVE('',#10990,#10847,#11000,.T.);
#11000 = LINE('',#11001,#11002);
#11001 = CARTESIAN_POINT('',(-0.665,1.29,0.52));
#11002 = VECTOR('',#11003,1.);
#11003 = DIRECTION('',(1.,2.22044604925E-16,0.));
#11004 = PLANE('',#11005);
#11005 = AXIS2_PLACEMENT_3D('',#11006,#11007,#11008);
#11006 = CARTESIAN_POINT('',(-0.665,1.29,2.E-02));
#11007 = DIRECTION('',(2.22044604925E-16,-1.,0.));
#11008 = DIRECTION('',(0.,0.,1.));
#11009 = ADVANCED_FACE('',(#11010),#11143,.F.);
#11010 = FACE_BOUND('',#11011,.F.);
#11011 = EDGE_LOOP('',(#11012,#11013,#11014,#11022,#11028,#11029,#11037,
    #11045,#11051,#11052,#11060,#11068,#11074,#11075,#11083,#11091,
    #11097,#11098,#11106,#11114,#11120,#11121,#11129,#11137));
#11012 = ORIENTED_EDGE('',*,*,#10515,.F.);
#11013 = ORIENTED_EDGE('',*,*,#10989,.T.);
#11014 = ORIENTED_EDGE('',*,*,#11015,.T.);
#11015 = EDGE_CURVE('',#10990,#11016,#11018,.T.);
#11016 = VERTEX_POINT('',#11017);
#11017 = CARTESIAN_POINT('',(-0.665,-1.29,0.52));
#11018 = LINE('',#11019,#11020);
#11019 = CARTESIAN_POINT('',(-0.665,1.29,0.52));
#11020 = VECTOR('',#11021,1.);
#11021 = DIRECTION('',(2.22044604925E-16,-1.,0.));
#11022 = ORIENTED_EDGE('',*,*,#11023,.F.);
#11023 = EDGE_CURVE('',#10681,#11016,#11024,.T.);
#11024 = LINE('',#11025,#11026);
#11025 = CARTESIAN_POINT('',(-0.665,-1.29,2.E-02));
#11026 = VECTOR('',#11027,1.);
#11027 = DIRECTION('',(0.,0.,1.));
#11028 = ORIENTED_EDGE('',*,*,#10680,.F.);
#11029 = ORIENTED_EDGE('',*,*,#11030,.T.);
#11030 = EDGE_CURVE('',#10673,#11031,#11033,.T.);
#11031 = VERTEX_POINT('',#11032);
#11032 = CARTESIAN_POINT('',(-0.665,-1.1,0.2));
#11033 = LINE('',#11034,#11035);
#11034 = CARTESIAN_POINT('',(-0.665,-1.1,1.E-02));
#11035 = VECTOR('',#11036,1.);
#11036 = DIRECTION('',(0.,0.,1.));
#11037 = ORIENTED_EDGE('',*,*,#11038,.F.);
#11038 = EDGE_CURVE('',#11039,#11031,#11041,.T.);
#11039 = VERTEX_POINT('',#11040);
#11040 = CARTESIAN_POINT('',(-0.665,-0.9,0.2));
#11041 = LINE('',#11042,#11043);
#11042 = CARTESIAN_POINT('',(-0.665,0.145,0.2));
#11043 = VECTOR('',#11044,1.);
#11044 = DIRECTION('',(2.22044604925E-16,-1.,0.));
#11045 = ORIENTED_EDGE('',*,*,#11046,.T.);
#11046 = EDGE_CURVE('',#11039,#10648,#11047,.T.);
#11047 = LINE('',#11048,#11049);
#11048 = CARTESIAN_POINT('',(-0.665,-0.9,1.E-02));
#11049 = VECTOR('',#11050,1.);
#11050 = DIRECTION('',(0.,0.,-1.));
#11051 = ORIENTED_EDGE('',*,*,#10647,.F.);
#11052 = ORIENTED_EDGE('',*,*,#11053,.T.);
#11053 = EDGE_CURVE('',#10640,#11054,#11056,.T.);
#11054 = VERTEX_POINT('',#11055);
#11055 = CARTESIAN_POINT('',(-0.665,-0.6,0.2));
#11056 = LINE('',#11057,#11058);
#11057 = CARTESIAN_POINT('',(-0.665,-0.6,1.E-02));
#11058 = VECTOR('',#11059,1.);
#11059 = DIRECTION('',(0.,0.,1.));
#11060 = ORIENTED_EDGE('',*,*,#11061,.F.);
#11061 = EDGE_CURVE('',#11062,#11054,#11064,.T.);
#11062 = VERTEX_POINT('',#11063);
#11063 = CARTESIAN_POINT('',(-0.665,-0.4,0.2));
#11064 = LINE('',#11065,#11066);
#11065 = CARTESIAN_POINT('',(-0.665,0.395,0.2));
#11066 = VECTOR('',#11067,1.);
#11067 = DIRECTION('',(2.22044604925E-16,-1.,0.));
#11068 = ORIENTED_EDGE('',*,*,#11069,.T.);
#11069 = EDGE_CURVE('',#11062,#10615,#11070,.T.);
#11070 = LINE('',#11071,#11072);
#11071 = CARTESIAN_POINT('',(-0.665,-0.4,1.E-02));
#11072 = VECTOR('',#11073,1.);
#11073 = DIRECTION('',(0.,0.,-1.));
#11074 = ORIENTED_EDGE('',*,*,#10614,.F.);
#11075 = ORIENTED_EDGE('',*,*,#11076,.T.);
#11076 = EDGE_CURVE('',#10607,#11077,#11079,.T.);
#11077 = VERTEX_POINT('',#11078);
#11078 = CARTESIAN_POINT('',(-0.665,-0.1,0.2));
#11079 = LINE('',#11080,#11081);
#11080 = CARTESIAN_POINT('',(-0.665,-0.1,1.E-02));
#11081 = VECTOR('',#11082,1.);
#11082 = DIRECTION('',(0.,0.,1.));
#11083 = ORIENTED_EDGE('',*,*,#11084,.F.);
#11084 = EDGE_CURVE('',#11085,#11077,#11087,.T.);
#11085 = VERTEX_POINT('',#11086);
#11086 = CARTESIAN_POINT('',(-0.665,0.1,0.2));
#11087 = LINE('',#11088,#11089);
#11088 = CARTESIAN_POINT('',(-0.665,0.645,0.2));
#11089 = VECTOR('',#11090,1.);
#11090 = DIRECTION('',(2.22044604925E-16,-1.,0.));
#11091 = ORIENTED_EDGE('',*,*,#11092,.T.);
#11092 = EDGE_CURVE('',#11085,#10582,#11093,.T.);
#11093 = LINE('',#11094,#11095);
#11094 = CARTESIAN_POINT('',(-0.665,0.1,1.E-02));
#11095 = VECTOR('',#11096,1.);
#11096 = DIRECTION('',(0.,0.,-1.));
#11097 = ORIENTED_EDGE('',*,*,#10581,.F.);
#11098 = ORIENTED_EDGE('',*,*,#11099,.T.);
#11099 = EDGE_CURVE('',#10574,#11100,#11102,.T.);
#11100 = VERTEX_POINT('',#11101);
#11101 = CARTESIAN_POINT('',(-0.665,0.4,0.2));
#11102 = LINE('',#11103,#11104);
#11103 = CARTESIAN_POINT('',(-0.665,0.4,1.E-02));
#11104 = VECTOR('',#11105,1.);
#11105 = DIRECTION('',(0.,0.,1.));
#11106 = ORIENTED_EDGE('',*,*,#11107,.F.);
#11107 = EDGE_CURVE('',#11108,#11100,#11110,.T.);
#11108 = VERTEX_POINT('',#11109);
#11109 = CARTESIAN_POINT('',(-0.665,0.6,0.2));
#11110 = LINE('',#11111,#11112);
#11111 = CARTESIAN_POINT('',(-0.665,0.895,0.2));
#11112 = VECTOR('',#11113,1.);
#11113 = DIRECTION('',(2.22044604925E-16,-1.,0.));
#11114 = ORIENTED_EDGE('',*,*,#11115,.T.);
#11115 = EDGE_CURVE('',#11108,#10549,#11116,.T.);
#11116 = LINE('',#11117,#11118);
#11117 = CARTESIAN_POINT('',(-0.665,0.6,1.E-02));
#11118 = VECTOR('',#11119,1.);
#11119 = DIRECTION('',(0.,0.,-1.));
#11120 = ORIENTED_EDGE('',*,*,#10548,.F.);
#11121 = ORIENTED_EDGE('',*,*,#11122,.T.);
#11122 = EDGE_CURVE('',#10541,#11123,#11125,.T.);
#11123 = VERTEX_POINT('',#11124);
#11124 = CARTESIAN_POINT('',(-0.665,0.9,0.2));
#11125 = LINE('',#11126,#11127);
#11126 = CARTESIAN_POINT('',(-0.665,0.9,1.E-02));
#11127 = VECTOR('',#11128,1.);
#11128 = DIRECTION('',(0.,0.,1.));
#11129 = ORIENTED_EDGE('',*,*,#11130,.F.);
#11130 = EDGE_CURVE('',#11131,#11123,#11133,.T.);
#11131 = VERTEX_POINT('',#11132);
#11132 = CARTESIAN_POINT('',(-0.665,1.1,0.2));
#11133 = LINE('',#11134,#11135);
#11134 = CARTESIAN_POINT('',(-0.665,1.145,0.2));
#11135 = VECTOR('',#11136,1.);
#11136 = DIRECTION('',(2.22044604925E-16,-1.,0.));
#11137 = ORIENTED_EDGE('',*,*,#11138,.T.);
#11138 = EDGE_CURVE('',#11131,#10516,#11139,.T.);
#11139 = LINE('',#11140,#11141);
#11140 = CARTESIAN_POINT('',(-0.665,1.1,1.E-02));
#11141 = VECTOR('',#11142,1.);
#11142 = DIRECTION('',(0.,0.,-1.));
#11143 = PLANE('',#11144);
#11144 = AXIS2_PLACEMENT_3D('',#11145,#11146,#11147);
#11145 = CARTESIAN_POINT('',(-0.665,1.29,2.E-02));
#11146 = DIRECTION('',(1.,2.22044604925E-16,0.));
#11147 = DIRECTION('',(0.,-0.,1.));
#11148 = ADVANCED_FACE('',(#11149),#11183,.F.);
#11149 = FACE_BOUND('',#11150,.F.);
#11150 = EDGE_LOOP('',(#11151,#11161,#11167,#11168,#11169,#11177));
#11151 = ORIENTED_EDGE('',*,*,#11152,.F.);
#11152 = EDGE_CURVE('',#11153,#11155,#11157,.T.);
#11153 = VERTEX_POINT('',#11154);
#11154 = CARTESIAN_POINT('',(-0.275,1.1,0.));
#11155 = VERTEX_POINT('',#11156);
#11156 = CARTESIAN_POINT('',(-0.675,1.1,0.));
#11157 = LINE('',#11158,#11159);
#11158 = CARTESIAN_POINT('',(-0.275,1.1,0.));
#11159 = VECTOR('',#11160,1.);
#11160 = DIRECTION('',(-1.,2.288475490444E-17,0.));
#11161 = ORIENTED_EDGE('',*,*,#11162,.T.);
#11162 = EDGE_CURVE('',#11153,#10524,#11163,.T.);
#11163 = LINE('',#11164,#11165);
#11164 = CARTESIAN_POINT('',(-0.275,1.1,0.));
#11165 = VECTOR('',#11166,1.);
#11166 = DIRECTION('',(0.,0.,1.));
#11167 = ORIENTED_EDGE('',*,*,#10523,.F.);
#11168 = ORIENTED_EDGE('',*,*,#11138,.F.);
#11169 = ORIENTED_EDGE('',*,*,#11170,.T.);
#11170 = EDGE_CURVE('',#11131,#11171,#11173,.T.);
#11171 = VERTEX_POINT('',#11172);
#11172 = CARTESIAN_POINT('',(-0.675,1.1,0.2));
#11173 = LINE('',#11174,#11175);
#11174 = CARTESIAN_POINT('',(-0.275,1.1,0.2));
#11175 = VECTOR('',#11176,1.);
#11176 = DIRECTION('',(-1.,2.288475490444E-17,0.));
#11177 = ORIENTED_EDGE('',*,*,#11178,.F.);
#11178 = EDGE_CURVE('',#11155,#11171,#11179,.T.);
#11179 = LINE('',#11180,#11181);
#11180 = CARTESIAN_POINT('',(-0.675,1.1,0.));
#11181 = VECTOR('',#11182,1.);
#11182 = DIRECTION('',(0.,0.,1.));
#11183 = PLANE('',#11184);
#11184 = AXIS2_PLACEMENT_3D('',#11185,#11186,#11187);
#11185 = CARTESIAN_POINT('',(-0.275,1.1,0.));
#11186 = DIRECTION('',(-2.288475490444E-17,-1.,0.));
#11187 = DIRECTION('',(-1.,2.288475490444E-17,0.));
#11188 = ADVANCED_FACE('',(#11189),#11208,.T.);
#11189 = FACE_BOUND('',#11190,.T.);
#11190 = EDGE_LOOP('',(#11191,#11192,#11193,#11201));
#11191 = ORIENTED_EDGE('',*,*,#11162,.T.);
#11192 = ORIENTED_EDGE('',*,*,#10531,.T.);
#11193 = ORIENTED_EDGE('',*,*,#11194,.F.);
#11194 = EDGE_CURVE('',#11195,#10532,#11197,.T.);
#11195 = VERTEX_POINT('',#11196);
#11196 = CARTESIAN_POINT('',(-0.275,0.9,0.));
#11197 = LINE('',#11198,#11199);
#11198 = CARTESIAN_POINT('',(-0.275,0.9,0.));
#11199 = VECTOR('',#11200,1.);
#11200 = DIRECTION('',(0.,0.,1.));
#11201 = ORIENTED_EDGE('',*,*,#11202,.T.);
#11202 = EDGE_CURVE('',#11195,#11153,#11203,.T.);
#11203 = CIRCLE('',#11204,0.1);
#11204 = AXIS2_PLACEMENT_3D('',#11205,#11206,#11207);
#11205 = CARTESIAN_POINT('',(-0.275,1.,0.));
#11206 = DIRECTION('',(-0.,0.,1.));
#11207 = DIRECTION('',(5.322267574081E-16,-1.,0.));
#11208 = CYLINDRICAL_SURFACE('',#11209,0.1);
#11209 = AXIS2_PLACEMENT_3D('',#11210,#11211,#11212);
#11210 = CARTESIAN_POINT('',(-0.275,1.,0.));
#11211 = DIRECTION('',(0.,0.,-1.));
#11212 = DIRECTION('',(5.322267574081E-16,-1.,0.));
#11213 = ADVANCED_FACE('',(#11214),#11241,.F.);
#11214 = FACE_BOUND('',#11215,.F.);
#11215 = EDGE_LOOP('',(#11216,#11224,#11232,#11238,#11239,#11240));
#11216 = ORIENTED_EDGE('',*,*,#11217,.F.);
#11217 = EDGE_CURVE('',#11218,#11195,#11220,.T.);
#11218 = VERTEX_POINT('',#11219);
#11219 = CARTESIAN_POINT('',(-0.675,0.9,0.));
#11220 = LINE('',#11221,#11222);
#11221 = CARTESIAN_POINT('',(-0.675,0.9,0.));
#11222 = VECTOR('',#11223,1.);
#11223 = DIRECTION('',(1.,-2.288475490444E-17,0.));
#11224 = ORIENTED_EDGE('',*,*,#11225,.T.);
#11225 = EDGE_CURVE('',#11218,#11226,#11228,.T.);
#11226 = VERTEX_POINT('',#11227);
#11227 = CARTESIAN_POINT('',(-0.675,0.9,0.2));
#11228 = LINE('',#11229,#11230);
#11229 = CARTESIAN_POINT('',(-0.675,0.9,0.));
#11230 = VECTOR('',#11231,1.);
#11231 = DIRECTION('',(0.,0.,1.));
#11232 = ORIENTED_EDGE('',*,*,#11233,.T.);
#11233 = EDGE_CURVE('',#11226,#11123,#11234,.T.);
#11234 = LINE('',#11235,#11236);
#11235 = CARTESIAN_POINT('',(-0.675,0.9,0.2));
#11236 = VECTOR('',#11237,1.);
#11237 = DIRECTION('',(1.,-2.288475490444E-17,0.));
#11238 = ORIENTED_EDGE('',*,*,#11122,.F.);
#11239 = ORIENTED_EDGE('',*,*,#10540,.F.);
#11240 = ORIENTED_EDGE('',*,*,#11194,.F.);
#11241 = PLANE('',#11242);
#11242 = AXIS2_PLACEMENT_3D('',#11243,#11244,#11245);
#11243 = CARTESIAN_POINT('',(-0.675,0.9,0.));
#11244 = DIRECTION('',(2.288475490444E-17,1.,0.));
#11245 = DIRECTION('',(1.,-2.288475490444E-17,0.));
#11246 = ADVANCED_FACE('',(#11247),#11281,.F.);
#11247 = FACE_BOUND('',#11248,.F.);
#11248 = EDGE_LOOP('',(#11249,#11259,#11267,#11273,#11274,#11275));
#11249 = ORIENTED_EDGE('',*,*,#11250,.F.);
#11250 = EDGE_CURVE('',#11251,#11253,#11255,.T.);
#11251 = VERTEX_POINT('',#11252);
#11252 = CARTESIAN_POINT('',(0.675,0.6,0.));
#11253 = VERTEX_POINT('',#11254);
#11254 = CARTESIAN_POINT('',(0.275,0.6,0.));
#11255 = LINE('',#11256,#11257);
#11256 = CARTESIAN_POINT('',(0.675,0.6,0.));
#11257 = VECTOR('',#11258,1.);
#11258 = DIRECTION('',(-1.,-9.95799250103E-17,0.));
#11259 = ORIENTED_EDGE('',*,*,#11260,.T.);
#11260 = EDGE_CURVE('',#11251,#11261,#11263,.T.);
#11261 = VERTEX_POINT('',#11262);
#11262 = CARTESIAN_POINT('',(0.675,0.6,0.2));
#11263 = LINE('',#11264,#11265);
#11264 = CARTESIAN_POINT('',(0.675,0.6,0.));
#11265 = VECTOR('',#11266,1.);
#11266 = DIRECTION('',(0.,0.,1.));
#11267 = ORIENTED_EDGE('',*,*,#11268,.T.);
#11268 = EDGE_CURVE('',#11261,#10947,#11269,.T.);
#11269 = LINE('',#11270,#11271);
#11270 = CARTESIAN_POINT('',(0.675,0.6,0.2));
#11271 = VECTOR('',#11272,1.);
#11272 = DIRECTION('',(-1.,-9.95799250103E-17,0.));
#11273 = ORIENTED_EDGE('',*,*,#10954,.T.);
#11274 = ORIENTED_EDGE('',*,*,#10820,.F.);
#11275 = ORIENTED_EDGE('',*,*,#11276,.F.);
#11276 = EDGE_CURVE('',#11253,#10812,#11277,.T.);
#11277 = LINE('',#11278,#11279);
#11278 = CARTESIAN_POINT('',(0.275,0.6,0.));
#11279 = VECTOR('',#11280,1.);
#11280 = DIRECTION('',(0.,0.,1.));
#11281 = PLANE('',#11282);
#11282 = AXIS2_PLACEMENT_3D('',#11283,#11284,#11285);
#11283 = CARTESIAN_POINT('',(0.675,0.6,0.));
#11284 = DIRECTION('',(9.95799250103E-17,-1.,0.));
#11285 = DIRECTION('',(-1.,-9.95799250103E-17,0.));
#11286 = ADVANCED_FACE('',(#11287),#11306,.T.);
#11287 = FACE_BOUND('',#11288,.T.);
#11288 = EDGE_LOOP('',(#11289,#11297,#11298,#11299));
#11289 = ORIENTED_EDGE('',*,*,#11290,.T.);
#11290 = EDGE_CURVE('',#11291,#10804,#11293,.T.);
#11291 = VERTEX_POINT('',#11292);
#11292 = CARTESIAN_POINT('',(0.275,0.4,0.));
#11293 = LINE('',#11294,#11295);
#11294 = CARTESIAN_POINT('',(0.275,0.4,0.));
#11295 = VECTOR('',#11296,1.);
#11296 = DIRECTION('',(0.,0.,1.));
#11297 = ORIENTED_EDGE('',*,*,#10811,.T.);
#11298 = ORIENTED_EDGE('',*,*,#11276,.F.);
#11299 = ORIENTED_EDGE('',*,*,#11300,.T.);
#11300 = EDGE_CURVE('',#11253,#11291,#11301,.T.);
#11301 = CIRCLE('',#11302,0.1);
#11302 = AXIS2_PLACEMENT_3D('',#11303,#11304,#11305);
#11303 = CARTESIAN_POINT('',(0.275,0.5,0.));
#11304 = DIRECTION('',(0.,0.,1.));
#11305 = DIRECTION('',(-6.546914373229E-16,1.,0.));
#11306 = CYLINDRICAL_SURFACE('',#11307,0.1);
#11307 = AXIS2_PLACEMENT_3D('',#11308,#11309,#11310);
#11308 = CARTESIAN_POINT('',(0.275,0.5,0.));
#11309 = DIRECTION('',(0.,0.,-1.));
#11310 = DIRECTION('',(-6.546914373229E-16,1.,0.));
#11311 = ADVANCED_FACE('',(#11312),#11346,.F.);
#11312 = FACE_BOUND('',#11313,.F.);
#11313 = EDGE_LOOP('',(#11314,#11324,#11330,#11331,#11332,#11340));
#11314 = ORIENTED_EDGE('',*,*,#11315,.F.);
#11315 = EDGE_CURVE('',#11316,#11318,#11320,.T.);
#11316 = VERTEX_POINT('',#11317);
#11317 = CARTESIAN_POINT('',(-0.275,0.6,0.));
#11318 = VERTEX_POINT('',#11319);
#11319 = CARTESIAN_POINT('',(-0.675,0.6,0.));
#11320 = LINE('',#11321,#11322);
#11321 = CARTESIAN_POINT('',(-0.275,0.6,0.));
#11322 = VECTOR('',#11323,1.);
#11323 = DIRECTION('',(-1.,2.288475490444E-17,0.));
#11324 = ORIENTED_EDGE('',*,*,#11325,.T.);
#11325 = EDGE_CURVE('',#11316,#10557,#11326,.T.);
#11326 = LINE('',#11327,#11328);
#11327 = CARTESIAN_POINT('',(-0.275,0.6,0.));
#11328 = VECTOR('',#11329,1.);
#11329 = DIRECTION('',(0.,0.,1.));
#11330 = ORIENTED_EDGE('',*,*,#10556,.F.);
#11331 = ORIENTED_EDGE('',*,*,#11115,.F.);
#11332 = ORIENTED_EDGE('',*,*,#11333,.T.);
#11333 = EDGE_CURVE('',#11108,#11334,#11336,.T.);
#11334 = VERTEX_POINT('',#11335);
#11335 = CARTESIAN_POINT('',(-0.675,0.6,0.2));
#11336 = LINE('',#11337,#11338);
#11337 = CARTESIAN_POINT('',(-0.275,0.6,0.2));
#11338 = VECTOR('',#11339,1.);
#11339 = DIRECTION('',(-1.,2.288475490444E-17,0.));
#11340 = ORIENTED_EDGE('',*,*,#11341,.F.);
#11341 = EDGE_CURVE('',#11318,#11334,#11342,.T.);
#11342 = LINE('',#11343,#11344);
#11343 = CARTESIAN_POINT('',(-0.675,0.6,0.));
#11344 = VECTOR('',#11345,1.);
#11345 = DIRECTION('',(0.,0.,1.));
#11346 = PLANE('',#11347);
#11347 = AXIS2_PLACEMENT_3D('',#11348,#11349,#11350);
#11348 = CARTESIAN_POINT('',(-0.275,0.6,0.));
#11349 = DIRECTION('',(-2.288475490444E-17,-1.,0.));
#11350 = DIRECTION('',(-1.,2.288475490444E-17,0.));
#11351 = ADVANCED_FACE('',(#11352),#11379,.F.);
#11352 = FACE_BOUND('',#11353,.F.);
#11353 = EDGE_LOOP('',(#11354,#11362,#11363,#11364,#11365,#11373));
#11354 = ORIENTED_EDGE('',*,*,#11355,.F.);
#11355 = EDGE_CURVE('',#11291,#11356,#11358,.T.);
#11356 = VERTEX_POINT('',#11357);
#11357 = CARTESIAN_POINT('',(0.675,0.4,0.));
#11358 = LINE('',#11359,#11360);
#11359 = CARTESIAN_POINT('',(0.275,0.4,0.));
#11360 = VECTOR('',#11361,1.);
#11361 = DIRECTION('',(1.,9.95799250103E-17,0.));
#11362 = ORIENTED_EDGE('',*,*,#11290,.T.);
#11363 = ORIENTED_EDGE('',*,*,#10803,.F.);
#11364 = ORIENTED_EDGE('',*,*,#10938,.T.);
#11365 = ORIENTED_EDGE('',*,*,#11366,.T.);
#11366 = EDGE_CURVE('',#10939,#11367,#11369,.T.);
#11367 = VERTEX_POINT('',#11368);
#11368 = CARTESIAN_POINT('',(0.675,0.4,0.2));
#11369 = LINE('',#11370,#11371);
#11370 = CARTESIAN_POINT('',(0.275,0.4,0.2));
#11371 = VECTOR('',#11372,1.);
#11372 = DIRECTION('',(1.,9.95799250103E-17,0.));
#11373 = ORIENTED_EDGE('',*,*,#11374,.F.);
#11374 = EDGE_CURVE('',#11356,#11367,#11375,.T.);
#11375 = LINE('',#11376,#11377);
#11376 = CARTESIAN_POINT('',(0.675,0.4,0.));
#11377 = VECTOR('',#11378,1.);
#11378 = DIRECTION('',(0.,0.,1.));
#11379 = PLANE('',#11380);
#11380 = AXIS2_PLACEMENT_3D('',#11381,#11382,#11383);
#11381 = CARTESIAN_POINT('',(0.275,0.4,0.));
#11382 = DIRECTION('',(-9.95799250103E-17,1.,0.));
#11383 = DIRECTION('',(1.,9.95799250103E-17,0.));
#11384 = ADVANCED_FACE('',(#11385),#11404,.T.);
#11385 = FACE_BOUND('',#11386,.T.);
#11386 = EDGE_LOOP('',(#11387,#11388,#11389,#11397));
#11387 = ORIENTED_EDGE('',*,*,#11325,.T.);
#11388 = ORIENTED_EDGE('',*,*,#10564,.T.);
#11389 = ORIENTED_EDGE('',*,*,#11390,.F.);
#11390 = EDGE_CURVE('',#11391,#10565,#11393,.T.);
#11391 = VERTEX_POINT('',#11392);
#11392 = CARTESIAN_POINT('',(-0.275,0.4,0.));
#11393 = LINE('',#11394,#11395);
#11394 = CARTESIAN_POINT('',(-0.275,0.4,0.));
#11395 = VECTOR('',#11396,1.);
#11396 = DIRECTION('',(0.,0.,1.));
#11397 = ORIENTED_EDGE('',*,*,#11398,.T.);
#11398 = EDGE_CURVE('',#11391,#11316,#11399,.T.);
#11399 = CIRCLE('',#11400,0.1);
#11400 = AXIS2_PLACEMENT_3D('',#11401,#11402,#11403);
#11401 = CARTESIAN_POINT('',(-0.275,0.5,0.));
#11402 = DIRECTION('',(-0.,0.,1.));
#11403 = DIRECTION('',(5.322267574081E-16,-1.,0.));
#11404 = CYLINDRICAL_SURFACE('',#11405,0.1);
#11405 = AXIS2_PLACEMENT_3D('',#11406,#11407,#11408);
#11406 = CARTESIAN_POINT('',(-0.275,0.5,0.));
#11407 = DIRECTION('',(0.,0.,-1.));
#11408 = DIRECTION('',(5.322267574081E-16,-1.,0.));
#11409 = ADVANCED_FACE('',(#11410),#11437,.F.);
#11410 = FACE_BOUND('',#11411,.F.);
#11411 = EDGE_LOOP('',(#11412,#11420,#11428,#11434,#11435,#11436));
#11412 = ORIENTED_EDGE('',*,*,#11413,.F.);
#11413 = EDGE_CURVE('',#11414,#11391,#11416,.T.);
#11414 = VERTEX_POINT('',#11415);
#11415 = CARTESIAN_POINT('',(-0.675,0.4,0.));
#11416 = LINE('',#11417,#11418);
#11417 = CARTESIAN_POINT('',(-0.675,0.4,0.));
#11418 = VECTOR('',#11419,1.);
#11419 = DIRECTION('',(1.,-2.288475490444E-17,0.));
#11420 = ORIENTED_EDGE('',*,*,#11421,.T.);
#11421 = EDGE_CURVE('',#11414,#11422,#11424,.T.);
#11422 = VERTEX_POINT('',#11423);
#11423 = CARTESIAN_POINT('',(-0.675,0.4,0.2));
#11424 = LINE('',#11425,#11426);
#11425 = CARTESIAN_POINT('',(-0.675,0.4,0.));
#11426 = VECTOR('',#11427,1.);
#11427 = DIRECTION('',(0.,0.,1.));
#11428 = ORIENTED_EDGE('',*,*,#11429,.T.);
#11429 = EDGE_CURVE('',#11422,#11100,#11430,.T.);
#11430 = LINE('',#11431,#11432);
#11431 = CARTESIAN_POINT('',(-0.675,0.4,0.2));
#11432 = VECTOR('',#11433,1.);
#11433 = DIRECTION('',(1.,-2.288475490444E-17,0.));
#11434 = ORIENTED_EDGE('',*,*,#11099,.F.);
#11435 = ORIENTED_EDGE('',*,*,#10573,.F.);
#11436 = ORIENTED_EDGE('',*,*,#11390,.F.);
#11437 = PLANE('',#11438);
#11438 = AXIS2_PLACEMENT_3D('',#11439,#11440,#11441);
#11439 = CARTESIAN_POINT('',(-0.675,0.4,0.));
#11440 = DIRECTION('',(2.288475490444E-17,1.,0.));
#11441 = DIRECTION('',(1.,-2.288475490444E-17,0.));
#11442 = ADVANCED_FACE('',(#11443),#11477,.F.);
#11443 = FACE_BOUND('',#11444,.F.);
#11444 = EDGE_LOOP('',(#11445,#11455,#11463,#11469,#11470,#11471));
#11445 = ORIENTED_EDGE('',*,*,#11446,.F.);
#11446 = EDGE_CURVE('',#11447,#11449,#11451,.T.);
#11447 = VERTEX_POINT('',#11448);
#11448 = CARTESIAN_POINT('',(0.675,0.1,0.));
#11449 = VERTEX_POINT('',#11450);
#11450 = CARTESIAN_POINT('',(0.275,0.1,0.));
#11451 = LINE('',#11452,#11453);
#11452 = CARTESIAN_POINT('',(0.675,0.1,0.));
#11453 = VECTOR('',#11454,1.);
#11454 = DIRECTION('',(-1.,-9.95799250103E-17,0.));
#11455 = ORIENTED_EDGE('',*,*,#11456,.T.);
#11456 = EDGE_CURVE('',#11447,#11457,#11459,.T.);
#11457 = VERTEX_POINT('',#11458);
#11458 = CARTESIAN_POINT('',(0.675,0.1,0.2));
#11459 = LINE('',#11460,#11461);
#11460 = CARTESIAN_POINT('',(0.675,0.1,0.));
#11461 = VECTOR('',#11462,1.);
#11462 = DIRECTION('',(0.,0.,1.));
#11463 = ORIENTED_EDGE('',*,*,#11464,.T.);
#11464 = EDGE_CURVE('',#11457,#10924,#11465,.T.);
#11465 = LINE('',#11466,#11467);
#11466 = CARTESIAN_POINT('',(0.675,0.1,0.2));
#11467 = VECTOR('',#11468,1.);
#11468 = DIRECTION('',(-1.,-9.95799250103E-17,0.));
#11469 = ORIENTED_EDGE('',*,*,#10931,.T.);
#11470 = ORIENTED_EDGE('',*,*,#10787,.F.);
#11471 = ORIENTED_EDGE('',*,*,#11472,.F.);
#11472 = EDGE_CURVE('',#11449,#10779,#11473,.T.);
#11473 = LINE('',#11474,#11475);
#11474 = CARTESIAN_POINT('',(0.275,0.1,0.));
#11475 = VECTOR('',#11476,1.);
#11476 = DIRECTION('',(0.,0.,1.));
#11477 = PLANE('',#11478);
#11478 = AXIS2_PLACEMENT_3D('',#11479,#11480,#11481);
#11479 = CARTESIAN_POINT('',(0.675,0.1,0.));
#11480 = DIRECTION('',(9.95799250103E-17,-1.,0.));
#11481 = DIRECTION('',(-1.,-9.95799250103E-17,0.));
#11482 = ADVANCED_FACE('',(#11483),#11502,.T.);
#11483 = FACE_BOUND('',#11484,.T.);
#11484 = EDGE_LOOP('',(#11485,#11493,#11494,#11495));
#11485 = ORIENTED_EDGE('',*,*,#11486,.T.);
#11486 = EDGE_CURVE('',#11487,#10771,#11489,.T.);
#11487 = VERTEX_POINT('',#11488);
#11488 = CARTESIAN_POINT('',(0.275,-0.1,0.));
#11489 = LINE('',#11490,#11491);
#11490 = CARTESIAN_POINT('',(0.275,-0.1,0.));
#11491 = VECTOR('',#11492,1.);
#11492 = DIRECTION('',(0.,0.,1.));
#11493 = ORIENTED_EDGE('',*,*,#10778,.T.);
#11494 = ORIENTED_EDGE('',*,*,#11472,.F.);
#11495 = ORIENTED_EDGE('',*,*,#11496,.T.);
#11496 = EDGE_CURVE('',#11449,#11487,#11497,.T.);
#11497 = CIRCLE('',#11498,0.1);
#11498 = AXIS2_PLACEMENT_3D('',#11499,#11500,#11501);
#11499 = CARTESIAN_POINT('',(0.275,1.249000902703E-16,0.));
#11500 = DIRECTION('',(0.,0.,1.));
#11501 = DIRECTION('',(-6.546914373229E-16,1.,0.));
#11502 = CYLINDRICAL_SURFACE('',#11503,0.1);
#11503 = AXIS2_PLACEMENT_3D('',#11504,#11505,#11506);
#11504 = CARTESIAN_POINT('',(0.275,1.249000902703E-16,0.));
#11505 = DIRECTION('',(0.,0.,-1.));
#11506 = DIRECTION('',(-6.546914373229E-16,1.,0.));
#11507 = ADVANCED_FACE('',(#11508),#11542,.F.);
#11508 = FACE_BOUND('',#11509,.F.);
#11509 = EDGE_LOOP('',(#11510,#11520,#11526,#11527,#11528,#11536));
#11510 = ORIENTED_EDGE('',*,*,#11511,.F.);
#11511 = EDGE_CURVE('',#11512,#11514,#11516,.T.);
#11512 = VERTEX_POINT('',#11513);
#11513 = CARTESIAN_POINT('',(-0.275,0.1,0.));
#11514 = VERTEX_POINT('',#11515);
#11515 = CARTESIAN_POINT('',(-0.675,0.1,0.));
#11516 = LINE('',#11517,#11518);
#11517 = CARTESIAN_POINT('',(-0.275,0.1,0.));
#11518 = VECTOR('',#11519,1.);
#11519 = DIRECTION('',(-1.,2.288475490444E-17,0.));
#11520 = ORIENTED_EDGE('',*,*,#11521,.T.);
#11521 = EDGE_CURVE('',#11512,#10590,#11522,.T.);
#11522 = LINE('',#11523,#11524);
#11523 = CARTESIAN_POINT('',(-0.275,0.1,0.));
#11524 = VECTOR('',#11525,1.);
#11525 = DIRECTION('',(0.,0.,1.));
#11526 = ORIENTED_EDGE('',*,*,#10589,.F.);
#11527 = ORIENTED_EDGE('',*,*,#11092,.F.);
#11528 = ORIENTED_EDGE('',*,*,#11529,.T.);
#11529 = EDGE_CURVE('',#11085,#11530,#11532,.T.);
#11530 = VERTEX_POINT('',#11531);
#11531 = CARTESIAN_POINT('',(-0.675,0.1,0.2));
#11532 = LINE('',#11533,#11534);
#11533 = CARTESIAN_POINT('',(-0.275,0.1,0.2));
#11534 = VECTOR('',#11535,1.);
#11535 = DIRECTION('',(-1.,2.288475490444E-17,0.));
#11536 = ORIENTED_EDGE('',*,*,#11537,.F.);
#11537 = EDGE_CURVE('',#11514,#11530,#11538,.T.);
#11538 = LINE('',#11539,#11540);
#11539 = CARTESIAN_POINT('',(-0.675,0.1,0.));
#11540 = VECTOR('',#11541,1.);
#11541 = DIRECTION('',(0.,0.,1.));
#11542 = PLANE('',#11543);
#11543 = AXIS2_PLACEMENT_3D('',#11544,#11545,#11546);
#11544 = CARTESIAN_POINT('',(-0.275,0.1,0.));
#11545 = DIRECTION('',(-2.288475490444E-17,-1.,0.));
#11546 = DIRECTION('',(-1.,2.288475490444E-17,0.));
#11547 = ADVANCED_FACE('',(#11548),#11575,.F.);
#11548 = FACE_BOUND('',#11549,.F.);
#11549 = EDGE_LOOP('',(#11550,#11558,#11559,#11560,#11561,#11569));
#11550 = ORIENTED_EDGE('',*,*,#11551,.F.);
#11551 = EDGE_CURVE('',#11487,#11552,#11554,.T.);
#11552 = VERTEX_POINT('',#11553);
#11553 = CARTESIAN_POINT('',(0.675,-0.1,0.));
#11554 = LINE('',#11555,#11556);
#11555 = CARTESIAN_POINT('',(0.275,-0.1,0.));
#11556 = VECTOR('',#11557,1.);
#11557 = DIRECTION('',(1.,9.95799250103E-17,0.));
#11558 = ORIENTED_EDGE('',*,*,#11486,.T.);
#11559 = ORIENTED_EDGE('',*,*,#10770,.F.);
#11560 = ORIENTED_EDGE('',*,*,#10915,.T.);
#11561 = ORIENTED_EDGE('',*,*,#11562,.T.);
#11562 = EDGE_CURVE('',#10916,#11563,#11565,.T.);
#11563 = VERTEX_POINT('',#11564);
#11564 = CARTESIAN_POINT('',(0.675,-0.1,0.2));
#11565 = LINE('',#11566,#11567);
#11566 = CARTESIAN_POINT('',(0.275,-0.1,0.2));
#11567 = VECTOR('',#11568,1.);
#11568 = DIRECTION('',(1.,9.95799250103E-17,0.));
#11569 = ORIENTED_EDGE('',*,*,#11570,.F.);
#11570 = EDGE_CURVE('',#11552,#11563,#11571,.T.);
#11571 = LINE('',#11572,#11573);
#11572 = CARTESIAN_POINT('',(0.675,-0.1,0.));
#11573 = VECTOR('',#11574,1.);
#11574 = DIRECTION('',(0.,0.,1.));
#11575 = PLANE('',#11576);
#11576 = AXIS2_PLACEMENT_3D('',#11577,#11578,#11579);
#11577 = CARTESIAN_POINT('',(0.275,-0.1,0.));
#11578 = DIRECTION('',(-9.95799250103E-17,1.,0.));
#11579 = DIRECTION('',(1.,9.95799250103E-17,0.));
#11580 = ADVANCED_FACE('',(#11581),#11600,.T.);
#11581 = FACE_BOUND('',#11582,.T.);
#11582 = EDGE_LOOP('',(#11583,#11584,#11585,#11593));
#11583 = ORIENTED_EDGE('',*,*,#11521,.T.);
#11584 = ORIENTED_EDGE('',*,*,#10597,.T.);
#11585 = ORIENTED_EDGE('',*,*,#11586,.F.);
#11586 = EDGE_CURVE('',#11587,#10598,#11589,.T.);
#11587 = VERTEX_POINT('',#11588);
#11588 = CARTESIAN_POINT('',(-0.275,-0.1,0.));
#11589 = LINE('',#11590,#11591);
#11590 = CARTESIAN_POINT('',(-0.275,-0.1,0.));
#11591 = VECTOR('',#11592,1.);
#11592 = DIRECTION('',(0.,0.,1.));
#11593 = ORIENTED_EDGE('',*,*,#11594,.T.);
#11594 = EDGE_CURVE('',#11587,#11512,#11595,.T.);
#11595 = CIRCLE('',#11596,0.1);
#11596 = AXIS2_PLACEMENT_3D('',#11597,#11598,#11599);
#11597 = CARTESIAN_POINT('',(-0.275,-9.71445146547E-17,0.));
#11598 = DIRECTION('',(-0.,0.,1.));
#11599 = DIRECTION('',(5.322267574081E-16,-1.,0.));
#11600 = CYLINDRICAL_SURFACE('',#11601,0.1);
#11601 = AXIS2_PLACEMENT_3D('',#11602,#11603,#11604);
#11602 = CARTESIAN_POINT('',(-0.275,-9.71445146547E-17,0.));
#11603 = DIRECTION('',(0.,0.,-1.));
#11604 = DIRECTION('',(5.322267574081E-16,-1.,0.));
#11605 = ADVANCED_FACE('',(#11606),#11633,.F.);
#11606 = FACE_BOUND('',#11607,.F.);
#11607 = EDGE_LOOP('',(#11608,#11616,#11624,#11630,#11631,#11632));
#11608 = ORIENTED_EDGE('',*,*,#11609,.F.);
#11609 = EDGE_CURVE('',#11610,#11587,#11612,.T.);
#11610 = VERTEX_POINT('',#11611);
#11611 = CARTESIAN_POINT('',(-0.675,-0.1,0.));
#11612 = LINE('',#11613,#11614);
#11613 = CARTESIAN_POINT('',(-0.675,-0.1,0.));
#11614 = VECTOR('',#11615,1.);
#11615 = DIRECTION('',(1.,-2.288475490444E-17,0.));
#11616 = ORIENTED_EDGE('',*,*,#11617,.T.);
#11617 = EDGE_CURVE('',#11610,#11618,#11620,.T.);
#11618 = VERTEX_POINT('',#11619);
#11619 = CARTESIAN_POINT('',(-0.675,-0.1,0.2));
#11620 = LINE('',#11621,#11622);
#11621 = CARTESIAN_POINT('',(-0.675,-0.1,0.));
#11622 = VECTOR('',#11623,1.);
#11623 = DIRECTION('',(0.,0.,1.));
#11624 = ORIENTED_EDGE('',*,*,#11625,.T.);
#11625 = EDGE_CURVE('',#11618,#11077,#11626,.T.);
#11626 = LINE('',#11627,#11628);
#11627 = CARTESIAN_POINT('',(-0.675,-0.1,0.2));
#11628 = VECTOR('',#11629,1.);
#11629 = DIRECTION('',(1.,-2.288475490444E-17,0.));
#11630 = ORIENTED_EDGE('',*,*,#11076,.F.);
#11631 = ORIENTED_EDGE('',*,*,#10606,.F.);
#11632 = ORIENTED_EDGE('',*,*,#11586,.F.);
#11633 = PLANE('',#11634);
#11634 = AXIS2_PLACEMENT_3D('',#11635,#11636,#11637);
#11635 = CARTESIAN_POINT('',(-0.675,-0.1,0.));
#11636 = DIRECTION('',(2.288475490444E-17,1.,0.));
#11637 = DIRECTION('',(1.,-2.288475490444E-17,0.));
#11638 = ADVANCED_FACE('',(#11639),#11673,.F.);
#11639 = FACE_BOUND('',#11640,.F.);
#11640 = EDGE_LOOP('',(#11641,#11651,#11659,#11665,#11666,#11667));
#11641 = ORIENTED_EDGE('',*,*,#11642,.F.);
#11642 = EDGE_CURVE('',#11643,#11645,#11647,.T.);
#11643 = VERTEX_POINT('',#11644);
#11644 = CARTESIAN_POINT('',(0.675,-0.4,0.));
#11645 = VERTEX_POINT('',#11646);
#11646 = CARTESIAN_POINT('',(0.275,-0.4,0.));
#11647 = LINE('',#11648,#11649);
#11648 = CARTESIAN_POINT('',(0.675,-0.4,0.));
#11649 = VECTOR('',#11650,1.);
#11650 = DIRECTION('',(-1.,-9.95799250103E-17,0.));
#11651 = ORIENTED_EDGE('',*,*,#11652,.T.);
#11652 = EDGE_CURVE('',#11643,#11653,#11655,.T.);
#11653 = VERTEX_POINT('',#11654);
#11654 = CARTESIAN_POINT('',(0.675,-0.4,0.2));
#11655 = LINE('',#11656,#11657);
#11656 = CARTESIAN_POINT('',(0.675,-0.4,0.));
#11657 = VECTOR('',#11658,1.);
#11658 = DIRECTION('',(0.,0.,1.));
#11659 = ORIENTED_EDGE('',*,*,#11660,.T.);
#11660 = EDGE_CURVE('',#11653,#10901,#11661,.T.);
#11661 = LINE('',#11662,#11663);
#11662 = CARTESIAN_POINT('',(0.675,-0.4,0.2));
#11663 = VECTOR('',#11664,1.);
#11664 = DIRECTION('',(-1.,-9.95799250103E-17,0.));
#11665 = ORIENTED_EDGE('',*,*,#10908,.T.);
#11666 = ORIENTED_EDGE('',*,*,#10754,.F.);
#11667 = ORIENTED_EDGE('',*,*,#11668,.F.);
#11668 = EDGE_CURVE('',#11645,#10746,#11669,.T.);
#11669 = LINE('',#11670,#11671);
#11670 = CARTESIAN_POINT('',(0.275,-0.4,0.));
#11671 = VECTOR('',#11672,1.);
#11672 = DIRECTION('',(0.,0.,1.));
#11673 = PLANE('',#11674);
#11674 = AXIS2_PLACEMENT_3D('',#11675,#11676,#11677);
#11675 = CARTESIAN_POINT('',(0.675,-0.4,0.));
#11676 = DIRECTION('',(9.95799250103E-17,-1.,0.));
#11677 = DIRECTION('',(-1.,-9.95799250103E-17,0.));
#11678 = ADVANCED_FACE('',(#11679),#11698,.T.);
#11679 = FACE_BOUND('',#11680,.T.);
#11680 = EDGE_LOOP('',(#11681,#11689,#11690,#11691));
#11681 = ORIENTED_EDGE('',*,*,#11682,.T.);
#11682 = EDGE_CURVE('',#11683,#10738,#11685,.T.);
#11683 = VERTEX_POINT('',#11684);
#11684 = CARTESIAN_POINT('',(0.275,-0.6,0.));
#11685 = LINE('',#11686,#11687);
#11686 = CARTESIAN_POINT('',(0.275,-0.6,0.));
#11687 = VECTOR('',#11688,1.);
#11688 = DIRECTION('',(0.,0.,1.));
#11689 = ORIENTED_EDGE('',*,*,#10745,.T.);
#11690 = ORIENTED_EDGE('',*,*,#11668,.F.);
#11691 = ORIENTED_EDGE('',*,*,#11692,.T.);
#11692 = EDGE_CURVE('',#11645,#11683,#11693,.T.);
#11693 = CIRCLE('',#11694,0.1);
#11694 = AXIS2_PLACEMENT_3D('',#11695,#11696,#11697);
#11695 = CARTESIAN_POINT('',(0.275,-0.5,0.));
#11696 = DIRECTION('',(0.,0.,1.));
#11697 = DIRECTION('',(-6.546914373229E-16,1.,0.));
#11698 = CYLINDRICAL_SURFACE('',#11699,0.1);
#11699 = AXIS2_PLACEMENT_3D('',#11700,#11701,#11702);
#11700 = CARTESIAN_POINT('',(0.275,-0.5,0.));
#11701 = DIRECTION('',(0.,0.,-1.));
#11702 = DIRECTION('',(-6.546914373229E-16,1.,0.));
#11703 = ADVANCED_FACE('',(#11704),#11738,.F.);
#11704 = FACE_BOUND('',#11705,.F.);
#11705 = EDGE_LOOP('',(#11706,#11716,#11722,#11723,#11724,#11732));
#11706 = ORIENTED_EDGE('',*,*,#11707,.F.);
#11707 = EDGE_CURVE('',#11708,#11710,#11712,.T.);
#11708 = VERTEX_POINT('',#11709);
#11709 = CARTESIAN_POINT('',(-0.275,-0.4,0.));
#11710 = VERTEX_POINT('',#11711);
#11711 = CARTESIAN_POINT('',(-0.675,-0.4,0.));
#11712 = LINE('',#11713,#11714);
#11713 = CARTESIAN_POINT('',(-0.275,-0.4,0.));
#11714 = VECTOR('',#11715,1.);
#11715 = DIRECTION('',(-1.,2.288475490444E-17,0.));
#11716 = ORIENTED_EDGE('',*,*,#11717,.T.);
#11717 = EDGE_CURVE('',#11708,#10623,#11718,.T.);
#11718 = LINE('',#11719,#11720);
#11719 = CARTESIAN_POINT('',(-0.275,-0.4,0.));
#11720 = VECTOR('',#11721,1.);
#11721 = DIRECTION('',(0.,0.,1.));
#11722 = ORIENTED_EDGE('',*,*,#10622,.F.);
#11723 = ORIENTED_EDGE('',*,*,#11069,.F.);
#11724 = ORIENTED_EDGE('',*,*,#11725,.T.);
#11725 = EDGE_CURVE('',#11062,#11726,#11728,.T.);
#11726 = VERTEX_POINT('',#11727);
#11727 = CARTESIAN_POINT('',(-0.675,-0.4,0.2));
#11728 = LINE('',#11729,#11730);
#11729 = CARTESIAN_POINT('',(-0.275,-0.4,0.2));
#11730 = VECTOR('',#11731,1.);
#11731 = DIRECTION('',(-1.,2.288475490444E-17,0.));
#11732 = ORIENTED_EDGE('',*,*,#11733,.F.);
#11733 = EDGE_CURVE('',#11710,#11726,#11734,.T.);
#11734 = LINE('',#11735,#11736);
#11735 = CARTESIAN_POINT('',(-0.675,-0.4,0.));
#11736 = VECTOR('',#11737,1.);
#11737 = DIRECTION('',(0.,0.,1.));
#11738 = PLANE('',#11739);
#11739 = AXIS2_PLACEMENT_3D('',#11740,#11741,#11742);
#11740 = CARTESIAN_POINT('',(-0.275,-0.4,0.));
#11741 = DIRECTION('',(-2.288475490444E-17,-1.,0.));
#11742 = DIRECTION('',(-1.,2.288475490444E-17,0.));
#11743 = ADVANCED_FACE('',(#11744),#11771,.F.);
#11744 = FACE_BOUND('',#11745,.F.);
#11745 = EDGE_LOOP('',(#11746,#11754,#11755,#11756,#11757,#11765));
#11746 = ORIENTED_EDGE('',*,*,#11747,.F.);
#11747 = EDGE_CURVE('',#11683,#11748,#11750,.T.);
#11748 = VERTEX_POINT('',#11749);
#11749 = CARTESIAN_POINT('',(0.675,-0.6,0.));
#11750 = LINE('',#11751,#11752);
#11751 = CARTESIAN_POINT('',(0.275,-0.6,0.));
#11752 = VECTOR('',#11753,1.);
#11753 = DIRECTION('',(1.,9.95799250103E-17,0.));
#11754 = ORIENTED_EDGE('',*,*,#11682,.T.);
#11755 = ORIENTED_EDGE('',*,*,#10737,.F.);
#11756 = ORIENTED_EDGE('',*,*,#10892,.T.);
#11757 = ORIENTED_EDGE('',*,*,#11758,.T.);
#11758 = EDGE_CURVE('',#10893,#11759,#11761,.T.);
#11759 = VERTEX_POINT('',#11760);
#11760 = CARTESIAN_POINT('',(0.675,-0.6,0.2));
#11761 = LINE('',#11762,#11763);
#11762 = CARTESIAN_POINT('',(0.275,-0.6,0.2));
#11763 = VECTOR('',#11764,1.);
#11764 = DIRECTION('',(1.,9.95799250103E-17,0.));
#11765 = ORIENTED_EDGE('',*,*,#11766,.F.);
#11766 = EDGE_CURVE('',#11748,#11759,#11767,.T.);
#11767 = LINE('',#11768,#11769);
#11768 = CARTESIAN_POINT('',(0.675,-0.6,0.));
#11769 = VECTOR('',#11770,1.);
#11770 = DIRECTION('',(0.,0.,1.));
#11771 = PLANE('',#11772);
#11772 = AXIS2_PLACEMENT_3D('',#11773,#11774,#11775);
#11773 = CARTESIAN_POINT('',(0.275,-0.6,0.));
#11774 = DIRECTION('',(-9.95799250103E-17,1.,0.));
#11775 = DIRECTION('',(1.,9.95799250103E-17,0.));
#11776 = ADVANCED_FACE('',(#11777),#11796,.T.);
#11777 = FACE_BOUND('',#11778,.T.);
#11778 = EDGE_LOOP('',(#11779,#11780,#11781,#11789));
#11779 = ORIENTED_EDGE('',*,*,#11717,.T.);
#11780 = ORIENTED_EDGE('',*,*,#10630,.T.);
#11781 = ORIENTED_EDGE('',*,*,#11782,.F.);
#11782 = EDGE_CURVE('',#11783,#10631,#11785,.T.);
#11783 = VERTEX_POINT('',#11784);
#11784 = CARTESIAN_POINT('',(-0.275,-0.6,0.));
#11785 = LINE('',#11786,#11787);
#11786 = CARTESIAN_POINT('',(-0.275,-0.6,0.));
#11787 = VECTOR('',#11788,1.);
#11788 = DIRECTION('',(0.,0.,1.));
#11789 = ORIENTED_EDGE('',*,*,#11790,.T.);
#11790 = EDGE_CURVE('',#11783,#11708,#11791,.T.);
#11791 = CIRCLE('',#11792,0.1);
#11792 = AXIS2_PLACEMENT_3D('',#11793,#11794,#11795);
#11793 = CARTESIAN_POINT('',(-0.275,-0.5,0.));
#11794 = DIRECTION('',(-0.,0.,1.));
#11795 = DIRECTION('',(5.322267574081E-16,-1.,0.));
#11796 = CYLINDRICAL_SURFACE('',#11797,0.1);
#11797 = AXIS2_PLACEMENT_3D('',#11798,#11799,#11800);
#11798 = CARTESIAN_POINT('',(-0.275,-0.5,0.));
#11799 = DIRECTION('',(0.,0.,-1.));
#11800 = DIRECTION('',(5.322267574081E-16,-1.,0.));
#11801 = ADVANCED_FACE('',(#11802),#11829,.F.);
#11802 = FACE_BOUND('',#11803,.F.);
#11803 = EDGE_LOOP('',(#11804,#11812,#11820,#11826,#11827,#11828));
#11804 = ORIENTED_EDGE('',*,*,#11805,.F.);
#11805 = EDGE_CURVE('',#11806,#11783,#11808,.T.);
#11806 = VERTEX_POINT('',#11807);
#11807 = CARTESIAN_POINT('',(-0.675,-0.6,0.));
#11808 = LINE('',#11809,#11810);
#11809 = CARTESIAN_POINT('',(-0.675,-0.6,0.));
#11810 = VECTOR('',#11811,1.);
#11811 = DIRECTION('',(1.,-2.288475490444E-17,0.));
#11812 = ORIENTED_EDGE('',*,*,#11813,.T.);
#11813 = EDGE_CURVE('',#11806,#11814,#11816,.T.);
#11814 = VERTEX_POINT('',#11815);
#11815 = CARTESIAN_POINT('',(-0.675,-0.6,0.2));
#11816 = LINE('',#11817,#11818);
#11817 = CARTESIAN_POINT('',(-0.675,-0.6,0.));
#11818 = VECTOR('',#11819,1.);
#11819 = DIRECTION('',(0.,0.,1.));
#11820 = ORIENTED_EDGE('',*,*,#11821,.T.);
#11821 = EDGE_CURVE('',#11814,#11054,#11822,.T.);
#11822 = LINE('',#11823,#11824);
#11823 = CARTESIAN_POINT('',(-0.675,-0.6,0.2));
#11824 = VECTOR('',#11825,1.);
#11825 = DIRECTION('',(1.,-2.288475490444E-17,0.));
#11826 = ORIENTED_EDGE('',*,*,#11053,.F.);
#11827 = ORIENTED_EDGE('',*,*,#10639,.F.);
#11828 = ORIENTED_EDGE('',*,*,#11782,.F.);
#11829 = PLANE('',#11830);
#11830 = AXIS2_PLACEMENT_3D('',#11831,#11832,#11833);
#11831 = CARTESIAN_POINT('',(-0.675,-0.6,0.));
#11832 = DIRECTION('',(2.288475490444E-17,1.,0.));
#11833 = DIRECTION('',(1.,-2.288475490444E-17,0.));
#11834 = ADVANCED_FACE('',(#11835),#11869,.F.);
#11835 = FACE_BOUND('',#11836,.F.);
#11836 = EDGE_LOOP('',(#11837,#11847,#11855,#11861,#11862,#11863));
#11837 = ORIENTED_EDGE('',*,*,#11838,.F.);
#11838 = EDGE_CURVE('',#11839,#11841,#11843,.T.);
#11839 = VERTEX_POINT('',#11840);
#11840 = CARTESIAN_POINT('',(0.675,-0.9,0.));
#11841 = VERTEX_POINT('',#11842);
#11842 = CARTESIAN_POINT('',(0.275,-0.9,0.));
#11843 = LINE('',#11844,#11845);
#11844 = CARTESIAN_POINT('',(0.675,-0.9,0.));
#11845 = VECTOR('',#11846,1.);
#11846 = DIRECTION('',(-1.,-9.95799250103E-17,0.));
#11847 = ORIENTED_EDGE('',*,*,#11848,.T.);
#11848 = EDGE_CURVE('',#11839,#11849,#11851,.T.);
#11849 = VERTEX_POINT('',#11850);
#11850 = CARTESIAN_POINT('',(0.675,-0.9,0.2));
#11851 = LINE('',#11852,#11853);
#11852 = CARTESIAN_POINT('',(0.675,-0.9,0.));
#11853 = VECTOR('',#11854,1.);
#11854 = DIRECTION('',(0.,0.,1.));
#11855 = ORIENTED_EDGE('',*,*,#11856,.T.);
#11856 = EDGE_CURVE('',#11849,#10878,#11857,.T.);
#11857 = LINE('',#11858,#11859);
#11858 = CARTESIAN_POINT('',(0.675,-0.9,0.2));
#11859 = VECTOR('',#11860,1.);
#11860 = DIRECTION('',(-1.,-9.95799250103E-17,0.));
#11861 = ORIENTED_EDGE('',*,*,#10885,.T.);
#11862 = ORIENTED_EDGE('',*,*,#10721,.F.);
#11863 = ORIENTED_EDGE('',*,*,#11864,.F.);
#11864 = EDGE_CURVE('',#11841,#10713,#11865,.T.);
#11865 = LINE('',#11866,#11867);
#11866 = CARTESIAN_POINT('',(0.275,-0.9,0.));
#11867 = VECTOR('',#11868,1.);
#11868 = DIRECTION('',(0.,0.,1.));
#11869 = PLANE('',#11870);
#11870 = AXIS2_PLACEMENT_3D('',#11871,#11872,#11873);
#11871 = CARTESIAN_POINT('',(0.675,-0.9,0.));
#11872 = DIRECTION('',(9.95799250103E-17,-1.,0.));
#11873 = DIRECTION('',(-1.,-9.95799250103E-17,0.));
#11874 = ADVANCED_FACE('',(#11875),#11894,.T.);
#11875 = FACE_BOUND('',#11876,.T.);
#11876 = EDGE_LOOP('',(#11877,#11885,#11886,#11887));
#11877 = ORIENTED_EDGE('',*,*,#11878,.T.);
#11878 = EDGE_CURVE('',#11879,#10705,#11881,.T.);
#11879 = VERTEX_POINT('',#11880);
#11880 = CARTESIAN_POINT('',(0.275,-1.1,0.));
#11881 = LINE('',#11882,#11883);
#11882 = CARTESIAN_POINT('',(0.275,-1.1,0.));
#11883 = VECTOR('',#11884,1.);
#11884 = DIRECTION('',(0.,0.,1.));
#11885 = ORIENTED_EDGE('',*,*,#10712,.T.);
#11886 = ORIENTED_EDGE('',*,*,#11864,.F.);
#11887 = ORIENTED_EDGE('',*,*,#11888,.T.);
#11888 = EDGE_CURVE('',#11841,#11879,#11889,.T.);
#11889 = CIRCLE('',#11890,0.1);
#11890 = AXIS2_PLACEMENT_3D('',#11891,#11892,#11893);
#11891 = CARTESIAN_POINT('',(0.275,-1.,0.));
#11892 = DIRECTION('',(0.,0.,1.));
#11893 = DIRECTION('',(-6.546914373229E-16,1.,0.));
#11894 = CYLINDRICAL_SURFACE('',#11895,0.1);
#11895 = AXIS2_PLACEMENT_3D('',#11896,#11897,#11898);
#11896 = CARTESIAN_POINT('',(0.275,-1.,0.));
#11897 = DIRECTION('',(0.,0.,-1.));
#11898 = DIRECTION('',(-6.546914373229E-16,1.,0.));
#11899 = ADVANCED_FACE('',(#11900),#11934,.F.);
#11900 = FACE_BOUND('',#11901,.F.);
#11901 = EDGE_LOOP('',(#11902,#11912,#11918,#11919,#11920,#11928));
#11902 = ORIENTED_EDGE('',*,*,#11903,.F.);
#11903 = EDGE_CURVE('',#11904,#11906,#11908,.T.);
#11904 = VERTEX_POINT('',#11905);
#11905 = CARTESIAN_POINT('',(-0.275,-0.9,0.));
#11906 = VERTEX_POINT('',#11907);
#11907 = CARTESIAN_POINT('',(-0.675,-0.9,0.));
#11908 = LINE('',#11909,#11910);
#11909 = CARTESIAN_POINT('',(-0.275,-0.9,0.));
#11910 = VECTOR('',#11911,1.);
#11911 = DIRECTION('',(-1.,2.288475490444E-17,0.));
#11912 = ORIENTED_EDGE('',*,*,#11913,.T.);
#11913 = EDGE_CURVE('',#11904,#10656,#11914,.T.);
#11914 = LINE('',#11915,#11916);
#11915 = CARTESIAN_POINT('',(-0.275,-0.9,0.));
#11916 = VECTOR('',#11917,1.);
#11917 = DIRECTION('',(0.,0.,1.));
#11918 = ORIENTED_EDGE('',*,*,#10655,.F.);
#11919 = ORIENTED_EDGE('',*,*,#11046,.F.);
#11920 = ORIENTED_EDGE('',*,*,#11921,.T.);
#11921 = EDGE_CURVE('',#11039,#11922,#11924,.T.);
#11922 = VERTEX_POINT('',#11923);
#11923 = CARTESIAN_POINT('',(-0.675,-0.9,0.2));
#11924 = LINE('',#11925,#11926);
#11925 = CARTESIAN_POINT('',(-0.275,-0.9,0.2));
#11926 = VECTOR('',#11927,1.);
#11927 = DIRECTION('',(-1.,2.288475490444E-17,0.));
#11928 = ORIENTED_EDGE('',*,*,#11929,.F.);
#11929 = EDGE_CURVE('',#11906,#11922,#11930,.T.);
#11930 = LINE('',#11931,#11932);
#11931 = CARTESIAN_POINT('',(-0.675,-0.9,0.));
#11932 = VECTOR('',#11933,1.);
#11933 = DIRECTION('',(0.,0.,1.));
#11934 = PLANE('',#11935);
#11935 = AXIS2_PLACEMENT_3D('',#11936,#11937,#11938);
#11936 = CARTESIAN_POINT('',(-0.275,-0.9,0.));
#11937 = DIRECTION('',(-2.288475490444E-17,-1.,0.));
#11938 = DIRECTION('',(-1.,2.288475490444E-17,0.));
#11939 = ADVANCED_FACE('',(#11940),#11967,.F.);
#11940 = FACE_BOUND('',#11941,.F.);
#11941 = EDGE_LOOP('',(#11942,#11950,#11951,#11952,#11953,#11961));
#11942 = ORIENTED_EDGE('',*,*,#11943,.F.);
#11943 = EDGE_CURVE('',#11879,#11944,#11946,.T.);
#11944 = VERTEX_POINT('',#11945);
#11945 = CARTESIAN_POINT('',(0.675,-1.1,0.));
#11946 = LINE('',#11947,#11948);
#11947 = CARTESIAN_POINT('',(0.275,-1.1,0.));
#11948 = VECTOR('',#11949,1.);
#11949 = DIRECTION('',(1.,9.95799250103E-17,0.));
#11950 = ORIENTED_EDGE('',*,*,#11878,.T.);
#11951 = ORIENTED_EDGE('',*,*,#10704,.F.);
#11952 = ORIENTED_EDGE('',*,*,#10869,.T.);
#11953 = ORIENTED_EDGE('',*,*,#11954,.T.);
#11954 = EDGE_CURVE('',#10870,#11955,#11957,.T.);
#11955 = VERTEX_POINT('',#11956);
#11956 = CARTESIAN_POINT('',(0.675,-1.1,0.2));
#11957 = LINE('',#11958,#11959);
#11958 = CARTESIAN_POINT('',(0.275,-1.1,0.2));
#11959 = VECTOR('',#11960,1.);
#11960 = DIRECTION('',(1.,9.95799250103E-17,0.));
#11961 = ORIENTED_EDGE('',*,*,#11962,.F.);
#11962 = EDGE_CURVE('',#11944,#11955,#11963,.T.);
#11963 = LINE('',#11964,#11965);
#11964 = CARTESIAN_POINT('',(0.675,-1.1,0.));
#11965 = VECTOR('',#11966,1.);
#11966 = DIRECTION('',(0.,0.,1.));
#11967 = PLANE('',#11968);
#11968 = AXIS2_PLACEMENT_3D('',#11969,#11970,#11971);
#11969 = CARTESIAN_POINT('',(0.275,-1.1,0.));
#11970 = DIRECTION('',(-9.95799250103E-17,1.,0.));
#11971 = DIRECTION('',(1.,9.95799250103E-17,0.));
#11972 = ADVANCED_FACE('',(#11973),#11992,.T.);
#11973 = FACE_BOUND('',#11974,.T.);
#11974 = EDGE_LOOP('',(#11975,#11976,#11977,#11985));
#11975 = ORIENTED_EDGE('',*,*,#11913,.T.);
#11976 = ORIENTED_EDGE('',*,*,#10663,.T.);
#11977 = ORIENTED_EDGE('',*,*,#11978,.F.);
#11978 = EDGE_CURVE('',#11979,#10664,#11981,.T.);
#11979 = VERTEX_POINT('',#11980);
#11980 = CARTESIAN_POINT('',(-0.275,-1.1,0.));
#11981 = LINE('',#11982,#11983);
#11982 = CARTESIAN_POINT('',(-0.275,-1.1,0.));
#11983 = VECTOR('',#11984,1.);
#11984 = DIRECTION('',(0.,0.,1.));
#11985 = ORIENTED_EDGE('',*,*,#11986,.T.);
#11986 = EDGE_CURVE('',#11979,#11904,#11987,.T.);
#11987 = CIRCLE('',#11988,0.1);
#11988 = AXIS2_PLACEMENT_3D('',#11989,#11990,#11991);
#11989 = CARTESIAN_POINT('',(-0.275,-1.,0.));
#11990 = DIRECTION('',(-0.,0.,1.));
#11991 = DIRECTION('',(5.322267574081E-16,-1.,0.));
#11992 = CYLINDRICAL_SURFACE('',#11993,0.1);
#11993 = AXIS2_PLACEMENT_3D('',#11994,#11995,#11996);
#11994 = CARTESIAN_POINT('',(-0.275,-1.,0.));
#11995 = DIRECTION('',(0.,0.,-1.));
#11996 = DIRECTION('',(5.322267574081E-16,-1.,0.));
#11997 = ADVANCED_FACE('',(#11998),#12025,.F.);
#11998 = FACE_BOUND('',#11999,.F.);
#11999 = EDGE_LOOP('',(#12000,#12008,#12016,#12022,#12023,#12024));
#12000 = ORIENTED_EDGE('',*,*,#12001,.F.);
#12001 = EDGE_CURVE('',#12002,#11979,#12004,.T.);
#12002 = VERTEX_POINT('',#12003);
#12003 = CARTESIAN_POINT('',(-0.675,-1.1,0.));
#12004 = LINE('',#12005,#12006);
#12005 = CARTESIAN_POINT('',(-0.675,-1.1,0.));
#12006 = VECTOR('',#12007,1.);
#12007 = DIRECTION('',(1.,-2.288475490444E-17,0.));
#12008 = ORIENTED_EDGE('',*,*,#12009,.T.);
#12009 = EDGE_CURVE('',#12002,#12010,#12012,.T.);
#12010 = VERTEX_POINT('',#12011);
#12011 = CARTESIAN_POINT('',(-0.675,-1.1,0.2));
#12012 = LINE('',#12013,#12014);
#12013 = CARTESIAN_POINT('',(-0.675,-1.1,0.));
#12014 = VECTOR('',#12015,1.);
#12015 = DIRECTION('',(0.,0.,1.));
#12016 = ORIENTED_EDGE('',*,*,#12017,.T.);
#12017 = EDGE_CURVE('',#12010,#11031,#12018,.T.);
#12018 = LINE('',#12019,#12020);
#12019 = CARTESIAN_POINT('',(-0.675,-1.1,0.2));
#12020 = VECTOR('',#12021,1.);
#12021 = DIRECTION('',(1.,-2.288475490444E-17,0.));
#12022 = ORIENTED_EDGE('',*,*,#11030,.F.);
#12023 = ORIENTED_EDGE('',*,*,#10672,.F.);
#12024 = ORIENTED_EDGE('',*,*,#11978,.F.);
#12025 = PLANE('',#12026);
#12026 = AXIS2_PLACEMENT_3D('',#12027,#12028,#12029);
#12027 = CARTESIAN_POINT('',(-0.675,-1.1,0.));
#12028 = DIRECTION('',(2.288475490444E-17,1.,0.));
#12029 = DIRECTION('',(1.,-2.288475490444E-17,0.));
#12030 = ADVANCED_FACE('',(#12031),#12042,.T.);
#12031 = FACE_BOUND('',#12032,.T.);
#12032 = EDGE_LOOP('',(#12033,#12034,#12035,#12036));
#12033 = ORIENTED_EDGE('',*,*,#11023,.F.);
#12034 = ORIENTED_EDGE('',*,*,#10688,.T.);
#12035 = ORIENTED_EDGE('',*,*,#10862,.T.);
#12036 = ORIENTED_EDGE('',*,*,#12037,.F.);
#12037 = EDGE_CURVE('',#11016,#10855,#12038,.T.);
#12038 = LINE('',#12039,#12040);
#12039 = CARTESIAN_POINT('',(-0.665,-1.29,0.52));
#12040 = VECTOR('',#12041,1.);
#12041 = DIRECTION('',(1.,2.22044604925E-16,0.));
#12042 = PLANE('',#12043);
#12043 = AXIS2_PLACEMENT_3D('',#12044,#12045,#12046);
#12044 = CARTESIAN_POINT('',(-0.665,-1.29,2.E-02));
#12045 = DIRECTION('',(2.22044604925E-16,-1.,0.));
#12046 = DIRECTION('',(0.,0.,1.));
#12047 = ADVANCED_FACE('',(#12048,#12054),#12065,.T.);
#12048 = FACE_BOUND('',#12049,.T.);
#12049 = EDGE_LOOP('',(#12050,#12051,#12052,#12053));
#12050 = ORIENTED_EDGE('',*,*,#10999,.F.);
#12051 = ORIENTED_EDGE('',*,*,#11015,.T.);
#12052 = ORIENTED_EDGE('',*,*,#12037,.T.);
#12053 = ORIENTED_EDGE('',*,*,#10854,.F.);
#12054 = FACE_BOUND('',#12055,.T.);
#12055 = EDGE_LOOP('',(#12056));
#12056 = ORIENTED_EDGE('',*,*,#12057,.T.);
#12057 = EDGE_CURVE('',#12058,#12058,#12060,.T.);
#12058 = VERTEX_POINT('',#12059);
#12059 = CARTESIAN_POINT('',(-0.235,0.66,0.52));
#12060 = CIRCLE('',#12061,0.2);
#12061 = AXIS2_PLACEMENT_3D('',#12062,#12063,#12064);
#12062 = CARTESIAN_POINT('',(-0.235,0.86,0.52));
#12063 = DIRECTION('',(0.,-0.,-1.));
#12064 = DIRECTION('',(2.22044604925E-16,-1.,0.));
#12065 = PLANE('',#12066);
#12066 = AXIS2_PLACEMENT_3D('',#12067,#12068,#12069);
#12067 = CARTESIAN_POINT('',(-0.665,1.29,0.52));
#12068 = DIRECTION('',(0.,0.,1.));
#12069 = DIRECTION('',(2.22044604925E-16,-1.,0.));
#12070 = ADVANCED_FACE('',(#12071),#12082,.T.);
#12071 = FACE_BOUND('',#12072,.T.);
#12072 = EDGE_LOOP('',(#12073,#12079,#12080,#12081));
#12073 = ORIENTED_EDGE('',*,*,#12074,.T.);
#12074 = EDGE_CURVE('',#11955,#11849,#12075,.T.);
#12075 = LINE('',#12076,#12077);
#12076 = CARTESIAN_POINT('',(0.675,-1.1,0.2));
#12077 = VECTOR('',#12078,1.);
#12078 = DIRECTION('',(-9.95799250103E-17,1.,0.));
#12079 = ORIENTED_EDGE('',*,*,#11856,.T.);
#12080 = ORIENTED_EDGE('',*,*,#10877,.T.);
#12081 = ORIENTED_EDGE('',*,*,#11954,.T.);
#12082 = PLANE('',#12083);
#12083 = AXIS2_PLACEMENT_3D('',#12084,#12085,#12086);
#12084 = CARTESIAN_POINT('',(0.446291916865,-1.,0.2));
#12085 = DIRECTION('',(0.,0.,1.));
#12086 = DIRECTION('',(-9.95799250103E-17,1.,0.));
#12087 = ADVANCED_FACE('',(#12088),#12099,.T.);
#12088 = FACE_BOUND('',#12089,.T.);
#12089 = EDGE_LOOP('',(#12090,#12096,#12097,#12098));
#12090 = ORIENTED_EDGE('',*,*,#12091,.T.);
#12091 = EDGE_CURVE('',#11367,#11261,#12092,.T.);
#12092 = LINE('',#12093,#12094);
#12093 = CARTESIAN_POINT('',(0.675,0.4,0.2));
#12094 = VECTOR('',#12095,1.);
#12095 = DIRECTION('',(-9.95799250103E-17,1.,0.));
#12096 = ORIENTED_EDGE('',*,*,#11268,.T.);
#12097 = ORIENTED_EDGE('',*,*,#10946,.T.);
#12098 = ORIENTED_EDGE('',*,*,#11366,.T.);
#12099 = PLANE('',#12100);
#12100 = AXIS2_PLACEMENT_3D('',#12101,#12102,#12103);
#12101 = CARTESIAN_POINT('',(0.446291916865,0.5,0.2));
#12102 = DIRECTION('',(0.,0.,1.));
#12103 = DIRECTION('',(-9.95799250103E-17,1.,0.));
#12104 = ADVANCED_FACE('',(#12105),#12116,.T.);
#12105 = FACE_BOUND('',#12106,.T.);
#12106 = EDGE_LOOP('',(#12107,#12113,#12114,#12115));
#12107 = ORIENTED_EDGE('',*,*,#12108,.T.);
#12108 = EDGE_CURVE('',#11759,#11653,#12109,.T.);
#12109 = LINE('',#12110,#12111);
#12110 = CARTESIAN_POINT('',(0.675,-0.6,0.2));
#12111 = VECTOR('',#12112,1.);
#12112 = DIRECTION('',(-9.95799250103E-17,1.,0.));
#12113 = ORIENTED_EDGE('',*,*,#11660,.T.);
#12114 = ORIENTED_EDGE('',*,*,#10900,.T.);
#12115 = ORIENTED_EDGE('',*,*,#11758,.T.);
#12116 = PLANE('',#12117);
#12117 = AXIS2_PLACEMENT_3D('',#12118,#12119,#12120);
#12118 = CARTESIAN_POINT('',(0.446291916865,-0.5,0.2));
#12119 = DIRECTION('',(0.,0.,1.));
#12120 = DIRECTION('',(-9.95799250103E-17,1.,0.));
#12121 = ADVANCED_FACE('',(#12122),#12133,.T.);
#12122 = FACE_BOUND('',#12123,.T.);
#12123 = EDGE_LOOP('',(#12124,#12130,#12131,#12132));
#12124 = ORIENTED_EDGE('',*,*,#12125,.T.);
#12125 = EDGE_CURVE('',#11563,#11457,#12126,.T.);
#12126 = LINE('',#12127,#12128);
#12127 = CARTESIAN_POINT('',(0.675,-0.1,0.2));
#12128 = VECTOR('',#12129,1.);
#12129 = DIRECTION('',(-9.95799250103E-17,1.,0.));
#12130 = ORIENTED_EDGE('',*,*,#11464,.T.);
#12131 = ORIENTED_EDGE('',*,*,#10923,.T.);
#12132 = ORIENTED_EDGE('',*,*,#11562,.T.);
#12133 = PLANE('',#12134);
#12134 = AXIS2_PLACEMENT_3D('',#12135,#12136,#12137);
#12135 = CARTESIAN_POINT('',(0.446291916865,9.71445146547E-17,0.2));
#12136 = DIRECTION('',(0.,0.,1.));
#12137 = DIRECTION('',(-9.95799250103E-17,1.,0.));
#12138 = ADVANCED_FACE('',(#12139),#12150,.T.);
#12139 = FACE_BOUND('',#12140,.T.);
#12140 = EDGE_LOOP('',(#12141,#12147,#12148,#12149));
#12141 = ORIENTED_EDGE('',*,*,#12142,.T.);
#12142 = EDGE_CURVE('',#11171,#11226,#12143,.T.);
#12143 = LINE('',#12144,#12145);
#12144 = CARTESIAN_POINT('',(-0.675,1.1,0.2));
#12145 = VECTOR('',#12146,1.);
#12146 = DIRECTION('',(-2.288475490444E-17,-1.,0.));
#12147 = ORIENTED_EDGE('',*,*,#11233,.T.);
#12148 = ORIENTED_EDGE('',*,*,#11130,.F.);
#12149 = ORIENTED_EDGE('',*,*,#11170,.T.);
#12150 = PLANE('',#12151);
#12151 = AXIS2_PLACEMENT_3D('',#12152,#12153,#12154);
#12152 = CARTESIAN_POINT('',(-0.446291916865,1.,0.2));
#12153 = DIRECTION('',(0.,0.,1.));
#12154 = DIRECTION('',(-2.288475490444E-17,-1.,0.));
#12155 = ADVANCED_FACE('',(#12156),#12167,.T.);
#12156 = FACE_BOUND('',#12157,.T.);
#12157 = EDGE_LOOP('',(#12158,#12164,#12165,#12166));
#12158 = ORIENTED_EDGE('',*,*,#12159,.T.);
#12159 = EDGE_CURVE('',#11922,#12010,#12160,.T.);
#12160 = LINE('',#12161,#12162);
#12161 = CARTESIAN_POINT('',(-0.675,-0.9,0.2));
#12162 = VECTOR('',#12163,1.);
#12163 = DIRECTION('',(-2.288475490444E-17,-1.,0.));
#12164 = ORIENTED_EDGE('',*,*,#12017,.T.);
#12165 = ORIENTED_EDGE('',*,*,#11038,.F.);
#12166 = ORIENTED_EDGE('',*,*,#11921,.T.);
#12167 = PLANE('',#12168);
#12168 = AXIS2_PLACEMENT_3D('',#12169,#12170,#12171);
#12169 = CARTESIAN_POINT('',(-0.446291916865,-1.,0.2));
#12170 = DIRECTION('',(0.,0.,1.));
#12171 = DIRECTION('',(-2.288475490444E-17,-1.,0.));
#12172 = ADVANCED_FACE('',(#12173),#12184,.T.);
#12173 = FACE_BOUND('',#12174,.T.);
#12174 = EDGE_LOOP('',(#12175,#12181,#12182,#12183));
#12175 = ORIENTED_EDGE('',*,*,#12176,.T.);
#12176 = EDGE_CURVE('',#11334,#11422,#12177,.T.);
#12177 = LINE('',#12178,#12179);
#12178 = CARTESIAN_POINT('',(-0.675,0.6,0.2));
#12179 = VECTOR('',#12180,1.);
#12180 = DIRECTION('',(-2.288475490444E-17,-1.,0.));
#12181 = ORIENTED_EDGE('',*,*,#11429,.T.);
#12182 = ORIENTED_EDGE('',*,*,#11107,.F.);
#12183 = ORIENTED_EDGE('',*,*,#11333,.T.);
#12184 = PLANE('',#12185);
#12185 = AXIS2_PLACEMENT_3D('',#12186,#12187,#12188);
#12186 = CARTESIAN_POINT('',(-0.446291916865,0.5,0.2));
#12187 = DIRECTION('',(0.,0.,1.));
#12188 = DIRECTION('',(-2.288475490444E-17,-1.,0.));
#12189 = ADVANCED_FACE('',(#12190),#12201,.T.);
#12190 = FACE_BOUND('',#12191,.T.);
#12191 = EDGE_LOOP('',(#12192,#12198,#12199,#12200));
#12192 = ORIENTED_EDGE('',*,*,#12193,.T.);
#12193 = EDGE_CURVE('',#11726,#11814,#12194,.T.);
#12194 = LINE('',#12195,#12196);
#12195 = CARTESIAN_POINT('',(-0.675,-0.4,0.2));
#12196 = VECTOR('',#12197,1.);
#12197 = DIRECTION('',(-2.288475490444E-17,-1.,0.));
#12198 = ORIENTED_EDGE('',*,*,#11821,.T.);
#12199 = ORIENTED_EDGE('',*,*,#11061,.F.);
#12200 = ORIENTED_EDGE('',*,*,#11725,.T.);
#12201 = PLANE('',#12202);
#12202 = AXIS2_PLACEMENT_3D('',#12203,#12204,#12205);
#12203 = CARTESIAN_POINT('',(-0.446291916865,-0.5,0.2));
#12204 = DIRECTION('',(0.,0.,1.));
#12205 = DIRECTION('',(-2.288475490444E-17,-1.,0.));
#12206 = ADVANCED_FACE('',(#12207),#12218,.T.);
#12207 = FACE_BOUND('',#12208,.T.);
#12208 = EDGE_LOOP('',(#12209,#12215,#12216,#12217));
#12209 = ORIENTED_EDGE('',*,*,#12210,.T.);
#12210 = EDGE_CURVE('',#11530,#11618,#12211,.T.);
#12211 = LINE('',#12212,#12213);
#12212 = CARTESIAN_POINT('',(-0.675,0.1,0.2));
#12213 = VECTOR('',#12214,1.);
#12214 = DIRECTION('',(-2.288475490444E-17,-1.,0.));
#12215 = ORIENTED_EDGE('',*,*,#11625,.T.);
#12216 = ORIENTED_EDGE('',*,*,#11084,.F.);
#12217 = ORIENTED_EDGE('',*,*,#11529,.T.);
#12218 = PLANE('',#12219);
#12219 = AXIS2_PLACEMENT_3D('',#12220,#12221,#12222);
#12220 = CARTESIAN_POINT('',(-0.446291916865,-4.163336342344E-17,0.2));
#12221 = DIRECTION('',(0.,0.,1.));
#12222 = DIRECTION('',(-2.288475490444E-17,-1.,0.));
#12223 = ADVANCED_FACE('',(#12224),#12235,.F.);
#12224 = FACE_BOUND('',#12225,.F.);
#12225 = EDGE_LOOP('',(#12226,#12227,#12228,#12229));
#12226 = ORIENTED_EDGE('',*,*,#11217,.T.);
#12227 = ORIENTED_EDGE('',*,*,#11202,.T.);
#12228 = ORIENTED_EDGE('',*,*,#11152,.T.);
#12229 = ORIENTED_EDGE('',*,*,#12230,.T.);
#12230 = EDGE_CURVE('',#11155,#11218,#12231,.T.);
#12231 = LINE('',#12232,#12233);
#12232 = CARTESIAN_POINT('',(-0.675,1.1,0.));
#12233 = VECTOR('',#12234,1.);
#12234 = DIRECTION('',(-2.288475490444E-17,-1.,0.));
#12235 = PLANE('',#12236);
#12236 = AXIS2_PLACEMENT_3D('',#12237,#12238,#12239);
#12237 = CARTESIAN_POINT('',(-0.446291916865,1.,0.));
#12238 = DIRECTION('',(0.,0.,1.));
#12239 = DIRECTION('',(-2.288475490444E-17,-1.,0.));
#12240 = ADVANCED_FACE('',(#12241),#12247,.F.);
#12241 = FACE_BOUND('',#12242,.F.);
#12242 = EDGE_LOOP('',(#12243,#12244,#12245,#12246));
#12243 = ORIENTED_EDGE('',*,*,#11178,.T.);
#12244 = ORIENTED_EDGE('',*,*,#12142,.T.);
#12245 = ORIENTED_EDGE('',*,*,#11225,.F.);
#12246 = ORIENTED_EDGE('',*,*,#12230,.F.);
#12247 = PLANE('',#12248);
#12248 = AXIS2_PLACEMENT_3D('',#12249,#12250,#12251);
#12249 = CARTESIAN_POINT('',(-0.675,1.1,0.));
#12250 = DIRECTION('',(1.,-2.288475490444E-17,0.));
#12251 = DIRECTION('',(-2.288475490444E-17,-1.,0.));
#12252 = ADVANCED_FACE('',(#12253),#12264,.F.);
#12253 = FACE_BOUND('',#12254,.F.);
#12254 = EDGE_LOOP('',(#12255,#12256,#12257,#12258));
#12255 = ORIENTED_EDGE('',*,*,#11250,.T.);
#12256 = ORIENTED_EDGE('',*,*,#11300,.T.);
#12257 = ORIENTED_EDGE('',*,*,#11355,.T.);
#12258 = ORIENTED_EDGE('',*,*,#12259,.T.);
#12259 = EDGE_CURVE('',#11356,#11251,#12260,.T.);
#12260 = LINE('',#12261,#12262);
#12261 = CARTESIAN_POINT('',(0.675,0.4,0.));
#12262 = VECTOR('',#12263,1.);
#12263 = DIRECTION('',(-9.95799250103E-17,1.,0.));
#12264 = PLANE('',#12265);
#12265 = AXIS2_PLACEMENT_3D('',#12266,#12267,#12268);
#12266 = CARTESIAN_POINT('',(0.446291916865,0.5,0.));
#12267 = DIRECTION('',(0.,0.,1.));
#12268 = DIRECTION('',(-9.95799250103E-17,1.,0.));
#12269 = ADVANCED_FACE('',(#12270),#12276,.F.);
#12270 = FACE_BOUND('',#12271,.F.);
#12271 = EDGE_LOOP('',(#12272,#12273,#12274,#12275));
#12272 = ORIENTED_EDGE('',*,*,#11374,.T.);
#12273 = ORIENTED_EDGE('',*,*,#12091,.T.);
#12274 = ORIENTED_EDGE('',*,*,#11260,.F.);
#12275 = ORIENTED_EDGE('',*,*,#12259,.F.);
#12276 = PLANE('',#12277);
#12277 = AXIS2_PLACEMENT_3D('',#12278,#12279,#12280);
#12278 = CARTESIAN_POINT('',(0.675,0.4,0.));
#12279 = DIRECTION('',(-1.,-9.95799250103E-17,0.));
#12280 = DIRECTION('',(-9.95799250103E-17,1.,0.));
#12281 = ADVANCED_FACE('',(#12282),#12293,.F.);
#12282 = FACE_BOUND('',#12283,.F.);
#12283 = EDGE_LOOP('',(#12284,#12285,#12286,#12287));
#12284 = ORIENTED_EDGE('',*,*,#11413,.T.);
#12285 = ORIENTED_EDGE('',*,*,#11398,.T.);
#12286 = ORIENTED_EDGE('',*,*,#11315,.T.);
#12287 = ORIENTED_EDGE('',*,*,#12288,.T.);
#12288 = EDGE_CURVE('',#11318,#11414,#12289,.T.);
#12289 = LINE('',#12290,#12291);
#12290 = CARTESIAN_POINT('',(-0.675,0.6,0.));
#12291 = VECTOR('',#12292,1.);
#12292 = DIRECTION('',(-2.288475490444E-17,-1.,0.));
#12293 = PLANE('',#12294);
#12294 = AXIS2_PLACEMENT_3D('',#12295,#12296,#12297);
#12295 = CARTESIAN_POINT('',(-0.446291916865,0.5,0.));
#12296 = DIRECTION('',(0.,0.,1.));
#12297 = DIRECTION('',(-2.288475490444E-17,-1.,0.));
#12298 = ADVANCED_FACE('',(#12299),#12305,.F.);
#12299 = FACE_BOUND('',#12300,.F.);
#12300 = EDGE_LOOP('',(#12301,#12302,#12303,#12304));
#12301 = ORIENTED_EDGE('',*,*,#11341,.T.);
#12302 = ORIENTED_EDGE('',*,*,#12176,.T.);
#12303 = ORIENTED_EDGE('',*,*,#11421,.F.);
#12304 = ORIENTED_EDGE('',*,*,#12288,.F.);
#12305 = PLANE('',#12306);
#12306 = AXIS2_PLACEMENT_3D('',#12307,#12308,#12309);
#12307 = CARTESIAN_POINT('',(-0.675,0.6,0.));
#12308 = DIRECTION('',(1.,-2.288475490444E-17,0.));
#12309 = DIRECTION('',(-2.288475490444E-17,-1.,0.));
#12310 = ADVANCED_FACE('',(#12311),#12322,.F.);
#12311 = FACE_BOUND('',#12312,.F.);
#12312 = EDGE_LOOP('',(#12313,#12314,#12315,#12316));
#12313 = ORIENTED_EDGE('',*,*,#11446,.T.);
#12314 = ORIENTED_EDGE('',*,*,#11496,.T.);
#12315 = ORIENTED_EDGE('',*,*,#11551,.T.);
#12316 = ORIENTED_EDGE('',*,*,#12317,.T.);
#12317 = EDGE_CURVE('',#11552,#11447,#12318,.T.);
#12318 = LINE('',#12319,#12320);
#12319 = CARTESIAN_POINT('',(0.675,-0.1,0.));
#12320 = VECTOR('',#12321,1.);
#12321 = DIRECTION('',(-9.95799250103E-17,1.,0.));
#12322 = PLANE('',#12323);
#12323 = AXIS2_PLACEMENT_3D('',#12324,#12325,#12326);
#12324 = CARTESIAN_POINT('',(0.446291916865,9.71445146547E-17,0.));
#12325 = DIRECTION('',(0.,0.,1.));
#12326 = DIRECTION('',(-9.95799250103E-17,1.,0.));
#12327 = ADVANCED_FACE('',(#12328),#12334,.F.);
#12328 = FACE_BOUND('',#12329,.F.);
#12329 = EDGE_LOOP('',(#12330,#12331,#12332,#12333));
#12330 = ORIENTED_EDGE('',*,*,#11570,.T.);
#12331 = ORIENTED_EDGE('',*,*,#12125,.T.);
#12332 = ORIENTED_EDGE('',*,*,#11456,.F.);
#12333 = ORIENTED_EDGE('',*,*,#12317,.F.);
#12334 = PLANE('',#12335);
#12335 = AXIS2_PLACEMENT_3D('',#12336,#12337,#12338);
#12336 = CARTESIAN_POINT('',(0.675,-0.1,0.));
#12337 = DIRECTION('',(-1.,-9.95799250103E-17,0.));
#12338 = DIRECTION('',(-9.95799250103E-17,1.,0.));
#12339 = ADVANCED_FACE('',(#12340),#12351,.F.);
#12340 = FACE_BOUND('',#12341,.F.);
#12341 = EDGE_LOOP('',(#12342,#12343,#12344,#12345));
#12342 = ORIENTED_EDGE('',*,*,#11609,.T.);
#12343 = ORIENTED_EDGE('',*,*,#11594,.T.);
#12344 = ORIENTED_EDGE('',*,*,#11511,.T.);
#12345 = ORIENTED_EDGE('',*,*,#12346,.T.);
#12346 = EDGE_CURVE('',#11514,#11610,#12347,.T.);
#12347 = LINE('',#12348,#12349);
#12348 = CARTESIAN_POINT('',(-0.675,0.1,0.));
#12349 = VECTOR('',#12350,1.);
#12350 = DIRECTION('',(-2.288475490444E-17,-1.,0.));
#12351 = PLANE('',#12352);
#12352 = AXIS2_PLACEMENT_3D('',#12353,#12354,#12355);
#12353 = CARTESIAN_POINT('',(-0.446291916865,-4.163336342344E-17,0.));
#12354 = DIRECTION('',(0.,0.,1.));
#12355 = DIRECTION('',(-2.288475490444E-17,-1.,0.));
#12356 = ADVANCED_FACE('',(#12357),#12363,.F.);
#12357 = FACE_BOUND('',#12358,.F.);
#12358 = EDGE_LOOP('',(#12359,#12360,#12361,#12362));
#12359 = ORIENTED_EDGE('',*,*,#11537,.T.);
#12360 = ORIENTED_EDGE('',*,*,#12210,.T.);
#12361 = ORIENTED_EDGE('',*,*,#11617,.F.);
#12362 = ORIENTED_EDGE('',*,*,#12346,.F.);
#12363 = PLANE('',#12364);
#12364 = AXIS2_PLACEMENT_3D('',#12365,#12366,#12367);
#12365 = CARTESIAN_POINT('',(-0.675,0.1,0.));
#12366 = DIRECTION('',(1.,-2.288475490444E-17,0.));
#12367 = DIRECTION('',(-2.288475490444E-17,-1.,0.));
#12368 = ADVANCED_FACE('',(#12369),#12380,.F.);
#12369 = FACE_BOUND('',#12370,.F.);
#12370 = EDGE_LOOP('',(#12371,#12372,#12373,#12374));
#12371 = ORIENTED_EDGE('',*,*,#11642,.T.);
#12372 = ORIENTED_EDGE('',*,*,#11692,.T.);
#12373 = ORIENTED_EDGE('',*,*,#11747,.T.);
#12374 = ORIENTED_EDGE('',*,*,#12375,.T.);
#12375 = EDGE_CURVE('',#11748,#11643,#12376,.T.);
#12376 = LINE('',#12377,#12378);
#12377 = CARTESIAN_POINT('',(0.675,-0.6,0.));
#12378 = VECTOR('',#12379,1.);
#12379 = DIRECTION('',(-9.95799250103E-17,1.,0.));
#12380 = PLANE('',#12381);
#12381 = AXIS2_PLACEMENT_3D('',#12382,#12383,#12384);
#12382 = CARTESIAN_POINT('',(0.446291916865,-0.5,0.));
#12383 = DIRECTION('',(0.,0.,1.));
#12384 = DIRECTION('',(-9.95799250103E-17,1.,0.));
#12385 = ADVANCED_FACE('',(#12386),#12392,.F.);
#12386 = FACE_BOUND('',#12387,.F.);
#12387 = EDGE_LOOP('',(#12388,#12389,#12390,#12391));
#12388 = ORIENTED_EDGE('',*,*,#11766,.T.);
#12389 = ORIENTED_EDGE('',*,*,#12108,.T.);
#12390 = ORIENTED_EDGE('',*,*,#11652,.F.);
#12391 = ORIENTED_EDGE('',*,*,#12375,.F.);
#12392 = PLANE('',#12393);
#12393 = AXIS2_PLACEMENT_3D('',#12394,#12395,#12396);
#12394 = CARTESIAN_POINT('',(0.675,-0.6,0.));
#12395 = DIRECTION('',(-1.,-9.95799250103E-17,0.));
#12396 = DIRECTION('',(-9.95799250103E-17,1.,0.));
#12397 = ADVANCED_FACE('',(#12398),#12409,.F.);
#12398 = FACE_BOUND('',#12399,.F.);
#12399 = EDGE_LOOP('',(#12400,#12401,#12402,#12403));
#12400 = ORIENTED_EDGE('',*,*,#11805,.T.);
#12401 = ORIENTED_EDGE('',*,*,#11790,.T.);
#12402 = ORIENTED_EDGE('',*,*,#11707,.T.);
#12403 = ORIENTED_EDGE('',*,*,#12404,.T.);
#12404 = EDGE_CURVE('',#11710,#11806,#12405,.T.);
#12405 = LINE('',#12406,#12407);
#12406 = CARTESIAN_POINT('',(-0.675,-0.4,0.));
#12407 = VECTOR('',#12408,1.);
#12408 = DIRECTION('',(-2.288475490444E-17,-1.,0.));
#12409 = PLANE('',#12410);
#12410 = AXIS2_PLACEMENT_3D('',#12411,#12412,#12413);
#12411 = CARTESIAN_POINT('',(-0.446291916865,-0.5,0.));
#12412 = DIRECTION('',(0.,0.,1.));
#12413 = DIRECTION('',(-2.288475490444E-17,-1.,0.));
#12414 = ADVANCED_FACE('',(#12415),#12421,.F.);
#12415 = FACE_BOUND('',#12416,.F.);
#12416 = EDGE_LOOP('',(#12417,#12418,#12419,#12420));
#12417 = ORIENTED_EDGE('',*,*,#11733,.T.);
#12418 = ORIENTED_EDGE('',*,*,#12193,.T.);
#12419 = ORIENTED_EDGE('',*,*,#11813,.F.);
#12420 = ORIENTED_EDGE('',*,*,#12404,.F.);
#12421 = PLANE('',#12422);
#12422 = AXIS2_PLACEMENT_3D('',#12423,#12424,#12425);
#12423 = CARTESIAN_POINT('',(-0.675,-0.4,0.));
#12424 = DIRECTION('',(1.,-2.288475490444E-17,0.));
#12425 = DIRECTION('',(-2.288475490444E-17,-1.,0.));
#12426 = ADVANCED_FACE('',(#12427),#12438,.F.);
#12427 = FACE_BOUND('',#12428,.F.);
#12428 = EDGE_LOOP('',(#12429,#12430,#12431,#12432));
#12429 = ORIENTED_EDGE('',*,*,#11838,.T.);
#12430 = ORIENTED_EDGE('',*,*,#11888,.T.);
#12431 = ORIENTED_EDGE('',*,*,#11943,.T.);
#12432 = ORIENTED_EDGE('',*,*,#12433,.T.);
#12433 = EDGE_CURVE('',#11944,#11839,#12434,.T.);
#12434 = LINE('',#12435,#12436);
#12435 = CARTESIAN_POINT('',(0.675,-1.1,0.));
#12436 = VECTOR('',#12437,1.);
#12437 = DIRECTION('',(-9.95799250103E-17,1.,0.));
#12438 = PLANE('',#12439);
#12439 = AXIS2_PLACEMENT_3D('',#12440,#12441,#12442);
#12440 = CARTESIAN_POINT('',(0.446291916865,-1.,0.));
#12441 = DIRECTION('',(0.,0.,1.));
#12442 = DIRECTION('',(-9.95799250103E-17,1.,0.));
#12443 = ADVANCED_FACE('',(#12444),#12450,.F.);
#12444 = FACE_BOUND('',#12445,.F.);
#12445 = EDGE_LOOP('',(#12446,#12447,#12448,#12449));
#12446 = ORIENTED_EDGE('',*,*,#11962,.T.);
#12447 = ORIENTED_EDGE('',*,*,#12074,.T.);
#12448 = ORIENTED_EDGE('',*,*,#11848,.F.);
#12449 = ORIENTED_EDGE('',*,*,#12433,.F.);
#12450 = PLANE('',#12451);
#12451 = AXIS2_PLACEMENT_3D('',#12452,#12453,#12454);
#12452 = CARTESIAN_POINT('',(0.675,-1.1,0.));
#12453 = DIRECTION('',(-1.,-9.95799250103E-17,0.));
#12454 = DIRECTION('',(-9.95799250103E-17,1.,0.));
#12455 = ADVANCED_FACE('',(#12456),#12467,.F.);
#12456 = FACE_BOUND('',#12457,.F.);
#12457 = EDGE_LOOP('',(#12458,#12459,#12460,#12461));
#12458 = ORIENTED_EDGE('',*,*,#12001,.T.);
#12459 = ORIENTED_EDGE('',*,*,#11986,.T.);
#12460 = ORIENTED_EDGE('',*,*,#11903,.T.);
#12461 = ORIENTED_EDGE('',*,*,#12462,.T.);
#12462 = EDGE_CURVE('',#11906,#12002,#12463,.T.);
#12463 = LINE('',#12464,#12465);
#12464 = CARTESIAN_POINT('',(-0.675,-0.9,0.));
#12465 = VECTOR('',#12466,1.);
#12466 = DIRECTION('',(-2.288475490444E-17,-1.,0.));
#12467 = PLANE('',#12468);
#12468 = AXIS2_PLACEMENT_3D('',#12469,#12470,#12471);
#12469 = CARTESIAN_POINT('',(-0.446291916865,-1.,0.));
#12470 = DIRECTION('',(0.,0.,1.));
#12471 = DIRECTION('',(-2.288475490444E-17,-1.,0.));
#12472 = ADVANCED_FACE('',(#12473),#12479,.F.);
#12473 = FACE_BOUND('',#12474,.F.);
#12474 = EDGE_LOOP('',(#12475,#12476,#12477,#12478));
#12475 = ORIENTED_EDGE('',*,*,#11929,.T.);
#12476 = ORIENTED_EDGE('',*,*,#12159,.T.);
#12477 = ORIENTED_EDGE('',*,*,#12009,.F.);
#12478 = ORIENTED_EDGE('',*,*,#12462,.F.);
#12479 = PLANE('',#12480);
#12480 = AXIS2_PLACEMENT_3D('',#12481,#12482,#12483);
#12481 = CARTESIAN_POINT('',(-0.675,-0.9,0.));
#12482 = DIRECTION('',(1.,-2.288475490444E-17,0.));
#12483 = DIRECTION('',(-2.288475490444E-17,-1.,0.));
#12484 = ADVANCED_FACE('',(#12485),#12504,.F.);
#12485 = FACE_BOUND('',#12486,.F.);
#12486 = EDGE_LOOP('',(#12487,#12495,#12502,#12503));
#12487 = ORIENTED_EDGE('',*,*,#12488,.T.);
#12488 = EDGE_CURVE('',#12058,#12489,#12491,.T.);
#12489 = VERTEX_POINT('',#12490);
#12490 = CARTESIAN_POINT('',(-0.235,0.66,0.51));
#12491 = LINE('',#12492,#12493);
#12492 = CARTESIAN_POINT('',(-0.235,0.66,0.53));
#12493 = VECTOR('',#12494,1.);
#12494 = DIRECTION('',(0.,-0.,-1.));
#12495 = ORIENTED_EDGE('',*,*,#12496,.T.);
#12496 = EDGE_CURVE('',#12489,#12489,#12497,.T.);
#12497 = CIRCLE('',#12498,0.2);
#12498 = AXIS2_PLACEMENT_3D('',#12499,#12500,#12501);
#12499 = CARTESIAN_POINT('',(-0.235,0.86,0.51));
#12500 = DIRECTION('',(-0.,0.,1.));
#12501 = DIRECTION('',(2.22044604925E-16,-1.,0.));
#12502 = ORIENTED_EDGE('',*,*,#12488,.F.);
#12503 = ORIENTED_EDGE('',*,*,#12057,.T.);
#12504 = CYLINDRICAL_SURFACE('',#12505,0.2);
#12505 = AXIS2_PLACEMENT_3D('',#12506,#12507,#12508);
#12506 = CARTESIAN_POINT('',(-0.235,0.86,0.53));
#12507 = DIRECTION('',(-0.,0.,-1.));
#12508 = DIRECTION('',(2.22044604925E-16,-1.,-0.));
#12509 = ADVANCED_FACE('',(#12510),#12513,.T.);
#12510 = FACE_BOUND('',#12511,.T.);
#12511 = EDGE_LOOP('',(#12512));
#12512 = ORIENTED_EDGE('',*,*,#12496,.T.);
#12513 = PLANE('',#12514);
#12514 = AXIS2_PLACEMENT_3D('',#12515,#12516,#12517);
#12515 = CARTESIAN_POINT('',(-0.235,0.86,0.51));
#12516 = DIRECTION('',(0.,0.,1.));
#12517 = DIRECTION('',(2.22044604925E-16,-1.,0.));
#12518 = ( GEOMETRIC_REPRESENTATION_CONTEXT(3) 
GLOBAL_UNCERTAINTY_ASSIGNED_CONTEXT((#12522)) 
GLOBAL_UNIT_ASSIGNED_CONTEXT((#12519,#12520,#12521)) 
REPRESENTATION_CONTEXT('Context #1',
  '3D Context with UNIT and UNCERTAINTY') );
#12519 = ( LENGTH_UNIT() NAMED_UNIT(*) SI_UNIT(.MILLI.,.METRE.) );
#12520 = ( NAMED_UNIT(*) PLANE_ANGLE_UNIT() SI_UNIT($,.RADIAN.) );
#12521 = ( NAMED_UNIT(*) SI_UNIT($,.STERADIAN.) SOLID_ANGLE_UNIT() );
#12522 = UNCERTAINTY_MEASURE_WITH_UNIT(LENGTH_MEASURE(1.E-07),#12519,
  'distance_accuracy_value','confusion accuracy');
#12523 = CONTEXT_DEPENDENT_SHAPE_REPRESENTATION(#12524,#12526);
#12524 = ( REPRESENTATION_RELATIONSHIP('','',#10322,#10299) 
REPRESENTATION_RELATIONSHIP_WITH_TRANSFORMATION(#12525) 
SHAPE_REPRESENTATION_RELATIONSHIP() );
#12525 = ITEM_DEFINED_TRANSFORMATION('','',#11,#10300);
#12526 = PRODUCT_DEFINITION_SHAPE('Placement','Placement of an item',
  #12527);
#12527 = NEXT_ASSEMBLY_USAGE_OCCURRENCE('15','=>[0:1:1:15]','',#10294,
  #10317,$);
#12528 = PRODUCT_RELATED_PRODUCT_CATEGORY('part',$,(#10319));
#12529 = CONTEXT_DEPENDENT_SHAPE_REPRESENTATION(#12530,#12532);
#12530 = ( REPRESENTATION_RELATIONSHIP('','',#9403,#10) 
REPRESENTATION_RELATIONSHIP_WITH_TRANSFORMATION(#12531) 
SHAPE_REPRESENTATION_RELATIONSHIP() );
#12531 = ITEM_DEFINED_TRANSFORMATION('','',#11,#51);
#12532 = PRODUCT_DEFINITION_SHAPE('Placement','Placement of an item',
  #12533);
#12533 = NEXT_ASSEMBLY_USAGE_OCCURRENCE('17','C1','',#5,#9398,$);
#12534 = CONTEXT_DEPENDENT_SHAPE_REPRESENTATION(#12535,#12537);
#12535 = ( REPRESENTATION_RELATIONSHIP('','',#8571,#10) 
REPRESENTATION_RELATIONSHIP_WITH_TRANSFORMATION(#12536) 
SHAPE_REPRESENTATION_RELATIONSHIP() );
#12536 = ITEM_DEFINED_TRANSFORMATION('','',#11,#55);
#12537 = PRODUCT_DEFINITION_SHAPE('Placement','Placement of an item',
  #12538);
#12538 = NEXT_ASSEMBLY_USAGE_OCCURRENCE('18','R4','',#5,#8566,$);
#12539 = CONTEXT_DEPENDENT_SHAPE_REPRESENTATION(#12540,#12542);
#12540 = ( REPRESENTATION_RELATIONSHIP('','',#8571,#10) 
REPRESENTATION_RELATIONSHIP_WITH_TRANSFORMATION(#12541) 
SHAPE_REPRESENTATION_RELATIONSHIP() );
#12541 = ITEM_DEFINED_TRANSFORMATION('','',#11,#59);
#12542 = PRODUCT_DEFINITION_SHAPE('Placement','Placement of an item',
  #12543);
#12543 = NEXT_ASSEMBLY_USAGE_OCCURRENCE('19','R2','',#5,#8566,$);
#12544 = CONTEXT_DEPENDENT_SHAPE_REPRESENTATION(#12545,#12547);
#12545 = ( REPRESENTATION_RELATIONSHIP('','',#88,#10) 
REPRESENTATION_RELATIONSHIP_WITH_TRANSFORMATION(#12546) 
SHAPE_REPRESENTATION_RELATIONSHIP() );
#12546 = ITEM_DEFINED_TRANSFORMATION('','',#11,#63);
#12547 = PRODUCT_DEFINITION_SHAPE('Placement','Placement of an item',
  #12548);
#12548 = NEXT_ASSEMBLY_USAGE_OCCURRENCE('20','C5','',#5,#83,$);
#12549 = CONTEXT_DEPENDENT_SHAPE_REPRESENTATION(#12550,#12552);
#12550 = ( REPRESENTATION_RELATIONSHIP('','',#9403,#10) 
REPRESENTATION_RELATIONSHIP_WITH_TRANSFORMATION(#12551) 
SHAPE_REPRESENTATION_RELATIONSHIP() );
#12551 = ITEM_DEFINED_TRANSFORMATION('','',#11,#67);
#12552 = PRODUCT_DEFINITION_SHAPE('Placement','Placement of an item',
  #12553);
#12553 = NEXT_ASSEMBLY_USAGE_OCCURRENCE('21','C4','',#5,#9398,$);
#12554 = SHAPE_DEFINITION_REPRESENTATION(#12555,#12561);
#12555 = PRODUCT_DEFINITION_SHAPE('','',#12556);
#12556 = PRODUCT_DEFINITION('design','',#12557,#12560);
#12557 = PRODUCT_DEFINITION_FORMATION('','',#12558);
#12558 = PRODUCT('nfc_sense_ntag_PCB','nfc_sense_ntag_PCB','',(#12559));
#12559 = PRODUCT_CONTEXT('',#2,'mechanical');
#12560 = PRODUCT_DEFINITION_CONTEXT('part definition',#2,'design');
#12561 = ADVANCED_BREP_SHAPE_REPRESENTATION('',(#11,#12562),#13177);
#12562 = MANIFOLD_SOLID_BREP('',#12563);
#12563 = CLOSED_SHELL('',(#12564,#12606,#12637,#12668,#12806,#12944,
    #12961,#12978,#12995,#13012,#13029,#13046,#13058,#13075,#13092,
    #13109,#13131,#13148,#13165));
#12564 = ADVANCED_FACE('',(#12565),#12601,.T.);
#12565 = FACE_BOUND('',#12566,.T.);
#12566 = EDGE_LOOP('',(#12567,#12577,#12586,#12594));
#12567 = ORIENTED_EDGE('',*,*,#12568,.T.);
#12568 = EDGE_CURVE('',#12569,#12571,#12573,.T.);
#12569 = VERTEX_POINT('',#12570);
#12570 = CARTESIAN_POINT('',(138.299999,-31.499999,0.));
#12571 = VERTEX_POINT('',#12572);
#12572 = CARTESIAN_POINT('',(138.299999,-31.499999,0.706));
#12573 = LINE('',#12574,#12575);
#12574 = CARTESIAN_POINT('',(138.299999,-31.499999,0.));
#12575 = VECTOR('',#12576,1.);
#12576 = DIRECTION('',(0.,0.,1.));
#12577 = ORIENTED_EDGE('',*,*,#12578,.T.);
#12578 = EDGE_CURVE('',#12571,#12579,#12581,.T.);
#12579 = VERTEX_POINT('',#12580);
#12580 = CARTESIAN_POINT('',(138.799999,-31.999999,0.706));
#12581 = CIRCLE('',#12582,0.49999791937);
#12582 = AXIS2_PLACEMENT_3D('',#12583,#12584,#12585);
#12583 = CARTESIAN_POINT('',(138.30000108063,-31.99999691936,0.706));
#12584 = DIRECTION('',(0.,0.,-1.));
#12585 = DIRECTION('',(-4.161285723379E-06,0.999999999991,0.));
#12586 = ORIENTED_EDGE('',*,*,#12587,.F.);
#12587 = EDGE_CURVE('',#12588,#12579,#12590,.T.);
#12588 = VERTEX_POINT('',#12589);
#12589 = CARTESIAN_POINT('',(138.799999,-31.999999,0.));
#12590 = LINE('',#12591,#12592);
#12591 = CARTESIAN_POINT('',(138.799999,-31.999999,0.));
#12592 = VECTOR('',#12593,1.);
#12593 = DIRECTION('',(0.,0.,1.));
#12594 = ORIENTED_EDGE('',*,*,#12595,.F.);
#12595 = EDGE_CURVE('',#12569,#12588,#12596,.T.);
#12596 = CIRCLE('',#12597,0.49999791937);
#12597 = AXIS2_PLACEMENT_3D('',#12598,#12599,#12600);
#12598 = CARTESIAN_POINT('',(138.30000108063,-31.99999691936,0.));
#12599 = DIRECTION('',(0.,0.,-1.));
#12600 = DIRECTION('',(-4.161285723379E-06,0.999999999991,0.));
#12601 = CYLINDRICAL_SURFACE('',#12602,0.49999791937);
#12602 = AXIS2_PLACEMENT_3D('',#12603,#12604,#12605);
#12603 = CARTESIAN_POINT('',(138.30000108063,-31.99999691936,0.));
#12604 = DIRECTION('',(0.,0.,-1.));
#12605 = DIRECTION('',(-4.161285723379E-06,0.999999999991,0.));
#12606 = ADVANCED_FACE('',(#12607),#12632,.T.);
#12607 = FACE_BOUND('',#12608,.T.);
#12608 = EDGE_LOOP('',(#12609,#12619,#12625,#12626));
#12609 = ORIENTED_EDGE('',*,*,#12610,.T.);
#12610 = EDGE_CURVE('',#12611,#12613,#12615,.T.);
#12611 = VERTEX_POINT('',#12612);
#12612 = CARTESIAN_POINT('',(120.699999,-31.499999,0.));
#12613 = VERTEX_POINT('',#12614);
#12614 = CARTESIAN_POINT('',(120.699999,-31.499999,0.706));
#12615 = LINE('',#12616,#12617);
#12616 = CARTESIAN_POINT('',(120.699999,-31.499999,0.));
#12617 = VECTOR('',#12618,1.);
#12618 = DIRECTION('',(0.,0.,1.));
#12619 = ORIENTED_EDGE('',*,*,#12620,.T.);
#12620 = EDGE_CURVE('',#12613,#12571,#12621,.T.);
#12621 = LINE('',#12622,#12623);
#12622 = CARTESIAN_POINT('',(120.699999,-31.499999,0.706));
#12623 = VECTOR('',#12624,1.);
#12624 = DIRECTION('',(1.,0.,0.));
#12625 = ORIENTED_EDGE('',*,*,#12568,.F.);
#12626 = ORIENTED_EDGE('',*,*,#12627,.F.);
#12627 = EDGE_CURVE('',#12611,#12569,#12628,.T.);
#12628 = LINE('',#12629,#12630);
#12629 = CARTESIAN_POINT('',(120.699999,-31.499999,0.));
#12630 = VECTOR('',#12631,1.);
#12631 = DIRECTION('',(1.,0.,0.));
#12632 = PLANE('',#12633);
#12633 = AXIS2_PLACEMENT_3D('',#12634,#12635,#12636);
#12634 = CARTESIAN_POINT('',(120.699999,-31.499999,0.));
#12635 = DIRECTION('',(0.,1.,0.));
#12636 = DIRECTION('',(1.,0.,0.));
#12637 = ADVANCED_FACE('',(#12638),#12663,.T.);
#12638 = FACE_BOUND('',#12639,.T.);
#12639 = EDGE_LOOP('',(#12640,#12641,#12649,#12657));
#12640 = ORIENTED_EDGE('',*,*,#12587,.T.);
#12641 = ORIENTED_EDGE('',*,*,#12642,.T.);
#12642 = EDGE_CURVE('',#12579,#12643,#12645,.T.);
#12643 = VERTEX_POINT('',#12644);
#12644 = CARTESIAN_POINT('',(138.799999,-58.046445,0.706));
#12645 = LINE('',#12646,#12647);
#12646 = CARTESIAN_POINT('',(138.799999,-31.999999,0.706));
#12647 = VECTOR('',#12648,1.);
#12648 = DIRECTION('',(0.,-1.,0.));
#12649 = ORIENTED_EDGE('',*,*,#12650,.F.);
#12650 = EDGE_CURVE('',#12651,#12643,#12653,.T.);
#12651 = VERTEX_POINT('',#12652);
#12652 = CARTESIAN_POINT('',(138.799999,-58.046445,0.));
#12653 = LINE('',#12654,#12655);
#12654 = CARTESIAN_POINT('',(138.799999,-58.046445,0.));
#12655 = VECTOR('',#12656,1.);
#12656 = DIRECTION('',(0.,0.,1.));
#12657 = ORIENTED_EDGE('',*,*,#12658,.F.);
#12658 = EDGE_CURVE('',#12588,#12651,#12659,.T.);
#12659 = LINE('',#12660,#12661);
#12660 = CARTESIAN_POINT('',(138.799999,-31.999999,0.));
#12661 = VECTOR('',#12662,1.);
#12662 = DIRECTION('',(0.,-1.,0.));
#12663 = PLANE('',#12664);
#12664 = AXIS2_PLACEMENT_3D('',#12665,#12666,#12667);
#12665 = CARTESIAN_POINT('',(138.799999,-31.999999,0.));
#12666 = DIRECTION('',(1.,0.,-0.));
#12667 = DIRECTION('',(0.,-1.,0.));
#12668 = ADVANCED_FACE('',(#12669,#12732,#12743,#12754,#12765),#12801,
  .F.);
#12669 = FACE_BOUND('',#12670,.F.);
#12670 = EDGE_LOOP('',(#12671,#12672,#12673,#12682,#12690,#12699,#12707,
    #12716,#12724,#12731));
#12671 = ORIENTED_EDGE('',*,*,#12595,.F.);
#12672 = ORIENTED_EDGE('',*,*,#12627,.F.);
#12673 = ORIENTED_EDGE('',*,*,#12674,.F.);
#12674 = EDGE_CURVE('',#12675,#12611,#12677,.T.);
#12675 = VERTEX_POINT('',#12676);
#12676 = CARTESIAN_POINT('',(120.199999,-31.999999,0.));
#12677 = CIRCLE('',#12678,0.500001333575);
#12678 = AXIS2_PLACEMENT_3D('',#12679,#12680,#12681);
#12679 = CARTESIAN_POINT('',(120.70000033357,-32.00000033357,0.));
#12680 = DIRECTION('',(0.,0.,-1.));
#12681 = DIRECTION('',(-0.999999999996,2.667139169726E-06,0.));
#12682 = ORIENTED_EDGE('',*,*,#12683,.F.);
#12683 = EDGE_CURVE('',#12684,#12675,#12686,.T.);
#12684 = VERTEX_POINT('',#12685);
#12685 = CARTESIAN_POINT('',(120.199999,-58.046445,0.));
#12686 = LINE('',#12687,#12688);
#12687 = CARTESIAN_POINT('',(120.199999,-58.046445,0.));
#12688 = VECTOR('',#12689,1.);
#12689 = DIRECTION('',(0.,1.,0.));
#12690 = ORIENTED_EDGE('',*,*,#12691,.F.);
#12691 = EDGE_CURVE('',#12692,#12684,#12694,.T.);
#12692 = VERTEX_POINT('',#12693);
#12693 = CARTESIAN_POINT('',(120.34643,-58.400001,0.));
#12694 = CIRCLE('',#12695,0.499876154956);
#12695 = AXIS2_PLACEMENT_3D('',#12696,#12697,#12698);
#12696 = CARTESIAN_POINT('',(120.69987515012,-58.04651451348,0.));
#12697 = DIRECTION('',(0.,0.,-1.));
#12698 = DIRECTION('',(-0.707065433345,-0.707148126611,-0.));
#12699 = ORIENTED_EDGE('',*,*,#12700,.F.);
#12700 = EDGE_CURVE('',#12701,#12692,#12703,.T.);
#12701 = VERTEX_POINT('',#12702);
#12702 = CARTESIAN_POINT('',(126.850001,-64.849997,0.));
#12703 = LINE('',#12704,#12705);
#12704 = CARTESIAN_POINT('',(126.850001,-64.849997,0.));
#12705 = VECTOR('',#12706,1.);
#12706 = DIRECTION('',(-0.710025250025,0.704176216814,0.));
#12707 = ORIENTED_EDGE('',*,*,#12708,.F.);
#12708 = EDGE_CURVE('',#12709,#12701,#12711,.T.);
#12709 = VERTEX_POINT('',#12710);
#12710 = CARTESIAN_POINT('',(132.149999,-64.849997,0.));
#12711 = CIRCLE('',#12712,3.74766338192);
#12712 = AXIS2_PLACEMENT_3D('',#12713,#12714,#12715);
#12713 = CARTESIAN_POINT('',(129.5,-62.19999961808,0.));
#12714 = DIRECTION('',(-0.,0.,-1.));
#12715 = DIRECTION('',(0.707106997065,-0.707106565308,-0.));
#12716 = ORIENTED_EDGE('',*,*,#12717,.F.);
#12717 = EDGE_CURVE('',#12718,#12709,#12720,.T.);
#12718 = VERTEX_POINT('',#12719);
#12719 = CARTESIAN_POINT('',(138.653536,-58.399968,0.));
#12720 = LINE('',#12721,#12722);
#12721 = CARTESIAN_POINT('',(138.653536,-58.399968,0.));
#12722 = VECTOR('',#12723,1.);
#12723 = DIRECTION('',(-0.710021608077,-0.704179888994,0.));
#12724 = ORIENTED_EDGE('',*,*,#12725,.F.);
#12725 = EDGE_CURVE('',#12651,#12718,#12726,.T.);
#12726 = CIRCLE('',#12727,0.50000543664);
#12727 = AXIS2_PLACEMENT_3D('',#12728,#12729,#12730);
#12728 = CARTESIAN_POINT('',(138.29999356576,-58.04639596509,0.));
#12729 = DIRECTION('',(0.,0.,-1.));
#12730 = DIRECTION('',(0.999999995191,-9.806873677255E-05,0.));
#12731 = ORIENTED_EDGE('',*,*,#12658,.F.);
#12732 = FACE_BOUND('',#12733,.F.);
#12733 = EDGE_LOOP('',(#12734));
#12734 = ORIENTED_EDGE('',*,*,#12735,.F.);
#12735 = EDGE_CURVE('',#12736,#12736,#12738,.T.);
#12736 = VERTEX_POINT('',#12737);
#12737 = CARTESIAN_POINT('',(131.5,-62.199998,0.));
#12738 = CIRCLE('',#12739,2.);
#12739 = AXIS2_PLACEMENT_3D('',#12740,#12741,#12742);
#12740 = CARTESIAN_POINT('',(129.5,-62.199998,0.));
#12741 = DIRECTION('',(0.,0.,1.));
#12742 = DIRECTION('',(1.,0.,-0.));
#12743 = FACE_BOUND('',#12744,.F.);
#12744 = EDGE_LOOP('',(#12745));
#12745 = ORIENTED_EDGE('',*,*,#12746,.T.);
#12746 = EDGE_CURVE('',#12747,#12747,#12749,.T.);
#12747 = VERTEX_POINT('',#12748);
#12748 = CARTESIAN_POINT('',(128.80901,-56.9,0.));
#12749 = CIRCLE('',#12750,0.1);
#12750 = AXIS2_PLACEMENT_3D('',#12751,#12752,#12753);
#12751 = CARTESIAN_POINT('',(128.80901,-56.8,0.));
#12752 = DIRECTION('',(-0.,0.,-1.));
#12753 = DIRECTION('',(-0.,-1.,0.));
#12754 = FACE_BOUND('',#12755,.F.);
#12755 = EDGE_LOOP('',(#12756));
#12756 = ORIENTED_EDGE('',*,*,#12757,.T.);
#12757 = EDGE_CURVE('',#12758,#12758,#12760,.T.);
#12758 = VERTEX_POINT('',#12759);
#12759 = CARTESIAN_POINT('',(130.19099,-54.85,0.));
#12760 = CIRCLE('',#12761,0.1);
#12761 = AXIS2_PLACEMENT_3D('',#12762,#12763,#12764);
#12762 = CARTESIAN_POINT('',(130.19099,-54.75,0.));
#12763 = DIRECTION('',(-0.,0.,-1.));
#12764 = DIRECTION('',(-0.,-1.,0.));
#12765 = FACE_BOUND('',#12766,.F.);
#12766 = EDGE_LOOP('',(#12767,#12778,#12786,#12795));
#12767 = ORIENTED_EDGE('',*,*,#12768,.F.);
#12768 = EDGE_CURVE('',#12769,#12771,#12773,.T.);
#12769 = VERTEX_POINT('',#12770);
#12770 = CARTESIAN_POINT('',(130.2,-43.45,0.));
#12771 = VERTEX_POINT('',#12772);
#12772 = CARTESIAN_POINT('',(128.8,-43.45,0.));
#12773 = CIRCLE('',#12774,4.307277049404);
#12774 = AXIS2_PLACEMENT_3D('',#12775,#12776,#12777);
#12775 = CARTESIAN_POINT('',(129.5,-39.1999840494,0.));
#12776 = DIRECTION('',(0.,0.,1.));
#12777 = DIRECTION('',(0.162515666388,-0.986705963385,0.));
#12778 = ORIENTED_EDGE('',*,*,#12779,.F.);
#12779 = EDGE_CURVE('',#12780,#12769,#12782,.T.);
#12780 = VERTEX_POINT('',#12781);
#12781 = CARTESIAN_POINT('',(130.2,-41.6,0.));
#12782 = LINE('',#12783,#12784);
#12783 = CARTESIAN_POINT('',(130.2,-41.6,0.));
#12784 = VECTOR('',#12785,1.);
#12785 = DIRECTION('',(0.,-1.,0.));
#12786 = ORIENTED_EDGE('',*,*,#12787,.F.);
#12787 = EDGE_CURVE('',#12788,#12780,#12790,.T.);
#12788 = VERTEX_POINT('',#12789);
#12789 = CARTESIAN_POINT('',(128.8,-41.6,0.));
#12790 = CIRCLE('',#12791,2.500015183675);
#12791 = AXIS2_PLACEMENT_3D('',#12792,#12793,#12794);
#12792 = CARTESIAN_POINT('',(129.5,-39.19998418367,0.));
#12793 = DIRECTION('',(0.,0.,-1.));
#12794 = DIRECTION('',(-0.279998299439,-0.960000495995,-0.));
#12795 = ORIENTED_EDGE('',*,*,#12796,.F.);
#12796 = EDGE_CURVE('',#12771,#12788,#12797,.T.);
#12797 = LINE('',#12798,#12799);
#12798 = CARTESIAN_POINT('',(128.8,-43.45,0.));
#12799 = VECTOR('',#12800,1.);
#12800 = DIRECTION('',(0.,1.,0.));
#12801 = PLANE('',#12802);
#12802 = AXIS2_PLACEMENT_3D('',#12803,#12804,#12805);
#12803 = CARTESIAN_POINT('',(0.,0.,0.));
#12804 = DIRECTION('',(0.,0.,1.));
#12805 = DIRECTION('',(1.,0.,-0.));
#12806 = ADVANCED_FACE('',(#12807,#12870,#12881,#12892,#12903),#12939,
  .T.);
#12807 = FACE_BOUND('',#12808,.T.);
#12808 = EDGE_LOOP('',(#12809,#12810,#12811,#12820,#12828,#12837,#12845,
    #12854,#12862,#12869));
#12809 = ORIENTED_EDGE('',*,*,#12578,.F.);
#12810 = ORIENTED_EDGE('',*,*,#12620,.F.);
#12811 = ORIENTED_EDGE('',*,*,#12812,.F.);
#12812 = EDGE_CURVE('',#12813,#12613,#12815,.T.);
#12813 = VERTEX_POINT('',#12814);
#12814 = CARTESIAN_POINT('',(120.199999,-31.999999,0.706));
#12815 = CIRCLE('',#12816,0.500001333575);
#12816 = AXIS2_PLACEMENT_3D('',#12817,#12818,#12819);
#12817 = CARTESIAN_POINT('',(120.70000033357,-32.00000033357,0.706));
#12818 = DIRECTION('',(0.,0.,-1.));
#12819 = DIRECTION('',(-0.999999999996,2.667139169726E-06,0.));
#12820 = ORIENTED_EDGE('',*,*,#12821,.F.);
#12821 = EDGE_CURVE('',#12822,#12813,#12824,.T.);
#12822 = VERTEX_POINT('',#12823);
#12823 = CARTESIAN_POINT('',(120.199999,-58.046445,0.706));
#12824 = LINE('',#12825,#12826);
#12825 = CARTESIAN_POINT('',(120.199999,-58.046445,0.706));
#12826 = VECTOR('',#12827,1.);
#12827 = DIRECTION('',(0.,1.,0.));
#12828 = ORIENTED_EDGE('',*,*,#12829,.F.);
#12829 = EDGE_CURVE('',#12830,#12822,#12832,.T.);
#12830 = VERTEX_POINT('',#12831);
#12831 = CARTESIAN_POINT('',(120.34643,-58.400001,0.706));
#12832 = CIRCLE('',#12833,0.499876154956);
#12833 = AXIS2_PLACEMENT_3D('',#12834,#12835,#12836);
#12834 = CARTESIAN_POINT('',(120.69987515012,-58.04651451348,0.706));
#12835 = DIRECTION('',(0.,0.,-1.));
#12836 = DIRECTION('',(-0.707065433345,-0.707148126611,-0.));
#12837 = ORIENTED_EDGE('',*,*,#12838,.F.);
#12838 = EDGE_CURVE('',#12839,#12830,#12841,.T.);
#12839 = VERTEX_POINT('',#12840);
#12840 = CARTESIAN_POINT('',(126.850001,-64.849997,0.706));
#12841 = LINE('',#12842,#12843);
#12842 = CARTESIAN_POINT('',(126.850001,-64.849997,0.706));
#12843 = VECTOR('',#12844,1.);
#12844 = DIRECTION('',(-0.710025250025,0.704176216814,0.));
#12845 = ORIENTED_EDGE('',*,*,#12846,.F.);
#12846 = EDGE_CURVE('',#12847,#12839,#12849,.T.);
#12847 = VERTEX_POINT('',#12848);
#12848 = CARTESIAN_POINT('',(132.149999,-64.849997,0.706));
#12849 = CIRCLE('',#12850,3.74766338192);
#12850 = AXIS2_PLACEMENT_3D('',#12851,#12852,#12853);
#12851 = CARTESIAN_POINT('',(129.5,-62.19999961808,0.706));
#12852 = DIRECTION('',(-0.,0.,-1.));
#12853 = DIRECTION('',(0.707106997065,-0.707106565308,-0.));
#12854 = ORIENTED_EDGE('',*,*,#12855,.F.);
#12855 = EDGE_CURVE('',#12856,#12847,#12858,.T.);
#12856 = VERTEX_POINT('',#12857);
#12857 = CARTESIAN_POINT('',(138.653536,-58.399968,0.706));
#12858 = LINE('',#12859,#12860);
#12859 = CARTESIAN_POINT('',(138.653536,-58.399968,0.706));
#12860 = VECTOR('',#12861,1.);
#12861 = DIRECTION('',(-0.710021608077,-0.704179888994,0.));
#12862 = ORIENTED_EDGE('',*,*,#12863,.F.);
#12863 = EDGE_CURVE('',#12643,#12856,#12864,.T.);
#12864 = CIRCLE('',#12865,0.50000543664);
#12865 = AXIS2_PLACEMENT_3D('',#12866,#12867,#12868);
#12866 = CARTESIAN_POINT('',(138.29999356576,-58.04639596509,0.706));
#12867 = DIRECTION('',(0.,0.,-1.));
#12868 = DIRECTION('',(0.999999995191,-9.806873677255E-05,0.));
#12869 = ORIENTED_EDGE('',*,*,#12642,.F.);
#12870 = FACE_BOUND('',#12871,.T.);
#12871 = EDGE_LOOP('',(#12872));
#12872 = ORIENTED_EDGE('',*,*,#12873,.F.);
#12873 = EDGE_CURVE('',#12874,#12874,#12876,.T.);
#12874 = VERTEX_POINT('',#12875);
#12875 = CARTESIAN_POINT('',(131.5,-62.199998,0.706));
#12876 = CIRCLE('',#12877,2.);
#12877 = AXIS2_PLACEMENT_3D('',#12878,#12879,#12880);
#12878 = CARTESIAN_POINT('',(129.5,-62.199998,0.706));
#12879 = DIRECTION('',(0.,0.,1.));
#12880 = DIRECTION('',(1.,0.,-0.));
#12881 = FACE_BOUND('',#12882,.T.);
#12882 = EDGE_LOOP('',(#12883));
#12883 = ORIENTED_EDGE('',*,*,#12884,.T.);
#12884 = EDGE_CURVE('',#12885,#12885,#12887,.T.);
#12885 = VERTEX_POINT('',#12886);
#12886 = CARTESIAN_POINT('',(128.80901,-56.9,0.706));
#12887 = CIRCLE('',#12888,0.1);
#12888 = AXIS2_PLACEMENT_3D('',#12889,#12890,#12891);
#12889 = CARTESIAN_POINT('',(128.80901,-56.8,0.706));
#12890 = DIRECTION('',(-0.,0.,-1.));
#12891 = DIRECTION('',(-0.,-1.,0.));
#12892 = FACE_BOUND('',#12893,.T.);
#12893 = EDGE_LOOP('',(#12894));
#12894 = ORIENTED_EDGE('',*,*,#12895,.T.);
#12895 = EDGE_CURVE('',#12896,#12896,#12898,.T.);
#12896 = VERTEX_POINT('',#12897);
#12897 = CARTESIAN_POINT('',(130.19099,-54.85,0.706));
#12898 = CIRCLE('',#12899,0.1);
#12899 = AXIS2_PLACEMENT_3D('',#12900,#12901,#12902);
#12900 = CARTESIAN_POINT('',(130.19099,-54.75,0.706));
#12901 = DIRECTION('',(-0.,0.,-1.));
#12902 = DIRECTION('',(-0.,-1.,0.));
#12903 = FACE_BOUND('',#12904,.T.);
#12904 = EDGE_LOOP('',(#12905,#12916,#12924,#12933));
#12905 = ORIENTED_EDGE('',*,*,#12906,.F.);
#12906 = EDGE_CURVE('',#12907,#12909,#12911,.T.);
#12907 = VERTEX_POINT('',#12908);
#12908 = CARTESIAN_POINT('',(130.2,-43.45,0.706));
#12909 = VERTEX_POINT('',#12910);
#12910 = CARTESIAN_POINT('',(128.8,-43.45,0.706));
#12911 = CIRCLE('',#12912,4.307277049404);
#12912 = AXIS2_PLACEMENT_3D('',#12913,#12914,#12915);
#12913 = CARTESIAN_POINT('',(129.5,-39.1999840494,0.706));
#12914 = DIRECTION('',(0.,0.,1.));
#12915 = DIRECTION('',(0.162515666388,-0.986705963385,0.));
#12916 = ORIENTED_EDGE('',*,*,#12917,.F.);
#12917 = EDGE_CURVE('',#12918,#12907,#12920,.T.);
#12918 = VERTEX_POINT('',#12919);
#12919 = CARTESIAN_POINT('',(130.2,-41.6,0.706));
#12920 = LINE('',#12921,#12922);
#12921 = CARTESIAN_POINT('',(130.2,-41.6,0.706));
#12922 = VECTOR('',#12923,1.);
#12923 = DIRECTION('',(0.,-1.,0.));
#12924 = ORIENTED_EDGE('',*,*,#12925,.F.);
#12925 = EDGE_CURVE('',#12926,#12918,#12928,.T.);
#12926 = VERTEX_POINT('',#12927);
#12927 = CARTESIAN_POINT('',(128.8,-41.6,0.706));
#12928 = CIRCLE('',#12929,2.500015183675);
#12929 = AXIS2_PLACEMENT_3D('',#12930,#12931,#12932);
#12930 = CARTESIAN_POINT('',(129.5,-39.19998418367,0.706));
#12931 = DIRECTION('',(0.,0.,-1.));
#12932 = DIRECTION('',(-0.279998299439,-0.960000495995,-0.));
#12933 = ORIENTED_EDGE('',*,*,#12934,.F.);
#12934 = EDGE_CURVE('',#12909,#12926,#12935,.T.);
#12935 = LINE('',#12936,#12937);
#12936 = CARTESIAN_POINT('',(128.8,-43.45,0.706));
#12937 = VECTOR('',#12938,1.);
#12938 = DIRECTION('',(0.,1.,0.));
#12939 = PLANE('',#12940);
#12940 = AXIS2_PLACEMENT_3D('',#12941,#12942,#12943);
#12941 = CARTESIAN_POINT('',(0.,0.,0.706));
#12942 = DIRECTION('',(0.,0.,1.));
#12943 = DIRECTION('',(1.,0.,-0.));
#12944 = ADVANCED_FACE('',(#12945),#12956,.T.);
#12945 = FACE_BOUND('',#12946,.T.);
#12946 = EDGE_LOOP('',(#12947,#12953,#12954,#12955));
#12947 = ORIENTED_EDGE('',*,*,#12948,.T.);
#12948 = EDGE_CURVE('',#12675,#12813,#12949,.T.);
#12949 = LINE('',#12950,#12951);
#12950 = CARTESIAN_POINT('',(120.199999,-31.999999,0.));
#12951 = VECTOR('',#12952,1.);
#12952 = DIRECTION('',(0.,0.,1.));
#12953 = ORIENTED_EDGE('',*,*,#12812,.T.);
#12954 = ORIENTED_EDGE('',*,*,#12610,.F.);
#12955 = ORIENTED_EDGE('',*,*,#12674,.F.);
#12956 = CYLINDRICAL_SURFACE('',#12957,0.500001333575);
#12957 = AXIS2_PLACEMENT_3D('',#12958,#12959,#12960);
#12958 = CARTESIAN_POINT('',(120.70000033357,-32.00000033357,0.));
#12959 = DIRECTION('',(0.,0.,-1.));
#12960 = DIRECTION('',(-0.999999999996,2.667139169726E-06,0.));
#12961 = ADVANCED_FACE('',(#12962),#12973,.T.);
#12962 = FACE_BOUND('',#12963,.T.);
#12963 = EDGE_LOOP('',(#12964,#12965,#12966,#12972));
#12964 = ORIENTED_EDGE('',*,*,#12650,.T.);
#12965 = ORIENTED_EDGE('',*,*,#12863,.T.);
#12966 = ORIENTED_EDGE('',*,*,#12967,.F.);
#12967 = EDGE_CURVE('',#12718,#12856,#12968,.T.);
#12968 = LINE('',#12969,#12970);
#12969 = CARTESIAN_POINT('',(138.653536,-58.399968,0.));
#12970 = VECTOR('',#12971,1.);
#12971 = DIRECTION('',(0.,0.,1.));
#12972 = ORIENTED_EDGE('',*,*,#12725,.F.);
#12973 = CYLINDRICAL_SURFACE('',#12974,0.50000543664);
#12974 = AXIS2_PLACEMENT_3D('',#12975,#12976,#12977);
#12975 = CARTESIAN_POINT('',(138.29999356576,-58.04639596509,0.));
#12976 = DIRECTION('',(0.,0.,-1.));
#12977 = DIRECTION('',(0.999999995191,-9.806873677255E-05,0.));
#12978 = ADVANCED_FACE('',(#12979),#12990,.T.);
#12979 = FACE_BOUND('',#12980,.T.);
#12980 = EDGE_LOOP('',(#12981,#12987,#12988,#12989));
#12981 = ORIENTED_EDGE('',*,*,#12982,.T.);
#12982 = EDGE_CURVE('',#12684,#12822,#12983,.T.);
#12983 = LINE('',#12984,#12985);
#12984 = CARTESIAN_POINT('',(120.199999,-58.046445,0.));
#12985 = VECTOR('',#12986,1.);
#12986 = DIRECTION('',(0.,0.,1.));
#12987 = ORIENTED_EDGE('',*,*,#12821,.T.);
#12988 = ORIENTED_EDGE('',*,*,#12948,.F.);
#12989 = ORIENTED_EDGE('',*,*,#12683,.F.);
#12990 = PLANE('',#12991);
#12991 = AXIS2_PLACEMENT_3D('',#12992,#12993,#12994);
#12992 = CARTESIAN_POINT('',(120.199999,-58.046445,0.));
#12993 = DIRECTION('',(-1.,0.,0.));
#12994 = DIRECTION('',(0.,1.,0.));
#12995 = ADVANCED_FACE('',(#12996),#13007,.T.);
#12996 = FACE_BOUND('',#12997,.T.);
#12997 = EDGE_LOOP('',(#12998,#12999,#13000,#13006));
#12998 = ORIENTED_EDGE('',*,*,#12967,.T.);
#12999 = ORIENTED_EDGE('',*,*,#12855,.T.);
#13000 = ORIENTED_EDGE('',*,*,#13001,.F.);
#13001 = EDGE_CURVE('',#12709,#12847,#13002,.T.);
#13002 = LINE('',#13003,#13004);
#13003 = CARTESIAN_POINT('',(132.149999,-64.849997,0.));
#13004 = VECTOR('',#13005,1.);
#13005 = DIRECTION('',(0.,0.,1.));
#13006 = ORIENTED_EDGE('',*,*,#12717,.F.);
#13007 = PLANE('',#13008);
#13008 = AXIS2_PLACEMENT_3D('',#13009,#13010,#13011);
#13009 = CARTESIAN_POINT('',(138.653536,-58.399968,0.));
#13010 = DIRECTION('',(0.704179888994,-0.710021608077,0.));
#13011 = DIRECTION('',(-0.710021608077,-0.704179888994,0.));
#13012 = ADVANCED_FACE('',(#13013),#13024,.T.);
#13013 = FACE_BOUND('',#13014,.T.);
#13014 = EDGE_LOOP('',(#13015,#13021,#13022,#13023));
#13015 = ORIENTED_EDGE('',*,*,#13016,.T.);
#13016 = EDGE_CURVE('',#12692,#12830,#13017,.T.);
#13017 = LINE('',#13018,#13019);
#13018 = CARTESIAN_POINT('',(120.34643,-58.400001,0.));
#13019 = VECTOR('',#13020,1.);
#13020 = DIRECTION('',(0.,0.,1.));
#13021 = ORIENTED_EDGE('',*,*,#12829,.T.);
#13022 = ORIENTED_EDGE('',*,*,#12982,.F.);
#13023 = ORIENTED_EDGE('',*,*,#12691,.F.);
#13024 = CYLINDRICAL_SURFACE('',#13025,0.499876154956);
#13025 = AXIS2_PLACEMENT_3D('',#13026,#13027,#13028);
#13026 = CARTESIAN_POINT('',(120.69987515012,-58.04651451348,0.));
#13027 = DIRECTION('',(0.,0.,-1.));
#13028 = DIRECTION('',(-0.707065433345,-0.707148126611,-0.));
#13029 = ADVANCED_FACE('',(#13030),#13041,.T.);
#13030 = FACE_BOUND('',#13031,.T.);
#13031 = EDGE_LOOP('',(#13032,#13033,#13034,#13040));
#13032 = ORIENTED_EDGE('',*,*,#13001,.T.);
#13033 = ORIENTED_EDGE('',*,*,#12846,.T.);
#13034 = ORIENTED_EDGE('',*,*,#13035,.F.);
#13035 = EDGE_CURVE('',#12701,#12839,#13036,.T.);
#13036 = LINE('',#13037,#13038);
#13037 = CARTESIAN_POINT('',(126.850001,-64.849997,0.));
#13038 = VECTOR('',#13039,1.);
#13039 = DIRECTION('',(0.,0.,1.));
#13040 = ORIENTED_EDGE('',*,*,#12708,.F.);
#13041 = CYLINDRICAL_SURFACE('',#13042,3.74766338192);
#13042 = AXIS2_PLACEMENT_3D('',#13043,#13044,#13045);
#13043 = CARTESIAN_POINT('',(129.5,-62.19999961808,0.));
#13044 = DIRECTION('',(-0.,0.,-1.));
#13045 = DIRECTION('',(0.707106997065,-0.707106565308,-0.));
#13046 = ADVANCED_FACE('',(#13047),#13053,.T.);
#13047 = FACE_BOUND('',#13048,.T.);
#13048 = EDGE_LOOP('',(#13049,#13050,#13051,#13052));
#13049 = ORIENTED_EDGE('',*,*,#13035,.T.);
#13050 = ORIENTED_EDGE('',*,*,#12838,.T.);
#13051 = ORIENTED_EDGE('',*,*,#13016,.F.);
#13052 = ORIENTED_EDGE('',*,*,#12700,.F.);
#13053 = PLANE('',#13054);
#13054 = AXIS2_PLACEMENT_3D('',#13055,#13056,#13057);
#13055 = CARTESIAN_POINT('',(126.850001,-64.849997,0.));
#13056 = DIRECTION('',(-0.704176216814,-0.710025250025,0.));
#13057 = DIRECTION('',(-0.710025250025,0.704176216814,0.));
#13058 = ADVANCED_FACE('',(#13059),#13070,.F.);
#13059 = FACE_BOUND('',#13060,.T.);
#13060 = EDGE_LOOP('',(#13061,#13067,#13068,#13069));
#13061 = ORIENTED_EDGE('',*,*,#13062,.T.);
#13062 = EDGE_CURVE('',#12736,#12874,#13063,.T.);
#13063 = LINE('',#13064,#13065);
#13064 = CARTESIAN_POINT('',(131.5,-62.199998,0.));
#13065 = VECTOR('',#13066,1.);
#13066 = DIRECTION('',(0.,0.,1.));
#13067 = ORIENTED_EDGE('',*,*,#12873,.T.);
#13068 = ORIENTED_EDGE('',*,*,#13062,.F.);
#13069 = ORIENTED_EDGE('',*,*,#12735,.F.);
#13070 = CYLINDRICAL_SURFACE('',#13071,2.);
#13071 = AXIS2_PLACEMENT_3D('',#13072,#13073,#13074);
#13072 = CARTESIAN_POINT('',(129.5,-62.199998,0.));
#13073 = DIRECTION('',(-0.,-0.,-1.));
#13074 = DIRECTION('',(1.,0.,-0.));
#13075 = ADVANCED_FACE('',(#13076),#13087,.F.);
#13076 = FACE_BOUND('',#13077,.T.);
#13077 = EDGE_LOOP('',(#13078,#13079,#13085,#13086));
#13078 = ORIENTED_EDGE('',*,*,#12746,.T.);
#13079 = ORIENTED_EDGE('',*,*,#13080,.T.);
#13080 = EDGE_CURVE('',#12747,#12885,#13081,.T.);
#13081 = LINE('',#13082,#13083);
#13082 = CARTESIAN_POINT('',(128.80901,-56.9,-5.1E-02));
#13083 = VECTOR('',#13084,1.);
#13084 = DIRECTION('',(0.,0.,1.));
#13085 = ORIENTED_EDGE('',*,*,#12884,.F.);
#13086 = ORIENTED_EDGE('',*,*,#13080,.F.);
#13087 = CYLINDRICAL_SURFACE('',#13088,0.1);
#13088 = AXIS2_PLACEMENT_3D('',#13089,#13090,#13091);
#13089 = CARTESIAN_POINT('',(128.80901,-56.8,-5.1E-02));
#13090 = DIRECTION('',(-0.,-0.,-1.));
#13091 = DIRECTION('',(-0.,-1.,0.));
#13092 = ADVANCED_FACE('',(#13093),#13104,.F.);
#13093 = FACE_BOUND('',#13094,.T.);
#13094 = EDGE_LOOP('',(#13095,#13096,#13102,#13103));
#13095 = ORIENTED_EDGE('',*,*,#12757,.T.);
#13096 = ORIENTED_EDGE('',*,*,#13097,.T.);
#13097 = EDGE_CURVE('',#12758,#12896,#13098,.T.);
#13098 = LINE('',#13099,#13100);
#13099 = CARTESIAN_POINT('',(130.19099,-54.85,-5.1E-02));
#13100 = VECTOR('',#13101,1.);
#13101 = DIRECTION('',(0.,0.,1.));
#13102 = ORIENTED_EDGE('',*,*,#12895,.F.);
#13103 = ORIENTED_EDGE('',*,*,#13097,.F.);
#13104 = CYLINDRICAL_SURFACE('',#13105,0.1);
#13105 = AXIS2_PLACEMENT_3D('',#13106,#13107,#13108);
#13106 = CARTESIAN_POINT('',(130.19099,-54.75,-5.1E-02));
#13107 = DIRECTION('',(-0.,-0.,-1.));
#13108 = DIRECTION('',(-0.,-1.,0.));
#13109 = ADVANCED_FACE('',(#13110),#13126,.F.);
#13110 = FACE_BOUND('',#13111,.T.);
#13111 = EDGE_LOOP('',(#13112,#13118,#13119,#13125));
#13112 = ORIENTED_EDGE('',*,*,#13113,.T.);
#13113 = EDGE_CURVE('',#12769,#12907,#13114,.T.);
#13114 = LINE('',#13115,#13116);
#13115 = CARTESIAN_POINT('',(130.2,-43.45,0.));
#13116 = VECTOR('',#13117,1.);
#13117 = DIRECTION('',(0.,0.,1.));
#13118 = ORIENTED_EDGE('',*,*,#12906,.T.);
#13119 = ORIENTED_EDGE('',*,*,#13120,.F.);
#13120 = EDGE_CURVE('',#12771,#12909,#13121,.T.);
#13121 = LINE('',#13122,#13123);
#13122 = CARTESIAN_POINT('',(128.8,-43.45,0.));
#13123 = VECTOR('',#13124,1.);
#13124 = DIRECTION('',(0.,0.,1.));
#13125 = ORIENTED_EDGE('',*,*,#12768,.F.);
#13126 = CYLINDRICAL_SURFACE('',#13127,4.307277049404);
#13127 = AXIS2_PLACEMENT_3D('',#13128,#13129,#13130);
#13128 = CARTESIAN_POINT('',(129.5,-39.1999840494,0.));
#13129 = DIRECTION('',(-0.,-0.,-1.));
#13130 = DIRECTION('',(0.162515666388,-0.986705963385,0.));
#13131 = ADVANCED_FACE('',(#13132),#13143,.T.);
#13132 = FACE_BOUND('',#13133,.T.);
#13133 = EDGE_LOOP('',(#13134,#13140,#13141,#13142));
#13134 = ORIENTED_EDGE('',*,*,#13135,.T.);
#13135 = EDGE_CURVE('',#12780,#12918,#13136,.T.);
#13136 = LINE('',#13137,#13138);
#13137 = CARTESIAN_POINT('',(130.2,-41.6,0.));
#13138 = VECTOR('',#13139,1.);
#13139 = DIRECTION('',(0.,0.,1.));
#13140 = ORIENTED_EDGE('',*,*,#12917,.T.);
#13141 = ORIENTED_EDGE('',*,*,#13113,.F.);
#13142 = ORIENTED_EDGE('',*,*,#12779,.F.);
#13143 = PLANE('',#13144);
#13144 = AXIS2_PLACEMENT_3D('',#13145,#13146,#13147);
#13145 = CARTESIAN_POINT('',(130.2,-41.6,0.));
#13146 = DIRECTION('',(1.,0.,-0.));
#13147 = DIRECTION('',(0.,-1.,0.));
#13148 = ADVANCED_FACE('',(#13149),#13160,.T.);
#13149 = FACE_BOUND('',#13150,.T.);
#13150 = EDGE_LOOP('',(#13151,#13152,#13153,#13159));
#13151 = ORIENTED_EDGE('',*,*,#13120,.T.);
#13152 = ORIENTED_EDGE('',*,*,#12934,.T.);
#13153 = ORIENTED_EDGE('',*,*,#13154,.F.);
#13154 = EDGE_CURVE('',#12788,#12926,#13155,.T.);
#13155 = LINE('',#13156,#13157);
#13156 = CARTESIAN_POINT('',(128.8,-41.6,0.));
#13157 = VECTOR('',#13158,1.);
#13158 = DIRECTION('',(0.,0.,1.));
#13159 = ORIENTED_EDGE('',*,*,#12796,.F.);
#13160 = PLANE('',#13161);
#13161 = AXIS2_PLACEMENT_3D('',#13162,#13163,#13164);
#13162 = CARTESIAN_POINT('',(128.8,-43.45,0.));
#13163 = DIRECTION('',(-1.,0.,0.));
#13164 = DIRECTION('',(0.,1.,0.));
#13165 = ADVANCED_FACE('',(#13166),#13172,.T.);
#13166 = FACE_BOUND('',#13167,.T.);
#13167 = EDGE_LOOP('',(#13168,#13169,#13170,#13171));
#13168 = ORIENTED_EDGE('',*,*,#13154,.T.);
#13169 = ORIENTED_EDGE('',*,*,#12925,.T.);
#13170 = ORIENTED_EDGE('',*,*,#13135,.F.);
#13171 = ORIENTED_EDGE('',*,*,#12787,.F.);
#13172 = CYLINDRICAL_SURFACE('',#13173,2.500015183675);
#13173 = AXIS2_PLACEMENT_3D('',#13174,#13175,#13176);
#13174 = CARTESIAN_POINT('',(129.5,-39.19998418367,0.));
#13175 = DIRECTION('',(0.,0.,-1.));
#13176 = DIRECTION('',(-0.279998299439,-0.960000495995,-0.));
#13177 = ( GEOMETRIC_REPRESENTATION_CONTEXT(3) 
GLOBAL_UNCERTAINTY_ASSIGNED_CONTEXT((#13181)) 
GLOBAL_UNIT_ASSIGNED_CONTEXT((#13178,#13179,#13180)) 
REPRESENTATION_CONTEXT('Context #1',
  '3D Context with UNIT and UNCERTAINTY') );
#13178 = ( LENGTH_UNIT() NAMED_UNIT(*) SI_UNIT(.MILLI.,.METRE.) );
#13179 = ( NAMED_UNIT(*) PLANE_ANGLE_UNIT() SI_UNIT($,.RADIAN.) );
#13180 = ( NAMED_UNIT(*) SI_UNIT($,.STERADIAN.) SOLID_ANGLE_UNIT() );
#13181 = UNCERTAINTY_MEASURE_WITH_UNIT(LENGTH_MEASURE(1.E-07),#13178,
  'distance_accuracy_value','confusion accuracy');
#13182 = CONTEXT_DEPENDENT_SHAPE_REPRESENTATION(#13183,#13185);
#13183 = ( REPRESENTATION_RELATIONSHIP('','',#12561,#10) 
REPRESENTATION_RELATIONSHIP_WITH_TRANSFORMATION(#13184) 
SHAPE_REPRESENTATION_RELATIONSHIP() );
#13184 = ITEM_DEFINED_TRANSFORMATION('','',#11,#71);
#13185 = PRODUCT_DEFINITION_SHAPE('Placement','Placement of an item',
  #13186);
#13186 = NEXT_ASSEMBLY_USAGE_OCCURRENCE('22','=>[0:1:1:16]','',#5,#12556
  ,$);
#13187 = PRODUCT_RELATED_PRODUCT_CATEGORY('part',$,(#12558));
#13188 = MECHANICAL_DESIGN_GEOMETRIC_PRESENTATION_REPRESENTATION('',(
    #13189,#13197,#13204,#13211,#13218,#13225,#13232,#13239,#13246,
    #13253,#13260,#13268,#13275,#13282,#13289,#13296,#13303,#13310,
    #13317,#13324,#13331,#13338,#13345,#13352,#13359,#13366,#13373,
    #13380),#966);
#13189 = STYLED_ITEM('color',(#13190),#114);
#13190 = PRESENTATION_STYLE_ASSIGNMENT((#13191));
#13191 = SURFACE_STYLE_USAGE(.BOTH.,#13192);
#13192 = SURFACE_SIDE_STYLE('',(#13193));
#13193 = SURFACE_STYLE_FILL_AREA(#13194);
#13194 = FILL_AREA_STYLE('',(#13195));
#13195 = FILL_AREA_STYLE_COLOUR('',#13196);
#13196 = COLOUR_RGB('',0.823999987314,0.819999987296,0.781000009244);
#13197 = STYLED_ITEM('color',(#13198),#190);
#13198 = PRESENTATION_STYLE_ASSIGNMENT((#13199));
#13199 = SURFACE_STYLE_USAGE(.BOTH.,#13200);
#13200 = SURFACE_SIDE_STYLE('',(#13201));
#13201 = SURFACE_STYLE_FILL_AREA(#13202);
#13202 = FILL_AREA_STYLE('',(#13203));
#13203 = FILL_AREA_STYLE_COLOUR('',#13196);
#13204 = STYLED_ITEM('color',(#13205),#221);
#13205 = PRESENTATION_STYLE_ASSIGNMENT((#13206));
#13206 = SURFACE_STYLE_USAGE(.BOTH.,#13207);
#13207 = SURFACE_SIDE_STYLE('',(#13208));
#13208 = SURFACE_STYLE_FILL_AREA(#13209);
#13209 = FILL_AREA_STYLE('',(#13210));
#13210 = FILL_AREA_STYLE_COLOUR('',#13196);
#13211 = STYLED_ITEM('color',(#13212),#246);
#13212 = PRESENTATION_STYLE_ASSIGNMENT((#13213));
#13213 = SURFACE_STYLE_USAGE(.BOTH.,#13214);
#13214 = SURFACE_SIDE_STYLE('',(#13215));
#13215 = SURFACE_STYLE_FILL_AREA(#13216);
#13216 = FILL_AREA_STYLE('',(#13217));
#13217 = FILL_AREA_STYLE_COLOUR('',#13196);
#13218 = STYLED_ITEM('color',(#13219),#271);
#13219 = PRESENTATION_STYLE_ASSIGNMENT((#13220));
#13220 = SURFACE_STYLE_USAGE(.BOTH.,#13221);
#13221 = SURFACE_SIDE_STYLE('',(#13222));
#13222 = SURFACE_STYLE_FILL_AREA(#13223);
#13223 = FILL_AREA_STYLE('',(#13224));
#13224 = FILL_AREA_STYLE_COLOUR('',#13196);
#13225 = STYLED_ITEM('color',(#13226),#295);
#13226 = PRESENTATION_STYLE_ASSIGNMENT((#13227));
#13227 = SURFACE_STYLE_USAGE(.BOTH.,#13228);
#13228 = SURFACE_SIDE_STYLE('',(#13229));
#13229 = SURFACE_STYLE_FILL_AREA(#13230);
#13230 = FILL_AREA_STYLE('',(#13231));
#13231 = FILL_AREA_STYLE_COLOUR('',#13196);
#13232 = STYLED_ITEM('color',(#13233),#319);
#13233 = PRESENTATION_STYLE_ASSIGNMENT((#13234));
#13234 = SURFACE_STYLE_USAGE(.BOTH.,#13235);
#13235 = SURFACE_SIDE_STYLE('',(#13236));
#13236 = SURFACE_STYLE_FILL_AREA(#13237);
#13237 = FILL_AREA_STYLE('',(#13238));
#13238 = FILL_AREA_STYLE_COLOUR('',#13196);
#13239 = STYLED_ITEM('color',(#13240),#344);
#13240 = PRESENTATION_STYLE_ASSIGNMENT((#13241));
#13241 = SURFACE_STYLE_USAGE(.BOTH.,#13242);
#13242 = SURFACE_SIDE_STYLE('',(#13243));
#13243 = SURFACE_STYLE_FILL_AREA(#13244);
#13244 = FILL_AREA_STYLE('',(#13245));
#13245 = FILL_AREA_STYLE_COLOUR('',#13196);
#13246 = STYLED_ITEM('color',(#13247),#369);
#13247 = PRESENTATION_STYLE_ASSIGNMENT((#13248));
#13248 = SURFACE_STYLE_USAGE(.BOTH.,#13249);
#13249 = SURFACE_SIDE_STYLE('',(#13250));
#13250 = SURFACE_STYLE_FILL_AREA(#13251);
#13251 = FILL_AREA_STYLE('',(#13252));
#13252 = FILL_AREA_STYLE_COLOUR('',#13196);
#13253 = STYLED_ITEM('color',(#13254),#386);
#13254 = PRESENTATION_STYLE_ASSIGNMENT((#13255));
#13255 = SURFACE_STYLE_USAGE(.BOTH.,#13256);
#13256 = SURFACE_SIDE_STYLE('',(#13257));
#13257 = SURFACE_STYLE_FILL_AREA(#13258);
#13258 = FILL_AREA_STYLE('',(#13259));
#13259 = FILL_AREA_STYLE_COLOUR('',#13196);
#13260 = STYLED_ITEM('color',(#13261),#472);
#13261 = PRESENTATION_STYLE_ASSIGNMENT((#13262));
#13262 = SURFACE_STYLE_USAGE(.BOTH.,#13263);
#13263 = SURFACE_SIDE_STYLE('',(#13264));
#13264 = SURFACE_STYLE_FILL_AREA(#13265);
#13265 = FILL_AREA_STYLE('',(#13266));
#13266 = FILL_AREA_STYLE_COLOUR('',#13267);
#13267 = COLOUR_RGB('',0.379000005575,0.270000008848,0.214999999939);
#13268 = STYLED_ITEM('color',(#13269),#504);
#13269 = PRESENTATION_STYLE_ASSIGNMENT((#13270));
#13270 = SURFACE_STYLE_USAGE(.BOTH.,#13271);
#13271 = SURFACE_SIDE_STYLE('',(#13272));
#13272 = SURFACE_STYLE_FILL_AREA(#13273);
#13273 = FILL_AREA_STYLE('',(#13274));
#13274 = FILL_AREA_STYLE_COLOUR('',#13267);
#13275 = STYLED_ITEM('color',(#13276),#528);
#13276 = PRESENTATION_STYLE_ASSIGNMENT((#13277));
#13277 = SURFACE_STYLE_USAGE(.BOTH.,#13278);
#13278 = SURFACE_SIDE_STYLE('',(#13279));
#13279 = SURFACE_STYLE_FILL_AREA(#13280);
#13280 = FILL_AREA_STYLE('',(#13281));
#13281 = FILL_AREA_STYLE_COLOUR('',#13267);
#13282 = STYLED_ITEM('color',(#13283),#553);
#13283 = PRESENTATION_STYLE_ASSIGNMENT((#13284));
#13284 = SURFACE_STYLE_USAGE(.BOTH.,#13285);
#13285 = SURFACE_SIDE_STYLE('',(#13286));
#13286 = SURFACE_STYLE_FILL_AREA(#13287);
#13287 = FILL_AREA_STYLE('',(#13288));
#13288 = FILL_AREA_STYLE_COLOUR('',#13267);
#13289 = STYLED_ITEM('color',(#13290),#577);
#13290 = PRESENTATION_STYLE_ASSIGNMENT((#13291));
#13291 = SURFACE_STYLE_USAGE(.BOTH.,#13292);
#13292 = SURFACE_SIDE_STYLE('',(#13293));
#13293 = SURFACE_STYLE_FILL_AREA(#13294);
#13294 = FILL_AREA_STYLE('',(#13295));
#13295 = FILL_AREA_STYLE_COLOUR('',#13267);
#13296 = STYLED_ITEM('color',(#13297),#602);
#13297 = PRESENTATION_STYLE_ASSIGNMENT((#13298));
#13298 = SURFACE_STYLE_USAGE(.BOTH.,#13299);
#13299 = SURFACE_SIDE_STYLE('',(#13300));
#13300 = SURFACE_STYLE_FILL_AREA(#13301);
#13301 = FILL_AREA_STYLE('',(#13302));
#13302 = FILL_AREA_STYLE_COLOUR('',#13267);
#13303 = STYLED_ITEM('color',(#13304),#626);
#13304 = PRESENTATION_STYLE_ASSIGNMENT((#13305));
#13305 = SURFACE_STYLE_USAGE(.BOTH.,#13306);
#13306 = SURFACE_SIDE_STYLE('',(#13307));
#13307 = SURFACE_STYLE_FILL_AREA(#13308);
#13308 = FILL_AREA_STYLE('',(#13309));
#13309 = FILL_AREA_STYLE_COLOUR('',#13267);
#13310 = STYLED_ITEM('color',(#13311),#651);
#13311 = PRESENTATION_STYLE_ASSIGNMENT((#13312));
#13312 = SURFACE_STYLE_USAGE(.BOTH.,#13313);
#13313 = SURFACE_SIDE_STYLE('',(#13314));
#13314 = SURFACE_STYLE_FILL_AREA(#13315);
#13315 = FILL_AREA_STYLE('',(#13316));
#13316 = FILL_AREA_STYLE_COLOUR('',#13267);
#13317 = STYLED_ITEM('color',(#13318),#668);
#13318 = PRESENTATION_STYLE_ASSIGNMENT((#13319));
#13319 = SURFACE_STYLE_USAGE(.BOTH.,#13320);
#13320 = SURFACE_SIDE_STYLE('',(#13321));
#13321 = SURFACE_STYLE_FILL_AREA(#13322);
#13322 = FILL_AREA_STYLE('',(#13323));
#13323 = FILL_AREA_STYLE_COLOUR('',#13196);
#13324 = STYLED_ITEM('color',(#13325),#754);
#13325 = PRESENTATION_STYLE_ASSIGNMENT((#13326));
#13326 = SURFACE_STYLE_USAGE(.BOTH.,#13327);
#13327 = SURFACE_SIDE_STYLE('',(#13328));
#13328 = SURFACE_STYLE_FILL_AREA(#13329);
#13329 = FILL_AREA_STYLE('',(#13330));
#13330 = FILL_AREA_STYLE_COLOUR('',#13196);
#13331 = STYLED_ITEM('color',(#13332),#785);
#13332 = PRESENTATION_STYLE_ASSIGNMENT((#13333));
#13333 = SURFACE_STYLE_USAGE(.BOTH.,#13334);
#13334 = SURFACE_SIDE_STYLE('',(#13335));
#13335 = SURFACE_STYLE_FILL_AREA(#13336);
#13336 = FILL_AREA_STYLE('',(#13337));
#13337 = FILL_AREA_STYLE_COLOUR('',#13196);
#13338 = STYLED_ITEM('color',(#13339),#810);
#13339 = PRESENTATION_STYLE_ASSIGNMENT((#13340));
#13340 = SURFACE_STYLE_USAGE(.BOTH.,#13341);
#13341 = SURFACE_SIDE_STYLE('',(#13342));
#13342 = SURFACE_STYLE_FILL_AREA(#13343);
#13343 = FILL_AREA_STYLE('',(#13344));
#13344 = FILL_AREA_STYLE_COLOUR('',#13196);
#13345 = STYLED_ITEM('color',(#13346),#835);
#13346 = PRESENTATION_STYLE_ASSIGNMENT((#13347));
#13347 = SURFACE_STYLE_USAGE(.BOTH.,#13348);
#13348 = SURFACE_SIDE_STYLE('',(#13349));
#13349 = SURFACE_STYLE_FILL_AREA(#13350);
#13350 = FILL_AREA_STYLE('',(#13351));
#13351 = FILL_AREA_STYLE_COLOUR('',#13196);
#13352 = STYLED_ITEM('color',(#13353),#859);
#13353 = PRESENTATION_STYLE_ASSIGNMENT((#13354));
#13354 = SURFACE_STYLE_USAGE(.BOTH.,#13355);
#13355 = SURFACE_SIDE_STYLE('',(#13356));
#13356 = SURFACE_STYLE_FILL_AREA(#13357);
#13357 = FILL_AREA_STYLE('',(#13358));
#13358 = FILL_AREA_STYLE_COLOUR('',#13196);
#13359 = STYLED_ITEM('color',(#13360),#883);
#13360 = PRESENTATION_STYLE_ASSIGNMENT((#13361));
#13361 = SURFACE_STYLE_USAGE(.BOTH.,#13362);
#13362 = SURFACE_SIDE_STYLE('',(#13363));
#13363 = SURFACE_STYLE_FILL_AREA(#13364);
#13364 = FILL_AREA_STYLE('',(#13365));
#13365 = FILL_AREA_STYLE_COLOUR('',#13196);
#13366 = STYLED_ITEM('color',(#13367),#908);
#13367 = PRESENTATION_STYLE_ASSIGNMENT((#13368));
#13368 = SURFACE_STYLE_USAGE(.BOTH.,#13369);
#13369 = SURFACE_SIDE_STYLE('',(#13370));
#13370 = SURFACE_STYLE_FILL_AREA(#13371);
#13371 = FILL_AREA_STYLE('',(#13372));
#13372 = FILL_AREA_STYLE_COLOUR('',#13196);
#13373 = STYLED_ITEM('color',(#13374),#933);
#13374 = PRESENTATION_STYLE_ASSIGNMENT((#13375));
#13375 = SURFACE_STYLE_USAGE(.BOTH.,#13376);
#13376 = SURFACE_SIDE_STYLE('',(#13377));
#13377 = SURFACE_STYLE_FILL_AREA(#13378);
#13378 = FILL_AREA_STYLE('',(#13379));
#13379 = FILL_AREA_STYLE_COLOUR('',#13196);
#13380 = STYLED_ITEM('color',(#13381),#950);
#13381 = PRESENTATION_STYLE_ASSIGNMENT((#13382));
#13382 = SURFACE_STYLE_USAGE(.BOTH.,#13383);
#13383 = SURFACE_SIDE_STYLE('',(#13384));
#13384 = SURFACE_STYLE_FILL_AREA(#13385);
#13385 = FILL_AREA_STYLE('',(#13386));
#13386 = FILL_AREA_STYLE_COLOUR('',#13196);
#13387 = MECHANICAL_DESIGN_GEOMETRIC_PRESENTATION_REPRESENTATION('',(
    #13388,#13395,#13402,#13409,#13417,#13424,#13431,#13438,#13445,
    #13452,#13459,#13466,#13473,#13480,#13487,#13494,#13501,#13508,
    #13515,#13522,#13529,#13536,#13543,#13550,#13557,#13564,#13571,
    #13578,#13585,#13592,#13599,#13606,#13613,#13620,#13627,#13634,
    #13641,#13648,#13655,#13662,#13669,#13676,#13683,#13690,#13697,
    #13704,#13711,#13718,#13725,#13733),#2576);
#13388 = STYLED_ITEM('color',(#13389),#1020);
#13389 = PRESENTATION_STYLE_ASSIGNMENT((#13390));
#13390 = SURFACE_STYLE_USAGE(.BOTH.,#13391);
#13391 = SURFACE_SIDE_STYLE('',(#13392));
#13392 = SURFACE_STYLE_FILL_AREA(#13393);
#13393 = FILL_AREA_STYLE('',(#13394));
#13394 = FILL_AREA_STYLE_COLOUR('',#13196);
#13395 = STYLED_ITEM('color',(#13396),#1060);
#13396 = PRESENTATION_STYLE_ASSIGNMENT((#13397));
#13397 = SURFACE_STYLE_USAGE(.BOTH.,#13398);
#13398 = SURFACE_SIDE_STYLE('',(#13399));
#13399 = SURFACE_STYLE_FILL_AREA(#13400);
#13400 = FILL_AREA_STYLE('',(#13401));
#13401 = FILL_AREA_STYLE_COLOUR('',#13196);
#13402 = STYLED_ITEM('color',(#13403),#1099);
#13403 = PRESENTATION_STYLE_ASSIGNMENT((#13404));
#13404 = SURFACE_STYLE_USAGE(.BOTH.,#13405);
#13405 = SURFACE_SIDE_STYLE('',(#13406));
#13406 = SURFACE_STYLE_FILL_AREA(#13407);
#13407 = FILL_AREA_STYLE('',(#13408));
#13408 = FILL_AREA_STYLE_COLOUR('',#13196);
#13409 = STYLED_ITEM('color',(#13410),#1123);
#13410 = PRESENTATION_STYLE_ASSIGNMENT((#13411));
#13411 = SURFACE_STYLE_USAGE(.BOTH.,#13412);
#13412 = SURFACE_SIDE_STYLE('',(#13413));
#13413 = SURFACE_STYLE_FILL_AREA(#13414);
#13414 = FILL_AREA_STYLE('',(#13415));
#13415 = FILL_AREA_STYLE_COLOUR('',#13416);
#13416 = COLOUR_RGB('',0.147999998088,0.144999993226,0.144999993226);
#13417 = STYLED_ITEM('color',(#13418),#1381);
#13418 = PRESENTATION_STYLE_ASSIGNMENT((#13419));
#13419 = SURFACE_STYLE_USAGE(.BOTH.,#13420);
#13420 = SURFACE_SIDE_STYLE('',(#13421));
#13421 = SURFACE_STYLE_FILL_AREA(#13422);
#13422 = FILL_AREA_STYLE('',(#13423));
#13423 = FILL_AREA_STYLE_COLOUR('',#13196);
#13424 = STYLED_ITEM('color',(#13425),#1398);
#13425 = PRESENTATION_STYLE_ASSIGNMENT((#13426));
#13426 = SURFACE_STYLE_USAGE(.BOTH.,#13427);
#13427 = SURFACE_SIDE_STYLE('',(#13428));
#13428 = SURFACE_STYLE_FILL_AREA(#13429);
#13429 = FILL_AREA_STYLE('',(#13430));
#13430 = FILL_AREA_STYLE_COLOUR('',#13196);
#13431 = STYLED_ITEM('color',(#13432),#1415);
#13432 = PRESENTATION_STYLE_ASSIGNMENT((#13433));
#13433 = SURFACE_STYLE_USAGE(.BOTH.,#13434);
#13434 = SURFACE_SIDE_STYLE('',(#13435));
#13435 = SURFACE_STYLE_FILL_AREA(#13436);
#13436 = FILL_AREA_STYLE('',(#13437));
#13437 = FILL_AREA_STYLE_COLOUR('',#13196);
#13438 = STYLED_ITEM('color',(#13439),#1427);
#13439 = PRESENTATION_STYLE_ASSIGNMENT((#13440));
#13440 = SURFACE_STYLE_USAGE(.BOTH.,#13441);
#13441 = SURFACE_SIDE_STYLE('',(#13442));
#13442 = SURFACE_STYLE_FILL_AREA(#13443);
#13443 = FILL_AREA_STYLE('',(#13444));
#13444 = FILL_AREA_STYLE_COLOUR('',#13416);
#13445 = STYLED_ITEM('color',(#13446),#1527);
#13446 = PRESENTATION_STYLE_ASSIGNMENT((#13447));
#13447 = SURFACE_STYLE_USAGE(.BOTH.,#13448);
#13448 = SURFACE_SIDE_STYLE('',(#13449));
#13449 = SURFACE_STYLE_FILL_AREA(#13450);
#13450 = FILL_AREA_STYLE('',(#13451));
#13451 = FILL_AREA_STYLE_COLOUR('',#13196);
#13452 = STYLED_ITEM('color',(#13453),#1567);
#13453 = PRESENTATION_STYLE_ASSIGNMENT((#13454));
#13454 = SURFACE_STYLE_USAGE(.BOTH.,#13455);
#13455 = SURFACE_SIDE_STYLE('',(#13456));
#13456 = SURFACE_STYLE_FILL_AREA(#13457);
#13457 = FILL_AREA_STYLE('',(#13458));
#13458 = FILL_AREA_STYLE_COLOUR('',#13196);
#13459 = STYLED_ITEM('color',(#13460),#1591);
#13460 = PRESENTATION_STYLE_ASSIGNMENT((#13461));
#13461 = SURFACE_STYLE_USAGE(.BOTH.,#13462);
#13462 = SURFACE_SIDE_STYLE('',(#13463));
#13463 = SURFACE_STYLE_FILL_AREA(#13464);
#13464 = FILL_AREA_STYLE('',(#13465));
#13465 = FILL_AREA_STYLE_COLOUR('',#13196);
#13466 = STYLED_ITEM('color',(#13467),#1624);
#13467 = PRESENTATION_STYLE_ASSIGNMENT((#13468));
#13468 = SURFACE_STYLE_USAGE(.BOTH.,#13469);
#13469 = SURFACE_SIDE_STYLE('',(#13470));
#13470 = SURFACE_STYLE_FILL_AREA(#13471);
#13471 = FILL_AREA_STYLE('',(#13472));
#13472 = FILL_AREA_STYLE_COLOUR('',#13196);
#13473 = STYLED_ITEM('color',(#13474),#1664);
#13474 = PRESENTATION_STYLE_ASSIGNMENT((#13475));
#13475 = SURFACE_STYLE_USAGE(.BOTH.,#13476);
#13476 = SURFACE_SIDE_STYLE('',(#13477));
#13477 = SURFACE_STYLE_FILL_AREA(#13478);
#13478 = FILL_AREA_STYLE('',(#13479));
#13479 = FILL_AREA_STYLE_COLOUR('',#13196);
#13480 = STYLED_ITEM('color',(#13481),#1688);
#13481 = PRESENTATION_STYLE_ASSIGNMENT((#13482));
#13482 = SURFACE_STYLE_USAGE(.BOTH.,#13483);
#13483 = SURFACE_SIDE_STYLE('',(#13484));
#13484 = SURFACE_STYLE_FILL_AREA(#13485);
#13485 = FILL_AREA_STYLE('',(#13486));
#13486 = FILL_AREA_STYLE_COLOUR('',#13196);
#13487 = STYLED_ITEM('color',(#13488),#1721);
#13488 = PRESENTATION_STYLE_ASSIGNMENT((#13489));
#13489 = SURFACE_STYLE_USAGE(.BOTH.,#13490);
#13490 = SURFACE_SIDE_STYLE('',(#13491));
#13491 = SURFACE_STYLE_FILL_AREA(#13492);
#13492 = FILL_AREA_STYLE('',(#13493));
#13493 = FILL_AREA_STYLE_COLOUR('',#13196);
#13494 = STYLED_ITEM('color',(#13495),#1761);
#13495 = PRESENTATION_STYLE_ASSIGNMENT((#13496));
#13496 = SURFACE_STYLE_USAGE(.BOTH.,#13497);
#13497 = SURFACE_SIDE_STYLE('',(#13498));
#13498 = SURFACE_STYLE_FILL_AREA(#13499);
#13499 = FILL_AREA_STYLE('',(#13500));
#13500 = FILL_AREA_STYLE_COLOUR('',#13196);
#13501 = STYLED_ITEM('color',(#13502),#1785);
#13502 = PRESENTATION_STYLE_ASSIGNMENT((#13503));
#13503 = SURFACE_STYLE_USAGE(.BOTH.,#13504);
#13504 = SURFACE_SIDE_STYLE('',(#13505));
#13505 = SURFACE_STYLE_FILL_AREA(#13506);
#13506 = FILL_AREA_STYLE('',(#13507));
#13507 = FILL_AREA_STYLE_COLOUR('',#13196);
#13508 = STYLED_ITEM('color',(#13509),#1818);
#13509 = PRESENTATION_STYLE_ASSIGNMENT((#13510));
#13510 = SURFACE_STYLE_USAGE(.BOTH.,#13511);
#13511 = SURFACE_SIDE_STYLE('',(#13512));
#13512 = SURFACE_STYLE_FILL_AREA(#13513);
#13513 = FILL_AREA_STYLE('',(#13514));
#13514 = FILL_AREA_STYLE_COLOUR('',#13416);
#13515 = STYLED_ITEM('color',(#13516),#1842);
#13516 = PRESENTATION_STYLE_ASSIGNMENT((#13517));
#13517 = SURFACE_STYLE_USAGE(.BOTH.,#13518);
#13518 = SURFACE_SIDE_STYLE('',(#13519));
#13519 = SURFACE_STYLE_FILL_AREA(#13520);
#13520 = FILL_AREA_STYLE('',(#13521));
#13521 = FILL_AREA_STYLE_COLOUR('',#13416);
#13522 = STYLED_ITEM('color',(#13523),#1935);
#13523 = PRESENTATION_STYLE_ASSIGNMENT((#13524));
#13524 = SURFACE_STYLE_USAGE(.BOTH.,#13525);
#13525 = SURFACE_SIDE_STYLE('',(#13526));
#13526 = SURFACE_STYLE_FILL_AREA(#13527);
#13527 = FILL_AREA_STYLE('',(#13528));
#13528 = FILL_AREA_STYLE_COLOUR('',#13196);
#13529 = STYLED_ITEM('color',(#13530),#1975);
#13530 = PRESENTATION_STYLE_ASSIGNMENT((#13531));
#13531 = SURFACE_STYLE_USAGE(.BOTH.,#13532);
#13532 = SURFACE_SIDE_STYLE('',(#13533));
#13533 = SURFACE_STYLE_FILL_AREA(#13534);
#13534 = FILL_AREA_STYLE('',(#13535));
#13535 = FILL_AREA_STYLE_COLOUR('',#13196);
#13536 = STYLED_ITEM('color',(#13537),#1999);
#13537 = PRESENTATION_STYLE_ASSIGNMENT((#13538));
#13538 = SURFACE_STYLE_USAGE(.BOTH.,#13539);
#13539 = SURFACE_SIDE_STYLE('',(#13540));
#13540 = SURFACE_STYLE_FILL_AREA(#13541);
#13541 = FILL_AREA_STYLE('',(#13542));
#13542 = FILL_AREA_STYLE_COLOUR('',#13196);
#13543 = STYLED_ITEM('color',(#13544),#2032);
#13544 = PRESENTATION_STYLE_ASSIGNMENT((#13545));
#13545 = SURFACE_STYLE_USAGE(.BOTH.,#13546);
#13546 = SURFACE_SIDE_STYLE('',(#13547));
#13547 = SURFACE_STYLE_FILL_AREA(#13548);
#13548 = FILL_AREA_STYLE('',(#13549));
#13549 = FILL_AREA_STYLE_COLOUR('',#13196);
#13550 = STYLED_ITEM('color',(#13551),#2072);
#13551 = PRESENTATION_STYLE_ASSIGNMENT((#13552));
#13552 = SURFACE_STYLE_USAGE(.BOTH.,#13553);
#13553 = SURFACE_SIDE_STYLE('',(#13554));
#13554 = SURFACE_STYLE_FILL_AREA(#13555);
#13555 = FILL_AREA_STYLE('',(#13556));
#13556 = FILL_AREA_STYLE_COLOUR('',#13196);
#13557 = STYLED_ITEM('color',(#13558),#2096);
#13558 = PRESENTATION_STYLE_ASSIGNMENT((#13559));
#13559 = SURFACE_STYLE_USAGE(.BOTH.,#13560);
#13560 = SURFACE_SIDE_STYLE('',(#13561));
#13561 = SURFACE_STYLE_FILL_AREA(#13562);
#13562 = FILL_AREA_STYLE('',(#13563));
#13563 = FILL_AREA_STYLE_COLOUR('',#13196);
#13564 = STYLED_ITEM('color',(#13565),#2129);
#13565 = PRESENTATION_STYLE_ASSIGNMENT((#13566));
#13566 = SURFACE_STYLE_USAGE(.BOTH.,#13567);
#13567 = SURFACE_SIDE_STYLE('',(#13568));
#13568 = SURFACE_STYLE_FILL_AREA(#13569);
#13569 = FILL_AREA_STYLE('',(#13570));
#13570 = FILL_AREA_STYLE_COLOUR('',#13196);
#13571 = STYLED_ITEM('color',(#13572),#2169);
#13572 = PRESENTATION_STYLE_ASSIGNMENT((#13573));
#13573 = SURFACE_STYLE_USAGE(.BOTH.,#13574);
#13574 = SURFACE_SIDE_STYLE('',(#13575));
#13575 = SURFACE_STYLE_FILL_AREA(#13576);
#13576 = FILL_AREA_STYLE('',(#13577));
#13577 = FILL_AREA_STYLE_COLOUR('',#13196);
#13578 = STYLED_ITEM('color',(#13579),#2193);
#13579 = PRESENTATION_STYLE_ASSIGNMENT((#13580));
#13580 = SURFACE_STYLE_USAGE(.BOTH.,#13581);
#13581 = SURFACE_SIDE_STYLE('',(#13582));
#13582 = SURFACE_STYLE_FILL_AREA(#13583);
#13583 = FILL_AREA_STYLE('',(#13584));
#13584 = FILL_AREA_STYLE_COLOUR('',#13196);
#13585 = STYLED_ITEM('color',(#13586),#2226);
#13586 = PRESENTATION_STYLE_ASSIGNMENT((#13587));
#13587 = SURFACE_STYLE_USAGE(.BOTH.,#13588);
#13588 = SURFACE_SIDE_STYLE('',(#13589));
#13589 = SURFACE_STYLE_FILL_AREA(#13590);
#13590 = FILL_AREA_STYLE('',(#13591));
#13591 = FILL_AREA_STYLE_COLOUR('',#13416);
#13592 = STYLED_ITEM('color',(#13593),#2243);
#13593 = PRESENTATION_STYLE_ASSIGNMENT((#13594));
#13594 = SURFACE_STYLE_USAGE(.BOTH.,#13595);
#13595 = SURFACE_SIDE_STYLE('',(#13596));
#13596 = SURFACE_STYLE_FILL_AREA(#13597);
#13597 = FILL_AREA_STYLE('',(#13598));
#13598 = FILL_AREA_STYLE_COLOUR('',#13196);
#13599 = STYLED_ITEM('color',(#13600),#2260);
#13600 = PRESENTATION_STYLE_ASSIGNMENT((#13601));
#13601 = SURFACE_STYLE_USAGE(.BOTH.,#13602);
#13602 = SURFACE_SIDE_STYLE('',(#13603));
#13603 = SURFACE_STYLE_FILL_AREA(#13604);
#13604 = FILL_AREA_STYLE('',(#13605));
#13605 = FILL_AREA_STYLE_COLOUR('',#13196);
#13606 = STYLED_ITEM('color',(#13607),#2277);
#13607 = PRESENTATION_STYLE_ASSIGNMENT((#13608));
#13608 = SURFACE_STYLE_USAGE(.BOTH.,#13609);
#13609 = SURFACE_SIDE_STYLE('',(#13610));
#13610 = SURFACE_STYLE_FILL_AREA(#13611);
#13611 = FILL_AREA_STYLE('',(#13612));
#13612 = FILL_AREA_STYLE_COLOUR('',#13196);
#13613 = STYLED_ITEM('color',(#13614),#2294);
#13614 = PRESENTATION_STYLE_ASSIGNMENT((#13615));
#13615 = SURFACE_STYLE_USAGE(.BOTH.,#13616);
#13616 = SURFACE_SIDE_STYLE('',(#13617));
#13617 = SURFACE_STYLE_FILL_AREA(#13618);
#13618 = FILL_AREA_STYLE('',(#13619));
#13619 = FILL_AREA_STYLE_COLOUR('',#13416);
#13620 = STYLED_ITEM('color',(#13621),#2317);
#13621 = PRESENTATION_STYLE_ASSIGNMENT((#13622));
#13622 = SURFACE_STYLE_USAGE(.BOTH.,#13623);
#13623 = SURFACE_SIDE_STYLE('',(#13624));
#13624 = SURFACE_STYLE_FILL_AREA(#13625);
#13625 = FILL_AREA_STYLE('',(#13626));
#13626 = FILL_AREA_STYLE_COLOUR('',#13196);
#13627 = STYLED_ITEM('color',(#13628),#2334);
#13628 = PRESENTATION_STYLE_ASSIGNMENT((#13629));
#13629 = SURFACE_STYLE_USAGE(.BOTH.,#13630);
#13630 = SURFACE_SIDE_STYLE('',(#13631));
#13631 = SURFACE_STYLE_FILL_AREA(#13632);
#13632 = FILL_AREA_STYLE('',(#13633));
#13633 = FILL_AREA_STYLE_COLOUR('',#13196);
#13634 = STYLED_ITEM('color',(#13635),#2346);
#13635 = PRESENTATION_STYLE_ASSIGNMENT((#13636));
#13636 = SURFACE_STYLE_USAGE(.BOTH.,#13637);
#13637 = SURFACE_SIDE_STYLE('',(#13638));
#13638 = SURFACE_STYLE_FILL_AREA(#13639);
#13639 = FILL_AREA_STYLE('',(#13640));
#13640 = FILL_AREA_STYLE_COLOUR('',#13196);
#13641 = STYLED_ITEM('color',(#13642),#2363);
#13642 = PRESENTATION_STYLE_ASSIGNMENT((#13643));
#13643 = SURFACE_STYLE_USAGE(.BOTH.,#13644);
#13644 = SURFACE_SIDE_STYLE('',(#13645));
#13645 = SURFACE_STYLE_FILL_AREA(#13646);
#13646 = FILL_AREA_STYLE('',(#13647));
#13647 = FILL_AREA_STYLE_COLOUR('',#13196);
#13648 = STYLED_ITEM('color',(#13649),#2375);
#13649 = PRESENTATION_STYLE_ASSIGNMENT((#13650));
#13650 = SURFACE_STYLE_USAGE(.BOTH.,#13651);
#13651 = SURFACE_SIDE_STYLE('',(#13652));
#13652 = SURFACE_STYLE_FILL_AREA(#13653);
#13653 = FILL_AREA_STYLE('',(#13654));
#13654 = FILL_AREA_STYLE_COLOUR('',#13196);
#13655 = STYLED_ITEM('color',(#13656),#2392);
#13656 = PRESENTATION_STYLE_ASSIGNMENT((#13657));
#13657 = SURFACE_STYLE_USAGE(.BOTH.,#13658);
#13658 = SURFACE_SIDE_STYLE('',(#13659));
#13659 = SURFACE_STYLE_FILL_AREA(#13660);
#13660 = FILL_AREA_STYLE('',(#13661));
#13661 = FILL_AREA_STYLE_COLOUR('',#13196);
#13662 = STYLED_ITEM('color',(#13663),#2404);
#13663 = PRESENTATION_STYLE_ASSIGNMENT((#13664));
#13664 = SURFACE_STYLE_USAGE(.BOTH.,#13665);
#13665 = SURFACE_SIDE_STYLE('',(#13666));
#13666 = SURFACE_STYLE_FILL_AREA(#13667);
#13667 = FILL_AREA_STYLE('',(#13668));
#13668 = FILL_AREA_STYLE_COLOUR('',#13196);
#13669 = STYLED_ITEM('color',(#13670),#2421);
#13670 = PRESENTATION_STYLE_ASSIGNMENT((#13671));
#13671 = SURFACE_STYLE_USAGE(.BOTH.,#13672);
#13672 = SURFACE_SIDE_STYLE('',(#13673));
#13673 = SURFACE_STYLE_FILL_AREA(#13674);
#13674 = FILL_AREA_STYLE('',(#13675));
#13675 = FILL_AREA_STYLE_COLOUR('',#13196);
#13676 = STYLED_ITEM('color',(#13677),#2438);
#13677 = PRESENTATION_STYLE_ASSIGNMENT((#13678));
#13678 = SURFACE_STYLE_USAGE(.BOTH.,#13679);
#13679 = SURFACE_SIDE_STYLE('',(#13680));
#13680 = SURFACE_STYLE_FILL_AREA(#13681);
#13681 = FILL_AREA_STYLE('',(#13682));
#13682 = FILL_AREA_STYLE_COLOUR('',#13196);
#13683 = STYLED_ITEM('color',(#13684),#2455);
#13684 = PRESENTATION_STYLE_ASSIGNMENT((#13685));
#13685 = SURFACE_STYLE_USAGE(.BOTH.,#13686);
#13686 = SURFACE_SIDE_STYLE('',(#13687));
#13687 = SURFACE_STYLE_FILL_AREA(#13688);
#13688 = FILL_AREA_STYLE('',(#13689));
#13689 = FILL_AREA_STYLE_COLOUR('',#13196);
#13690 = STYLED_ITEM('color',(#13691),#2472);
#13691 = PRESENTATION_STYLE_ASSIGNMENT((#13692));
#13692 = SURFACE_STYLE_USAGE(.BOTH.,#13693);
#13693 = SURFACE_SIDE_STYLE('',(#13694));
#13694 = SURFACE_STYLE_FILL_AREA(#13695);
#13695 = FILL_AREA_STYLE('',(#13696));
#13696 = FILL_AREA_STYLE_COLOUR('',#13196);
#13697 = STYLED_ITEM('color',(#13698),#2484);
#13698 = PRESENTATION_STYLE_ASSIGNMENT((#13699));
#13699 = SURFACE_STYLE_USAGE(.BOTH.,#13700);
#13700 = SURFACE_SIDE_STYLE('',(#13701));
#13701 = SURFACE_STYLE_FILL_AREA(#13702);
#13702 = FILL_AREA_STYLE('',(#13703));
#13703 = FILL_AREA_STYLE_COLOUR('',#13196);
#13704 = STYLED_ITEM('color',(#13705),#2501);
#13705 = PRESENTATION_STYLE_ASSIGNMENT((#13706));
#13706 = SURFACE_STYLE_USAGE(.BOTH.,#13707);
#13707 = SURFACE_SIDE_STYLE('',(#13708));
#13708 = SURFACE_STYLE_FILL_AREA(#13709);
#13709 = FILL_AREA_STYLE('',(#13710));
#13710 = FILL_AREA_STYLE_COLOUR('',#13196);
#13711 = STYLED_ITEM('color',(#13712),#2513);
#13712 = PRESENTATION_STYLE_ASSIGNMENT((#13713));
#13713 = SURFACE_STYLE_USAGE(.BOTH.,#13714);
#13714 = SURFACE_SIDE_STYLE('',(#13715));
#13715 = SURFACE_STYLE_FILL_AREA(#13716);
#13716 = FILL_AREA_STYLE('',(#13717));
#13717 = FILL_AREA_STYLE_COLOUR('',#13196);
#13718 = STYLED_ITEM('color',(#13719),#2530);
#13719 = PRESENTATION_STYLE_ASSIGNMENT((#13720));
#13720 = SURFACE_STYLE_USAGE(.BOTH.,#13721);
#13721 = SURFACE_SIDE_STYLE('',(#13722));
#13722 = SURFACE_STYLE_FILL_AREA(#13723);
#13723 = FILL_AREA_STYLE('',(#13724));
#13724 = FILL_AREA_STYLE_COLOUR('',#13196);
#13725 = STYLED_ITEM('color',(#13726),#2542);
#13726 = PRESENTATION_STYLE_ASSIGNMENT((#13727));
#13727 = SURFACE_STYLE_USAGE(.BOTH.,#13728);
#13728 = SURFACE_SIDE_STYLE('',(#13729));
#13729 = SURFACE_STYLE_FILL_AREA(#13730);
#13730 = FILL_AREA_STYLE('',(#13731));
#13731 = FILL_AREA_STYLE_COLOUR('',#13732);
#13732 = COLOUR_RGB('',0.690999977303,0.663999984767,0.597999987832);
#13733 = STYLED_ITEM('color',(#13734),#2567);
#13734 = PRESENTATION_STYLE_ASSIGNMENT((#13735));
#13735 = SURFACE_STYLE_USAGE(.BOTH.,#13736);
#13736 = SURFACE_SIDE_STYLE('',(#13737));
#13737 = SURFACE_STYLE_FILL_AREA(#13738);
#13738 = FILL_AREA_STYLE('',(#13739));
#13739 = FILL_AREA_STYLE_COLOUR('',#13732);
#13740 = MECHANICAL_DESIGN_GEOMETRIC_PRESENTATION_REPRESENTATION('',(
    #13741,#13748,#13755,#13762,#13769,#13776,#13783,#13790,#13797,
    #13804,#13811,#13818,#13825,#13832,#13839,#13846,#13853,#13860,
    #13867,#13874,#13881,#13888,#13895,#13902,#13909,#13916,#13923,
    #13930,#13937,#13944,#13951,#13958,#13965,#13972,#13979,#13986,
    #13993,#14000,#14007,#14014,#14021,#14028,#14035,#14042,#14049,
    #14056,#14063,#14070,#14077,#14084,#14091,#14098,#14105,#14112,
    #14119,#14126,#14133,#14140,#14147,#14154,#14161,#14168,#14175,
    #14182,#14189,#14196,#14203,#14210,#14217,#14224,#14231,#14238,
    #14245,#14252,#14259,#14266,#14273,#14280,#14287,#14294,#14301,
    #14308,#14315,#14322,#14329,#14336,#14343,#14350,#14357,#14364,
    #14371,#14378,#14385,#14392,#14399,#14406,#14413,#14420,#14427,
    #14434,#14441,#14448,#14455,#14462,#14469,#14476,#14483,#14490,
    #14497,#14504,#14511,#14518,#14525,#14532,#14539,#14546,#14553,
    #14560,#14567,#14574,#14581,#14588,#14595,#14602,#14609,#14616,
    #14623,#14630,#14637,#14644,#14651,#14658,#14665,#14672),#8553);
#13741 = STYLED_ITEM('color',(#13742),#4185);
#13742 = PRESENTATION_STYLE_ASSIGNMENT((#13743));
#13743 = SURFACE_STYLE_USAGE(.BOTH.,#13744);
#13744 = SURFACE_SIDE_STYLE('',(#13745));
#13745 = SURFACE_STYLE_FILL_AREA(#13746);
#13746 = FILL_AREA_STYLE('',(#13747));
#13747 = FILL_AREA_STYLE_COLOUR('',#13196);
#13748 = STYLED_ITEM('color',(#13749),#4226);
#13749 = PRESENTATION_STYLE_ASSIGNMENT((#13750));
#13750 = SURFACE_STYLE_USAGE(.BOTH.,#13751);
#13751 = SURFACE_SIDE_STYLE('',(#13752));
#13752 = SURFACE_STYLE_FILL_AREA(#13753);
#13753 = FILL_AREA_STYLE('',(#13754));
#13754 = FILL_AREA_STYLE_COLOUR('',#13196);
#13755 = STYLED_ITEM('color',(#13756),#4273);
#13756 = PRESENTATION_STYLE_ASSIGNMENT((#13757));
#13757 = SURFACE_STYLE_USAGE(.BOTH.,#13758);
#13758 = SURFACE_SIDE_STYLE('',(#13759));
#13759 = SURFACE_STYLE_FILL_AREA(#13760);
#13760 = FILL_AREA_STYLE('',(#13761));
#13761 = FILL_AREA_STYLE_COLOUR('',#13196);
#13762 = STYLED_ITEM('color',(#13763),#4298);
#13763 = PRESENTATION_STYLE_ASSIGNMENT((#13764));
#13764 = SURFACE_STYLE_USAGE(.BOTH.,#13765);
#13765 = SURFACE_SIDE_STYLE('',(#13766));
#13766 = SURFACE_STYLE_FILL_AREA(#13767);
#13767 = FILL_AREA_STYLE('',(#13768));
#13768 = FILL_AREA_STYLE_COLOUR('',#13196);
#13769 = STYLED_ITEM('color',(#13770),#4338);
#13770 = PRESENTATION_STYLE_ASSIGNMENT((#13771));
#13771 = SURFACE_STYLE_USAGE(.BOTH.,#13772);
#13772 = SURFACE_SIDE_STYLE('',(#13773));
#13773 = SURFACE_STYLE_FILL_AREA(#13774);
#13774 = FILL_AREA_STYLE('',(#13775));
#13775 = FILL_AREA_STYLE_COLOUR('',#13196);
#13776 = STYLED_ITEM('color',(#13777),#4355);
#13777 = PRESENTATION_STYLE_ASSIGNMENT((#13778));
#13778 = SURFACE_STYLE_USAGE(.BOTH.,#13779);
#13779 = SURFACE_SIDE_STYLE('',(#13780));
#13780 = SURFACE_STYLE_FILL_AREA(#13781);
#13781 = FILL_AREA_STYLE('',(#13782));
#13782 = FILL_AREA_STYLE_COLOUR('',#13416);
#13783 = STYLED_ITEM('color',(#13784),#5073);
#13784 = PRESENTATION_STYLE_ASSIGNMENT((#13785));
#13785 = SURFACE_STYLE_USAGE(.BOTH.,#13786);
#13786 = SURFACE_SIDE_STYLE('',(#13787));
#13787 = SURFACE_STYLE_FILL_AREA(#13788);
#13788 = FILL_AREA_STYLE('',(#13789));
#13789 = FILL_AREA_STYLE_COLOUR('',#13416);
#13790 = STYLED_ITEM('color',(#13791),#5205);
#13791 = PRESENTATION_STYLE_ASSIGNMENT((#13792));
#13792 = SURFACE_STYLE_USAGE(.BOTH.,#13793);
#13793 = SURFACE_SIDE_STYLE('',(#13794));
#13794 = SURFACE_STYLE_FILL_AREA(#13795);
#13795 = FILL_AREA_STYLE('',(#13796));
#13796 = FILL_AREA_STYLE_COLOUR('',#13196);
#13797 = STYLED_ITEM('color',(#13798),#5217);
#13798 = PRESENTATION_STYLE_ASSIGNMENT((#13799));
#13799 = SURFACE_STYLE_USAGE(.BOTH.,#13800);
#13800 = SURFACE_SIDE_STYLE('',(#13801));
#13801 = SURFACE_STYLE_FILL_AREA(#13802);
#13802 = FILL_AREA_STYLE('',(#13803));
#13803 = FILL_AREA_STYLE_COLOUR('',#13416);
#13804 = STYLED_ITEM('color',(#13805),#5356);
#13805 = PRESENTATION_STYLE_ASSIGNMENT((#13806));
#13806 = SURFACE_STYLE_USAGE(.BOTH.,#13807);
#13807 = SURFACE_SIDE_STYLE('',(#13808));
#13808 = SURFACE_STYLE_FILL_AREA(#13809);
#13809 = FILL_AREA_STYLE('',(#13810));
#13810 = FILL_AREA_STYLE_COLOUR('',#13416);
#13811 = STYLED_ITEM('color',(#13812),#5495);
#13812 = PRESENTATION_STYLE_ASSIGNMENT((#13813));
#13813 = SURFACE_STYLE_USAGE(.BOTH.,#13814);
#13814 = SURFACE_SIDE_STYLE('',(#13815));
#13815 = SURFACE_STYLE_FILL_AREA(#13816);
#13816 = FILL_AREA_STYLE('',(#13817));
#13817 = FILL_AREA_STYLE_COLOUR('',#13196);
#13818 = STYLED_ITEM('color',(#13819),#5535);
#13819 = PRESENTATION_STYLE_ASSIGNMENT((#13820));
#13820 = SURFACE_STYLE_USAGE(.BOTH.,#13821);
#13821 = SURFACE_SIDE_STYLE('',(#13822));
#13822 = SURFACE_STYLE_FILL_AREA(#13823);
#13823 = FILL_AREA_STYLE('',(#13824));
#13824 = FILL_AREA_STYLE_COLOUR('',#13196);
#13825 = STYLED_ITEM('color',(#13826),#5575);
#13826 = PRESENTATION_STYLE_ASSIGNMENT((#13827));
#13827 = SURFACE_STYLE_USAGE(.BOTH.,#13828);
#13828 = SURFACE_SIDE_STYLE('',(#13829));
#13829 = SURFACE_STYLE_FILL_AREA(#13830);
#13830 = FILL_AREA_STYLE('',(#13831));
#13831 = FILL_AREA_STYLE_COLOUR('',#13196);
#13832 = STYLED_ITEM('color',(#13833),#5600);
#13833 = PRESENTATION_STYLE_ASSIGNMENT((#13834));
#13834 = SURFACE_STYLE_USAGE(.BOTH.,#13835);
#13835 = SURFACE_SIDE_STYLE('',(#13836));
#13836 = SURFACE_STYLE_FILL_AREA(#13837);
#13837 = FILL_AREA_STYLE('',(#13838));
#13838 = FILL_AREA_STYLE_COLOUR('',#13196);
#13839 = STYLED_ITEM('color',(#13840),#5625);
#13840 = PRESENTATION_STYLE_ASSIGNMENT((#13841));
#13841 = SURFACE_STYLE_USAGE(.BOTH.,#13842);
#13842 = SURFACE_SIDE_STYLE('',(#13843));
#13843 = SURFACE_STYLE_FILL_AREA(#13844);
#13844 = FILL_AREA_STYLE('',(#13845));
#13845 = FILL_AREA_STYLE_COLOUR('',#13196);
#13846 = STYLED_ITEM('color',(#13847),#5658);
#13847 = PRESENTATION_STYLE_ASSIGNMENT((#13848));
#13848 = SURFACE_STYLE_USAGE(.BOTH.,#13849);
#13849 = SURFACE_SIDE_STYLE('',(#13850));
#13850 = SURFACE_STYLE_FILL_AREA(#13851);
#13851 = FILL_AREA_STYLE('',(#13852));
#13852 = FILL_AREA_STYLE_COLOUR('',#13196);
#13853 = STYLED_ITEM('color',(#13854),#5691);
#13854 = PRESENTATION_STYLE_ASSIGNMENT((#13855));
#13855 = SURFACE_STYLE_USAGE(.BOTH.,#13856);
#13856 = SURFACE_SIDE_STYLE('',(#13857));
#13857 = SURFACE_STYLE_FILL_AREA(#13858);
#13858 = FILL_AREA_STYLE('',(#13859));
#13859 = FILL_AREA_STYLE_COLOUR('',#13196);
#13860 = STYLED_ITEM('color',(#13861),#5731);
#13861 = PRESENTATION_STYLE_ASSIGNMENT((#13862));
#13862 = SURFACE_STYLE_USAGE(.BOTH.,#13863);
#13863 = SURFACE_SIDE_STYLE('',(#13864));
#13864 = SURFACE_STYLE_FILL_AREA(#13865);
#13865 = FILL_AREA_STYLE('',(#13866));
#13866 = FILL_AREA_STYLE_COLOUR('',#13196);
#13867 = STYLED_ITEM('color',(#13868),#5771);
#13868 = PRESENTATION_STYLE_ASSIGNMENT((#13869));
#13869 = SURFACE_STYLE_USAGE(.BOTH.,#13870);
#13870 = SURFACE_SIDE_STYLE('',(#13871));
#13871 = SURFACE_STYLE_FILL_AREA(#13872);
#13872 = FILL_AREA_STYLE('',(#13873));
#13873 = FILL_AREA_STYLE_COLOUR('',#13196);
#13874 = STYLED_ITEM('color',(#13875),#5796);
#13875 = PRESENTATION_STYLE_ASSIGNMENT((#13876));
#13876 = SURFACE_STYLE_USAGE(.BOTH.,#13877);
#13877 = SURFACE_SIDE_STYLE('',(#13878));
#13878 = SURFACE_STYLE_FILL_AREA(#13879);
#13879 = FILL_AREA_STYLE('',(#13880));
#13880 = FILL_AREA_STYLE_COLOUR('',#13196);
#13881 = STYLED_ITEM('color',(#13882),#5821);
#13882 = PRESENTATION_STYLE_ASSIGNMENT((#13883));
#13883 = SURFACE_STYLE_USAGE(.BOTH.,#13884);
#13884 = SURFACE_SIDE_STYLE('',(#13885));
#13885 = SURFACE_STYLE_FILL_AREA(#13886);
#13886 = FILL_AREA_STYLE('',(#13887));
#13887 = FILL_AREA_STYLE_COLOUR('',#13196);
#13888 = STYLED_ITEM('color',(#13889),#5854);
#13889 = PRESENTATION_STYLE_ASSIGNMENT((#13890));
#13890 = SURFACE_STYLE_USAGE(.BOTH.,#13891);
#13891 = SURFACE_SIDE_STYLE('',(#13892));
#13892 = SURFACE_STYLE_FILL_AREA(#13893);
#13893 = FILL_AREA_STYLE('',(#13894));
#13894 = FILL_AREA_STYLE_COLOUR('',#13196);
#13895 = STYLED_ITEM('color',(#13896),#5887);
#13896 = PRESENTATION_STYLE_ASSIGNMENT((#13897));
#13897 = SURFACE_STYLE_USAGE(.BOTH.,#13898);
#13898 = SURFACE_SIDE_STYLE('',(#13899));
#13899 = SURFACE_STYLE_FILL_AREA(#13900);
#13900 = FILL_AREA_STYLE('',(#13901));
#13901 = FILL_AREA_STYLE_COLOUR('',#13196);
#13902 = STYLED_ITEM('color',(#13903),#5927);
#13903 = PRESENTATION_STYLE_ASSIGNMENT((#13904));
#13904 = SURFACE_STYLE_USAGE(.BOTH.,#13905);
#13905 = SURFACE_SIDE_STYLE('',(#13906));
#13906 = SURFACE_STYLE_FILL_AREA(#13907);
#13907 = FILL_AREA_STYLE('',(#13908));
#13908 = FILL_AREA_STYLE_COLOUR('',#13196);
#13909 = STYLED_ITEM('color',(#13910),#5967);
#13910 = PRESENTATION_STYLE_ASSIGNMENT((#13911));
#13911 = SURFACE_STYLE_USAGE(.BOTH.,#13912);
#13912 = SURFACE_SIDE_STYLE('',(#13913));
#13913 = SURFACE_STYLE_FILL_AREA(#13914);
#13914 = FILL_AREA_STYLE('',(#13915));
#13915 = FILL_AREA_STYLE_COLOUR('',#13196);
#13916 = STYLED_ITEM('color',(#13917),#5992);
#13917 = PRESENTATION_STYLE_ASSIGNMENT((#13918));
#13918 = SURFACE_STYLE_USAGE(.BOTH.,#13919);
#13919 = SURFACE_SIDE_STYLE('',(#13920));
#13920 = SURFACE_STYLE_FILL_AREA(#13921);
#13921 = FILL_AREA_STYLE('',(#13922));
#13922 = FILL_AREA_STYLE_COLOUR('',#13196);
#13923 = STYLED_ITEM('color',(#13924),#6017);
#13924 = PRESENTATION_STYLE_ASSIGNMENT((#13925));
#13925 = SURFACE_STYLE_USAGE(.BOTH.,#13926);
#13926 = SURFACE_SIDE_STYLE('',(#13927));
#13927 = SURFACE_STYLE_FILL_AREA(#13928);
#13928 = FILL_AREA_STYLE('',(#13929));
#13929 = FILL_AREA_STYLE_COLOUR('',#13196);
#13930 = STYLED_ITEM('color',(#13931),#6050);
#13931 = PRESENTATION_STYLE_ASSIGNMENT((#13932));
#13932 = SURFACE_STYLE_USAGE(.BOTH.,#13933);
#13933 = SURFACE_SIDE_STYLE('',(#13934));
#13934 = SURFACE_STYLE_FILL_AREA(#13935);
#13935 = FILL_AREA_STYLE('',(#13936));
#13936 = FILL_AREA_STYLE_COLOUR('',#13196);
#13937 = STYLED_ITEM('color',(#13938),#6083);
#13938 = PRESENTATION_STYLE_ASSIGNMENT((#13939));
#13939 = SURFACE_STYLE_USAGE(.BOTH.,#13940);
#13940 = SURFACE_SIDE_STYLE('',(#13941));
#13941 = SURFACE_STYLE_FILL_AREA(#13942);
#13942 = FILL_AREA_STYLE('',(#13943));
#13943 = FILL_AREA_STYLE_COLOUR('',#13196);
#13944 = STYLED_ITEM('color',(#13945),#6123);
#13945 = PRESENTATION_STYLE_ASSIGNMENT((#13946));
#13946 = SURFACE_STYLE_USAGE(.BOTH.,#13947);
#13947 = SURFACE_SIDE_STYLE('',(#13948));
#13948 = SURFACE_STYLE_FILL_AREA(#13949);
#13949 = FILL_AREA_STYLE('',(#13950));
#13950 = FILL_AREA_STYLE_COLOUR('',#13196);
#13951 = STYLED_ITEM('color',(#13952),#6163);
#13952 = PRESENTATION_STYLE_ASSIGNMENT((#13953));
#13953 = SURFACE_STYLE_USAGE(.BOTH.,#13954);
#13954 = SURFACE_SIDE_STYLE('',(#13955));
#13955 = SURFACE_STYLE_FILL_AREA(#13956);
#13956 = FILL_AREA_STYLE('',(#13957));
#13957 = FILL_AREA_STYLE_COLOUR('',#13196);
#13958 = STYLED_ITEM('color',(#13959),#6188);
#13959 = PRESENTATION_STYLE_ASSIGNMENT((#13960));
#13960 = SURFACE_STYLE_USAGE(.BOTH.,#13961);
#13961 = SURFACE_SIDE_STYLE('',(#13962));
#13962 = SURFACE_STYLE_FILL_AREA(#13963);
#13963 = FILL_AREA_STYLE('',(#13964));
#13964 = FILL_AREA_STYLE_COLOUR('',#13196);
#13965 = STYLED_ITEM('color',(#13966),#6213);
#13966 = PRESENTATION_STYLE_ASSIGNMENT((#13967));
#13967 = SURFACE_STYLE_USAGE(.BOTH.,#13968);
#13968 = SURFACE_SIDE_STYLE('',(#13969));
#13969 = SURFACE_STYLE_FILL_AREA(#13970);
#13970 = FILL_AREA_STYLE('',(#13971));
#13971 = FILL_AREA_STYLE_COLOUR('',#13196);
#13972 = STYLED_ITEM('color',(#13973),#6246);
#13973 = PRESENTATION_STYLE_ASSIGNMENT((#13974));
#13974 = SURFACE_STYLE_USAGE(.BOTH.,#13975);
#13975 = SURFACE_SIDE_STYLE('',(#13976));
#13976 = SURFACE_STYLE_FILL_AREA(#13977);
#13977 = FILL_AREA_STYLE('',(#13978));
#13978 = FILL_AREA_STYLE_COLOUR('',#13196);
#13979 = STYLED_ITEM('color',(#13980),#6279);
#13980 = PRESENTATION_STYLE_ASSIGNMENT((#13981));
#13981 = SURFACE_STYLE_USAGE(.BOTH.,#13982);
#13982 = SURFACE_SIDE_STYLE('',(#13983));
#13983 = SURFACE_STYLE_FILL_AREA(#13984);
#13984 = FILL_AREA_STYLE('',(#13985));
#13985 = FILL_AREA_STYLE_COLOUR('',#13196);
#13986 = STYLED_ITEM('color',(#13987),#6319);
#13987 = PRESENTATION_STYLE_ASSIGNMENT((#13988));
#13988 = SURFACE_STYLE_USAGE(.BOTH.,#13989);
#13989 = SURFACE_SIDE_STYLE('',(#13990));
#13990 = SURFACE_STYLE_FILL_AREA(#13991);
#13991 = FILL_AREA_STYLE('',(#13992));
#13992 = FILL_AREA_STYLE_COLOUR('',#13196);
#13993 = STYLED_ITEM('color',(#13994),#6359);
#13994 = PRESENTATION_STYLE_ASSIGNMENT((#13995));
#13995 = SURFACE_STYLE_USAGE(.BOTH.,#13996);
#13996 = SURFACE_SIDE_STYLE('',(#13997));
#13997 = SURFACE_STYLE_FILL_AREA(#13998);
#13998 = FILL_AREA_STYLE('',(#13999));
#13999 = FILL_AREA_STYLE_COLOUR('',#13196);
#14000 = STYLED_ITEM('color',(#14001),#6384);
#14001 = PRESENTATION_STYLE_ASSIGNMENT((#14002));
#14002 = SURFACE_STYLE_USAGE(.BOTH.,#14003);
#14003 = SURFACE_SIDE_STYLE('',(#14004));
#14004 = SURFACE_STYLE_FILL_AREA(#14005);
#14005 = FILL_AREA_STYLE('',(#14006));
#14006 = FILL_AREA_STYLE_COLOUR('',#13196);
#14007 = STYLED_ITEM('color',(#14008),#6409);
#14008 = PRESENTATION_STYLE_ASSIGNMENT((#14009));
#14009 = SURFACE_STYLE_USAGE(.BOTH.,#14010);
#14010 = SURFACE_SIDE_STYLE('',(#14011));
#14011 = SURFACE_STYLE_FILL_AREA(#14012);
#14012 = FILL_AREA_STYLE('',(#14013));
#14013 = FILL_AREA_STYLE_COLOUR('',#13196);
#14014 = STYLED_ITEM('color',(#14015),#6442);
#14015 = PRESENTATION_STYLE_ASSIGNMENT((#14016));
#14016 = SURFACE_STYLE_USAGE(.BOTH.,#14017);
#14017 = SURFACE_SIDE_STYLE('',(#14018));
#14018 = SURFACE_STYLE_FILL_AREA(#14019);
#14019 = FILL_AREA_STYLE('',(#14020));
#14020 = FILL_AREA_STYLE_COLOUR('',#13196);
#14021 = STYLED_ITEM('color',(#14022),#6475);
#14022 = PRESENTATION_STYLE_ASSIGNMENT((#14023));
#14023 = SURFACE_STYLE_USAGE(.BOTH.,#14024);
#14024 = SURFACE_SIDE_STYLE('',(#14025));
#14025 = SURFACE_STYLE_FILL_AREA(#14026);
#14026 = FILL_AREA_STYLE('',(#14027));
#14027 = FILL_AREA_STYLE_COLOUR('',#13416);
#14028 = STYLED_ITEM('color',(#14029),#6607);
#14029 = PRESENTATION_STYLE_ASSIGNMENT((#14030));
#14030 = SURFACE_STYLE_USAGE(.BOTH.,#14031);
#14031 = SURFACE_SIDE_STYLE('',(#14032));
#14032 = SURFACE_STYLE_FILL_AREA(#14033);
#14033 = FILL_AREA_STYLE('',(#14034));
#14034 = FILL_AREA_STYLE_COLOUR('',#13196);
#14035 = STYLED_ITEM('color',(#14036),#6647);
#14036 = PRESENTATION_STYLE_ASSIGNMENT((#14037));
#14037 = SURFACE_STYLE_USAGE(.BOTH.,#14038);
#14038 = SURFACE_SIDE_STYLE('',(#14039));
#14039 = SURFACE_STYLE_FILL_AREA(#14040);
#14040 = FILL_AREA_STYLE('',(#14041));
#14041 = FILL_AREA_STYLE_COLOUR('',#13196);
#14042 = STYLED_ITEM('color',(#14043),#6687);
#14043 = PRESENTATION_STYLE_ASSIGNMENT((#14044));
#14044 = SURFACE_STYLE_USAGE(.BOTH.,#14045);
#14045 = SURFACE_SIDE_STYLE('',(#14046));
#14046 = SURFACE_STYLE_FILL_AREA(#14047);
#14047 = FILL_AREA_STYLE('',(#14048));
#14048 = FILL_AREA_STYLE_COLOUR('',#13196);
#14049 = STYLED_ITEM('color',(#14050),#6712);
#14050 = PRESENTATION_STYLE_ASSIGNMENT((#14051));
#14051 = SURFACE_STYLE_USAGE(.BOTH.,#14052);
#14052 = SURFACE_SIDE_STYLE('',(#14053));
#14053 = SURFACE_STYLE_FILL_AREA(#14054);
#14054 = FILL_AREA_STYLE('',(#14055));
#14055 = FILL_AREA_STYLE_COLOUR('',#13196);
#14056 = STYLED_ITEM('color',(#14057),#6737);
#14057 = PRESENTATION_STYLE_ASSIGNMENT((#14058));
#14058 = SURFACE_STYLE_USAGE(.BOTH.,#14059);
#14059 = SURFACE_SIDE_STYLE('',(#14060));
#14060 = SURFACE_STYLE_FILL_AREA(#14061);
#14061 = FILL_AREA_STYLE('',(#14062));
#14062 = FILL_AREA_STYLE_COLOUR('',#13196);
#14063 = STYLED_ITEM('color',(#14064),#6770);
#14064 = PRESENTATION_STYLE_ASSIGNMENT((#14065));
#14065 = SURFACE_STYLE_USAGE(.BOTH.,#14066);
#14066 = SURFACE_SIDE_STYLE('',(#14067));
#14067 = SURFACE_STYLE_FILL_AREA(#14068);
#14068 = FILL_AREA_STYLE('',(#14069));
#14069 = FILL_AREA_STYLE_COLOUR('',#13196);
#14070 = STYLED_ITEM('color',(#14071),#6803);
#14071 = PRESENTATION_STYLE_ASSIGNMENT((#14072));
#14072 = SURFACE_STYLE_USAGE(.BOTH.,#14073);
#14073 = SURFACE_SIDE_STYLE('',(#14074));
#14074 = SURFACE_STYLE_FILL_AREA(#14075);
#14075 = FILL_AREA_STYLE('',(#14076));
#14076 = FILL_AREA_STYLE_COLOUR('',#13196);
#14077 = STYLED_ITEM('color',(#14078),#6843);
#14078 = PRESENTATION_STYLE_ASSIGNMENT((#14079));
#14079 = SURFACE_STYLE_USAGE(.BOTH.,#14080);
#14080 = SURFACE_SIDE_STYLE('',(#14081));
#14081 = SURFACE_STYLE_FILL_AREA(#14082);
#14082 = FILL_AREA_STYLE('',(#14083));
#14083 = FILL_AREA_STYLE_COLOUR('',#13196);
#14084 = STYLED_ITEM('color',(#14085),#6883);
#14085 = PRESENTATION_STYLE_ASSIGNMENT((#14086));
#14086 = SURFACE_STYLE_USAGE(.BOTH.,#14087);
#14087 = SURFACE_SIDE_STYLE('',(#14088));
#14088 = SURFACE_STYLE_FILL_AREA(#14089);
#14089 = FILL_AREA_STYLE('',(#14090));
#14090 = FILL_AREA_STYLE_COLOUR('',#13196);
#14091 = STYLED_ITEM('color',(#14092),#6908);
#14092 = PRESENTATION_STYLE_ASSIGNMENT((#14093));
#14093 = SURFACE_STYLE_USAGE(.BOTH.,#14094);
#14094 = SURFACE_SIDE_STYLE('',(#14095));
#14095 = SURFACE_STYLE_FILL_AREA(#14096);
#14096 = FILL_AREA_STYLE('',(#14097));
#14097 = FILL_AREA_STYLE_COLOUR('',#13196);
#14098 = STYLED_ITEM('color',(#14099),#6933);
#14099 = PRESENTATION_STYLE_ASSIGNMENT((#14100));
#14100 = SURFACE_STYLE_USAGE(.BOTH.,#14101);
#14101 = SURFACE_SIDE_STYLE('',(#14102));
#14102 = SURFACE_STYLE_FILL_AREA(#14103);
#14103 = FILL_AREA_STYLE('',(#14104));
#14104 = FILL_AREA_STYLE_COLOUR('',#13196);
#14105 = STYLED_ITEM('color',(#14106),#6966);
#14106 = PRESENTATION_STYLE_ASSIGNMENT((#14107));
#14107 = SURFACE_STYLE_USAGE(.BOTH.,#14108);
#14108 = SURFACE_SIDE_STYLE('',(#14109));
#14109 = SURFACE_STYLE_FILL_AREA(#14110);
#14110 = FILL_AREA_STYLE('',(#14111));
#14111 = FILL_AREA_STYLE_COLOUR('',#13196);
#14112 = STYLED_ITEM('color',(#14113),#6999);
#14113 = PRESENTATION_STYLE_ASSIGNMENT((#14114));
#14114 = SURFACE_STYLE_USAGE(.BOTH.,#14115);
#14115 = SURFACE_SIDE_STYLE('',(#14116));
#14116 = SURFACE_STYLE_FILL_AREA(#14117);
#14117 = FILL_AREA_STYLE('',(#14118));
#14118 = FILL_AREA_STYLE_COLOUR('',#13196);
#14119 = STYLED_ITEM('color',(#14120),#7039);
#14120 = PRESENTATION_STYLE_ASSIGNMENT((#14121));
#14121 = SURFACE_STYLE_USAGE(.BOTH.,#14122);
#14122 = SURFACE_SIDE_STYLE('',(#14123));
#14123 = SURFACE_STYLE_FILL_AREA(#14124);
#14124 = FILL_AREA_STYLE('',(#14125));
#14125 = FILL_AREA_STYLE_COLOUR('',#13196);
#14126 = STYLED_ITEM('color',(#14127),#7079);
#14127 = PRESENTATION_STYLE_ASSIGNMENT((#14128));
#14128 = SURFACE_STYLE_USAGE(.BOTH.,#14129);
#14129 = SURFACE_SIDE_STYLE('',(#14130));
#14130 = SURFACE_STYLE_FILL_AREA(#14131);
#14131 = FILL_AREA_STYLE('',(#14132));
#14132 = FILL_AREA_STYLE_COLOUR('',#13196);
#14133 = STYLED_ITEM('color',(#14134),#7104);
#14134 = PRESENTATION_STYLE_ASSIGNMENT((#14135));
#14135 = SURFACE_STYLE_USAGE(.BOTH.,#14136);
#14136 = SURFACE_SIDE_STYLE('',(#14137));
#14137 = SURFACE_STYLE_FILL_AREA(#14138);
#14138 = FILL_AREA_STYLE('',(#14139));
#14139 = FILL_AREA_STYLE_COLOUR('',#13196);
#14140 = STYLED_ITEM('color',(#14141),#7129);
#14141 = PRESENTATION_STYLE_ASSIGNMENT((#14142));
#14142 = SURFACE_STYLE_USAGE(.BOTH.,#14143);
#14143 = SURFACE_SIDE_STYLE('',(#14144));
#14144 = SURFACE_STYLE_FILL_AREA(#14145);
#14145 = FILL_AREA_STYLE('',(#14146));
#14146 = FILL_AREA_STYLE_COLOUR('',#13196);
#14147 = STYLED_ITEM('color',(#14148),#7162);
#14148 = PRESENTATION_STYLE_ASSIGNMENT((#14149));
#14149 = SURFACE_STYLE_USAGE(.BOTH.,#14150);
#14150 = SURFACE_SIDE_STYLE('',(#14151));
#14151 = SURFACE_STYLE_FILL_AREA(#14152);
#14152 = FILL_AREA_STYLE('',(#14153));
#14153 = FILL_AREA_STYLE_COLOUR('',#13196);
#14154 = STYLED_ITEM('color',(#14155),#7195);
#14155 = PRESENTATION_STYLE_ASSIGNMENT((#14156));
#14156 = SURFACE_STYLE_USAGE(.BOTH.,#14157);
#14157 = SURFACE_SIDE_STYLE('',(#14158));
#14158 = SURFACE_STYLE_FILL_AREA(#14159);
#14159 = FILL_AREA_STYLE('',(#14160));
#14160 = FILL_AREA_STYLE_COLOUR('',#13196);
#14161 = STYLED_ITEM('color',(#14162),#7235);
#14162 = PRESENTATION_STYLE_ASSIGNMENT((#14163));
#14163 = SURFACE_STYLE_USAGE(.BOTH.,#14164);
#14164 = SURFACE_SIDE_STYLE('',(#14165));
#14165 = SURFACE_STYLE_FILL_AREA(#14166);
#14166 = FILL_AREA_STYLE('',(#14167));
#14167 = FILL_AREA_STYLE_COLOUR('',#13196);
#14168 = STYLED_ITEM('color',(#14169),#7275);
#14169 = PRESENTATION_STYLE_ASSIGNMENT((#14170));
#14170 = SURFACE_STYLE_USAGE(.BOTH.,#14171);
#14171 = SURFACE_SIDE_STYLE('',(#14172));
#14172 = SURFACE_STYLE_FILL_AREA(#14173);
#14173 = FILL_AREA_STYLE('',(#14174));
#14174 = FILL_AREA_STYLE_COLOUR('',#13196);
#14175 = STYLED_ITEM('color',(#14176),#7300);
#14176 = PRESENTATION_STYLE_ASSIGNMENT((#14177));
#14177 = SURFACE_STYLE_USAGE(.BOTH.,#14178);
#14178 = SURFACE_SIDE_STYLE('',(#14179));
#14179 = SURFACE_STYLE_FILL_AREA(#14180);
#14180 = FILL_AREA_STYLE('',(#14181));
#14181 = FILL_AREA_STYLE_COLOUR('',#13196);
#14182 = STYLED_ITEM('color',(#14183),#7325);
#14183 = PRESENTATION_STYLE_ASSIGNMENT((#14184));
#14184 = SURFACE_STYLE_USAGE(.BOTH.,#14185);
#14185 = SURFACE_SIDE_STYLE('',(#14186));
#14186 = SURFACE_STYLE_FILL_AREA(#14187);
#14187 = FILL_AREA_STYLE('',(#14188));
#14188 = FILL_AREA_STYLE_COLOUR('',#13196);
#14189 = STYLED_ITEM('color',(#14190),#7358);
#14190 = PRESENTATION_STYLE_ASSIGNMENT((#14191));
#14191 = SURFACE_STYLE_USAGE(.BOTH.,#14192);
#14192 = SURFACE_SIDE_STYLE('',(#14193));
#14193 = SURFACE_STYLE_FILL_AREA(#14194);
#14194 = FILL_AREA_STYLE('',(#14195));
#14195 = FILL_AREA_STYLE_COLOUR('',#13196);
#14196 = STYLED_ITEM('color',(#14197),#7391);
#14197 = PRESENTATION_STYLE_ASSIGNMENT((#14198));
#14198 = SURFACE_STYLE_USAGE(.BOTH.,#14199);
#14199 = SURFACE_SIDE_STYLE('',(#14200));
#14200 = SURFACE_STYLE_FILL_AREA(#14201);
#14201 = FILL_AREA_STYLE('',(#14202));
#14202 = FILL_AREA_STYLE_COLOUR('',#13196);
#14203 = STYLED_ITEM('color',(#14204),#7431);
#14204 = PRESENTATION_STYLE_ASSIGNMENT((#14205));
#14205 = SURFACE_STYLE_USAGE(.BOTH.,#14206);
#14206 = SURFACE_SIDE_STYLE('',(#14207));
#14207 = SURFACE_STYLE_FILL_AREA(#14208);
#14208 = FILL_AREA_STYLE('',(#14209));
#14209 = FILL_AREA_STYLE_COLOUR('',#13196);
#14210 = STYLED_ITEM('color',(#14211),#7456);
#14211 = PRESENTATION_STYLE_ASSIGNMENT((#14212));
#14212 = SURFACE_STYLE_USAGE(.BOTH.,#14213);
#14213 = SURFACE_SIDE_STYLE('',(#14214));
#14214 = SURFACE_STYLE_FILL_AREA(#14215);
#14215 = FILL_AREA_STYLE('',(#14216));
#14216 = FILL_AREA_STYLE_COLOUR('',#13196);
#14217 = STYLED_ITEM('color',(#14218),#7489);
#14218 = PRESENTATION_STYLE_ASSIGNMENT((#14219));
#14219 = SURFACE_STYLE_USAGE(.BOTH.,#14220);
#14220 = SURFACE_SIDE_STYLE('',(#14221));
#14221 = SURFACE_STYLE_FILL_AREA(#14222);
#14222 = FILL_AREA_STYLE('',(#14223));
#14223 = FILL_AREA_STYLE_COLOUR('',#13196);
#14224 = STYLED_ITEM('color',(#14225),#7520);
#14225 = PRESENTATION_STYLE_ASSIGNMENT((#14226));
#14226 = SURFACE_STYLE_USAGE(.BOTH.,#14227);
#14227 = SURFACE_SIDE_STYLE('',(#14228));
#14228 = SURFACE_STYLE_FILL_AREA(#14229);
#14229 = FILL_AREA_STYLE('',(#14230));
#14230 = FILL_AREA_STYLE_COLOUR('',#13196);
#14231 = STYLED_ITEM('color',(#14232),#7544);
#14232 = PRESENTATION_STYLE_ASSIGNMENT((#14233));
#14233 = SURFACE_STYLE_USAGE(.BOTH.,#14234);
#14234 = SURFACE_SIDE_STYLE('',(#14235));
#14235 = SURFACE_STYLE_FILL_AREA(#14236);
#14236 = FILL_AREA_STYLE('',(#14237));
#14237 = FILL_AREA_STYLE_COLOUR('',#13196);
#14238 = STYLED_ITEM('color',(#14239),#7568);
#14239 = PRESENTATION_STYLE_ASSIGNMENT((#14240));
#14240 = SURFACE_STYLE_USAGE(.BOTH.,#14241);
#14241 = SURFACE_SIDE_STYLE('',(#14242));
#14242 = SURFACE_STYLE_FILL_AREA(#14243);
#14243 = FILL_AREA_STYLE('',(#14244));
#14244 = FILL_AREA_STYLE_COLOUR('',#13196);
#14245 = STYLED_ITEM('color',(#14246),#7592);
#14246 = PRESENTATION_STYLE_ASSIGNMENT((#14247));
#14247 = SURFACE_STYLE_USAGE(.BOTH.,#14248);
#14248 = SURFACE_SIDE_STYLE('',(#14249));
#14249 = SURFACE_STYLE_FILL_AREA(#14250);
#14250 = FILL_AREA_STYLE('',(#14251));
#14251 = FILL_AREA_STYLE_COLOUR('',#13196);
#14252 = STYLED_ITEM('color',(#14253),#7609);
#14253 = PRESENTATION_STYLE_ASSIGNMENT((#14254));
#14254 = SURFACE_STYLE_USAGE(.BOTH.,#14255);
#14255 = SURFACE_SIDE_STYLE('',(#14256));
#14256 = SURFACE_STYLE_FILL_AREA(#14257);
#14257 = FILL_AREA_STYLE('',(#14258));
#14258 = FILL_AREA_STYLE_COLOUR('',#13416);
#14259 = STYLED_ITEM('color',(#14260),#7632);
#14260 = PRESENTATION_STYLE_ASSIGNMENT((#14261));
#14261 = SURFACE_STYLE_USAGE(.BOTH.,#14262);
#14262 = SURFACE_SIDE_STYLE('',(#14263));
#14263 = SURFACE_STYLE_FILL_AREA(#14264);
#14264 = FILL_AREA_STYLE('',(#14265));
#14265 = FILL_AREA_STYLE_COLOUR('',#13196);
#14266 = STYLED_ITEM('color',(#14267),#7649);
#14267 = PRESENTATION_STYLE_ASSIGNMENT((#14268));
#14268 = SURFACE_STYLE_USAGE(.BOTH.,#14269);
#14269 = SURFACE_SIDE_STYLE('',(#14270));
#14270 = SURFACE_STYLE_FILL_AREA(#14271);
#14271 = FILL_AREA_STYLE('',(#14272));
#14272 = FILL_AREA_STYLE_COLOUR('',#13196);
#14273 = STYLED_ITEM('color',(#14274),#7666);
#14274 = PRESENTATION_STYLE_ASSIGNMENT((#14275));
#14275 = SURFACE_STYLE_USAGE(.BOTH.,#14276);
#14276 = SURFACE_SIDE_STYLE('',(#14277));
#14277 = SURFACE_STYLE_FILL_AREA(#14278);
#14278 = FILL_AREA_STYLE('',(#14279));
#14279 = FILL_AREA_STYLE_COLOUR('',#13196);
#14280 = STYLED_ITEM('color',(#14281),#7683);
#14281 = PRESENTATION_STYLE_ASSIGNMENT((#14282));
#14282 = SURFACE_STYLE_USAGE(.BOTH.,#14283);
#14283 = SURFACE_SIDE_STYLE('',(#14284));
#14284 = SURFACE_STYLE_FILL_AREA(#14285);
#14285 = FILL_AREA_STYLE('',(#14286));
#14286 = FILL_AREA_STYLE_COLOUR('',#13196);
#14287 = STYLED_ITEM('color',(#14288),#7700);
#14288 = PRESENTATION_STYLE_ASSIGNMENT((#14289));
#14289 = SURFACE_STYLE_USAGE(.BOTH.,#14290);
#14290 = SURFACE_SIDE_STYLE('',(#14291));
#14291 = SURFACE_STYLE_FILL_AREA(#14292);
#14292 = FILL_AREA_STYLE('',(#14293));
#14293 = FILL_AREA_STYLE_COLOUR('',#13196);
#14294 = STYLED_ITEM('color',(#14295),#7717);
#14295 = PRESENTATION_STYLE_ASSIGNMENT((#14296));
#14296 = SURFACE_STYLE_USAGE(.BOTH.,#14297);
#14297 = SURFACE_SIDE_STYLE('',(#14298));
#14298 = SURFACE_STYLE_FILL_AREA(#14299);
#14299 = FILL_AREA_STYLE('',(#14300));
#14300 = FILL_AREA_STYLE_COLOUR('',#13196);
#14301 = STYLED_ITEM('color',(#14302),#7734);
#14302 = PRESENTATION_STYLE_ASSIGNMENT((#14303));
#14303 = SURFACE_STYLE_USAGE(.BOTH.,#14304);
#14304 = SURFACE_SIDE_STYLE('',(#14305));
#14305 = SURFACE_STYLE_FILL_AREA(#14306);
#14306 = FILL_AREA_STYLE('',(#14307));
#14307 = FILL_AREA_STYLE_COLOUR('',#13196);
#14308 = STYLED_ITEM('color',(#14309),#7751);
#14309 = PRESENTATION_STYLE_ASSIGNMENT((#14310));
#14310 = SURFACE_STYLE_USAGE(.BOTH.,#14311);
#14311 = SURFACE_SIDE_STYLE('',(#14312));
#14312 = SURFACE_STYLE_FILL_AREA(#14313);
#14313 = FILL_AREA_STYLE('',(#14314));
#14314 = FILL_AREA_STYLE_COLOUR('',#13196);
#14315 = STYLED_ITEM('color',(#14316),#7768);
#14316 = PRESENTATION_STYLE_ASSIGNMENT((#14317));
#14317 = SURFACE_STYLE_USAGE(.BOTH.,#14318);
#14318 = SURFACE_SIDE_STYLE('',(#14319));
#14319 = SURFACE_STYLE_FILL_AREA(#14320);
#14320 = FILL_AREA_STYLE('',(#14321));
#14321 = FILL_AREA_STYLE_COLOUR('',#13196);
#14322 = STYLED_ITEM('color',(#14323),#7785);
#14323 = PRESENTATION_STYLE_ASSIGNMENT((#14324));
#14324 = SURFACE_STYLE_USAGE(.BOTH.,#14325);
#14325 = SURFACE_SIDE_STYLE('',(#14326));
#14326 = SURFACE_STYLE_FILL_AREA(#14327);
#14327 = FILL_AREA_STYLE('',(#14328));
#14328 = FILL_AREA_STYLE_COLOUR('',#13196);
#14329 = STYLED_ITEM('color',(#14330),#7802);
#14330 = PRESENTATION_STYLE_ASSIGNMENT((#14331));
#14331 = SURFACE_STYLE_USAGE(.BOTH.,#14332);
#14332 = SURFACE_SIDE_STYLE('',(#14333));
#14333 = SURFACE_STYLE_FILL_AREA(#14334);
#14334 = FILL_AREA_STYLE('',(#14335));
#14335 = FILL_AREA_STYLE_COLOUR('',#13196);
#14336 = STYLED_ITEM('color',(#14337),#7819);
#14337 = PRESENTATION_STYLE_ASSIGNMENT((#14338));
#14338 = SURFACE_STYLE_USAGE(.BOTH.,#14339);
#14339 = SURFACE_SIDE_STYLE('',(#14340));
#14340 = SURFACE_STYLE_FILL_AREA(#14341);
#14341 = FILL_AREA_STYLE('',(#14342));
#14342 = FILL_AREA_STYLE_COLOUR('',#13196);
#14343 = STYLED_ITEM('color',(#14344),#7836);
#14344 = PRESENTATION_STYLE_ASSIGNMENT((#14345));
#14345 = SURFACE_STYLE_USAGE(.BOTH.,#14346);
#14346 = SURFACE_SIDE_STYLE('',(#14347));
#14347 = SURFACE_STYLE_FILL_AREA(#14348);
#14348 = FILL_AREA_STYLE('',(#14349));
#14349 = FILL_AREA_STYLE_COLOUR('',#13196);
#14350 = STYLED_ITEM('color',(#14351),#7853);
#14351 = PRESENTATION_STYLE_ASSIGNMENT((#14352));
#14352 = SURFACE_STYLE_USAGE(.BOTH.,#14353);
#14353 = SURFACE_SIDE_STYLE('',(#14354));
#14354 = SURFACE_STYLE_FILL_AREA(#14355);
#14355 = FILL_AREA_STYLE('',(#14356));
#14356 = FILL_AREA_STYLE_COLOUR('',#13196);
#14357 = STYLED_ITEM('color',(#14358),#7870);
#14358 = PRESENTATION_STYLE_ASSIGNMENT((#14359));
#14359 = SURFACE_STYLE_USAGE(.BOTH.,#14360);
#14360 = SURFACE_SIDE_STYLE('',(#14361));
#14361 = SURFACE_STYLE_FILL_AREA(#14362);
#14362 = FILL_AREA_STYLE('',(#14363));
#14363 = FILL_AREA_STYLE_COLOUR('',#13196);
#14364 = STYLED_ITEM('color',(#14365),#7887);
#14365 = PRESENTATION_STYLE_ASSIGNMENT((#14366));
#14366 = SURFACE_STYLE_USAGE(.BOTH.,#14367);
#14367 = SURFACE_SIDE_STYLE('',(#14368));
#14368 = SURFACE_STYLE_FILL_AREA(#14369);
#14369 = FILL_AREA_STYLE('',(#14370));
#14370 = FILL_AREA_STYLE_COLOUR('',#13196);
#14371 = STYLED_ITEM('color',(#14372),#7899);
#14372 = PRESENTATION_STYLE_ASSIGNMENT((#14373));
#14373 = SURFACE_STYLE_USAGE(.BOTH.,#14374);
#14374 = SURFACE_SIDE_STYLE('',(#14375));
#14375 = SURFACE_STYLE_FILL_AREA(#14376);
#14376 = FILL_AREA_STYLE('',(#14377));
#14377 = FILL_AREA_STYLE_COLOUR('',#13196);
#14378 = STYLED_ITEM('color',(#14379),#7916);
#14379 = PRESENTATION_STYLE_ASSIGNMENT((#14380));
#14380 = SURFACE_STYLE_USAGE(.BOTH.,#14381);
#14381 = SURFACE_SIDE_STYLE('',(#14382));
#14382 = SURFACE_STYLE_FILL_AREA(#14383);
#14383 = FILL_AREA_STYLE('',(#14384));
#14384 = FILL_AREA_STYLE_COLOUR('',#13196);
#14385 = STYLED_ITEM('color',(#14386),#7928);
#14386 = PRESENTATION_STYLE_ASSIGNMENT((#14387));
#14387 = SURFACE_STYLE_USAGE(.BOTH.,#14388);
#14388 = SURFACE_SIDE_STYLE('',(#14389));
#14389 = SURFACE_STYLE_FILL_AREA(#14390);
#14390 = FILL_AREA_STYLE('',(#14391));
#14391 = FILL_AREA_STYLE_COLOUR('',#13196);
#14392 = STYLED_ITEM('color',(#14393),#7945);
#14393 = PRESENTATION_STYLE_ASSIGNMENT((#14394));
#14394 = SURFACE_STYLE_USAGE(.BOTH.,#14395);
#14395 = SURFACE_SIDE_STYLE('',(#14396));
#14396 = SURFACE_STYLE_FILL_AREA(#14397);
#14397 = FILL_AREA_STYLE('',(#14398));
#14398 = FILL_AREA_STYLE_COLOUR('',#13196);
#14399 = STYLED_ITEM('color',(#14400),#7957);
#14400 = PRESENTATION_STYLE_ASSIGNMENT((#14401));
#14401 = SURFACE_STYLE_USAGE(.BOTH.,#14402);
#14402 = SURFACE_SIDE_STYLE('',(#14403));
#14403 = SURFACE_STYLE_FILL_AREA(#14404);
#14404 = FILL_AREA_STYLE('',(#14405));
#14405 = FILL_AREA_STYLE_COLOUR('',#13196);
#14406 = STYLED_ITEM('color',(#14407),#7974);
#14407 = PRESENTATION_STYLE_ASSIGNMENT((#14408));
#14408 = SURFACE_STYLE_USAGE(.BOTH.,#14409);
#14409 = SURFACE_SIDE_STYLE('',(#14410));
#14410 = SURFACE_STYLE_FILL_AREA(#14411);
#14411 = FILL_AREA_STYLE('',(#14412));
#14412 = FILL_AREA_STYLE_COLOUR('',#13196);
#14413 = STYLED_ITEM('color',(#14414),#7986);
#14414 = PRESENTATION_STYLE_ASSIGNMENT((#14415));
#14415 = SURFACE_STYLE_USAGE(.BOTH.,#14416);
#14416 = SURFACE_SIDE_STYLE('',(#14417));
#14417 = SURFACE_STYLE_FILL_AREA(#14418);
#14418 = FILL_AREA_STYLE('',(#14419));
#14419 = FILL_AREA_STYLE_COLOUR('',#13196);
#14420 = STYLED_ITEM('color',(#14421),#8003);
#14421 = PRESENTATION_STYLE_ASSIGNMENT((#14422));
#14422 = SURFACE_STYLE_USAGE(.BOTH.,#14423);
#14423 = SURFACE_SIDE_STYLE('',(#14424));
#14424 = SURFACE_STYLE_FILL_AREA(#14425);
#14425 = FILL_AREA_STYLE('',(#14426));
#14426 = FILL_AREA_STYLE_COLOUR('',#13196);
#14427 = STYLED_ITEM('color',(#14428),#8015);
#14428 = PRESENTATION_STYLE_ASSIGNMENT((#14429));
#14429 = SURFACE_STYLE_USAGE(.BOTH.,#14430);
#14430 = SURFACE_SIDE_STYLE('',(#14431));
#14431 = SURFACE_STYLE_FILL_AREA(#14432);
#14432 = FILL_AREA_STYLE('',(#14433));
#14433 = FILL_AREA_STYLE_COLOUR('',#13196);
#14434 = STYLED_ITEM('color',(#14435),#8032);
#14435 = PRESENTATION_STYLE_ASSIGNMENT((#14436));
#14436 = SURFACE_STYLE_USAGE(.BOTH.,#14437);
#14437 = SURFACE_SIDE_STYLE('',(#14438));
#14438 = SURFACE_STYLE_FILL_AREA(#14439);
#14439 = FILL_AREA_STYLE('',(#14440));
#14440 = FILL_AREA_STYLE_COLOUR('',#13196);
#14441 = STYLED_ITEM('color',(#14442),#8044);
#14442 = PRESENTATION_STYLE_ASSIGNMENT((#14443));
#14443 = SURFACE_STYLE_USAGE(.BOTH.,#14444);
#14444 = SURFACE_SIDE_STYLE('',(#14445));
#14445 = SURFACE_STYLE_FILL_AREA(#14446);
#14446 = FILL_AREA_STYLE('',(#14447));
#14447 = FILL_AREA_STYLE_COLOUR('',#13196);
#14448 = STYLED_ITEM('color',(#14449),#8061);
#14449 = PRESENTATION_STYLE_ASSIGNMENT((#14450));
#14450 = SURFACE_STYLE_USAGE(.BOTH.,#14451);
#14451 = SURFACE_SIDE_STYLE('',(#14452));
#14452 = SURFACE_STYLE_FILL_AREA(#14453);
#14453 = FILL_AREA_STYLE('',(#14454));
#14454 = FILL_AREA_STYLE_COLOUR('',#13196);
#14455 = STYLED_ITEM('color',(#14456),#8073);
#14456 = PRESENTATION_STYLE_ASSIGNMENT((#14457));
#14457 = SURFACE_STYLE_USAGE(.BOTH.,#14458);
#14458 = SURFACE_SIDE_STYLE('',(#14459));
#14459 = SURFACE_STYLE_FILL_AREA(#14460);
#14460 = FILL_AREA_STYLE('',(#14461));
#14461 = FILL_AREA_STYLE_COLOUR('',#13196);
#14462 = STYLED_ITEM('color',(#14463),#8090);
#14463 = PRESENTATION_STYLE_ASSIGNMENT((#14464));
#14464 = SURFACE_STYLE_USAGE(.BOTH.,#14465);
#14465 = SURFACE_SIDE_STYLE('',(#14466));
#14466 = SURFACE_STYLE_FILL_AREA(#14467);
#14467 = FILL_AREA_STYLE('',(#14468));
#14468 = FILL_AREA_STYLE_COLOUR('',#13196);
#14469 = STYLED_ITEM('color',(#14470),#8102);
#14470 = PRESENTATION_STYLE_ASSIGNMENT((#14471));
#14471 = SURFACE_STYLE_USAGE(.BOTH.,#14472);
#14472 = SURFACE_SIDE_STYLE('',(#14473));
#14473 = SURFACE_STYLE_FILL_AREA(#14474);
#14474 = FILL_AREA_STYLE('',(#14475));
#14475 = FILL_AREA_STYLE_COLOUR('',#13196);
#14476 = STYLED_ITEM('color',(#14477),#8119);
#14477 = PRESENTATION_STYLE_ASSIGNMENT((#14478));
#14478 = SURFACE_STYLE_USAGE(.BOTH.,#14479);
#14479 = SURFACE_SIDE_STYLE('',(#14480));
#14480 = SURFACE_STYLE_FILL_AREA(#14481);
#14481 = FILL_AREA_STYLE('',(#14482));
#14482 = FILL_AREA_STYLE_COLOUR('',#13196);
#14483 = STYLED_ITEM('color',(#14484),#8131);
#14484 = PRESENTATION_STYLE_ASSIGNMENT((#14485));
#14485 = SURFACE_STYLE_USAGE(.BOTH.,#14486);
#14486 = SURFACE_SIDE_STYLE('',(#14487));
#14487 = SURFACE_STYLE_FILL_AREA(#14488);
#14488 = FILL_AREA_STYLE('',(#14489));
#14489 = FILL_AREA_STYLE_COLOUR('',#13196);
#14490 = STYLED_ITEM('color',(#14491),#8148);
#14491 = PRESENTATION_STYLE_ASSIGNMENT((#14492));
#14492 = SURFACE_STYLE_USAGE(.BOTH.,#14493);
#14493 = SURFACE_SIDE_STYLE('',(#14494));
#14494 = SURFACE_STYLE_FILL_AREA(#14495);
#14495 = FILL_AREA_STYLE('',(#14496));
#14496 = FILL_AREA_STYLE_COLOUR('',#13196);
#14497 = STYLED_ITEM('color',(#14498),#8160);
#14498 = PRESENTATION_STYLE_ASSIGNMENT((#14499));
#14499 = SURFACE_STYLE_USAGE(.BOTH.,#14500);
#14500 = SURFACE_SIDE_STYLE('',(#14501));
#14501 = SURFACE_STYLE_FILL_AREA(#14502);
#14502 = FILL_AREA_STYLE('',(#14503));
#14503 = FILL_AREA_STYLE_COLOUR('',#13196);
#14504 = STYLED_ITEM('color',(#14505),#8177);
#14505 = PRESENTATION_STYLE_ASSIGNMENT((#14506));
#14506 = SURFACE_STYLE_USAGE(.BOTH.,#14507);
#14507 = SURFACE_SIDE_STYLE('',(#14508));
#14508 = SURFACE_STYLE_FILL_AREA(#14509);
#14509 = FILL_AREA_STYLE('',(#14510));
#14510 = FILL_AREA_STYLE_COLOUR('',#13196);
#14511 = STYLED_ITEM('color',(#14512),#8194);
#14512 = PRESENTATION_STYLE_ASSIGNMENT((#14513));
#14513 = SURFACE_STYLE_USAGE(.BOTH.,#14514);
#14514 = SURFACE_SIDE_STYLE('',(#14515));
#14515 = SURFACE_STYLE_FILL_AREA(#14516);
#14516 = FILL_AREA_STYLE('',(#14517));
#14517 = FILL_AREA_STYLE_COLOUR('',#13196);
#14518 = STYLED_ITEM('color',(#14519),#8211);
#14519 = PRESENTATION_STYLE_ASSIGNMENT((#14520));
#14520 = SURFACE_STYLE_USAGE(.BOTH.,#14521);
#14521 = SURFACE_SIDE_STYLE('',(#14522));
#14522 = SURFACE_STYLE_FILL_AREA(#14523);
#14523 = FILL_AREA_STYLE('',(#14524));
#14524 = FILL_AREA_STYLE_COLOUR('',#13196);
#14525 = STYLED_ITEM('color',(#14526),#8228);
#14526 = PRESENTATION_STYLE_ASSIGNMENT((#14527));
#14527 = SURFACE_STYLE_USAGE(.BOTH.,#14528);
#14528 = SURFACE_SIDE_STYLE('',(#14529));
#14529 = SURFACE_STYLE_FILL_AREA(#14530);
#14530 = FILL_AREA_STYLE('',(#14531));
#14531 = FILL_AREA_STYLE_COLOUR('',#13196);
#14532 = STYLED_ITEM('color',(#14533),#8245);
#14533 = PRESENTATION_STYLE_ASSIGNMENT((#14534));
#14534 = SURFACE_STYLE_USAGE(.BOTH.,#14535);
#14535 = SURFACE_SIDE_STYLE('',(#14536));
#14536 = SURFACE_STYLE_FILL_AREA(#14537);
#14537 = FILL_AREA_STYLE('',(#14538));
#14538 = FILL_AREA_STYLE_COLOUR('',#13196);
#14539 = STYLED_ITEM('color',(#14540),#8262);
#14540 = PRESENTATION_STYLE_ASSIGNMENT((#14541));
#14541 = SURFACE_STYLE_USAGE(.BOTH.,#14542);
#14542 = SURFACE_SIDE_STYLE('',(#14543));
#14543 = SURFACE_STYLE_FILL_AREA(#14544);
#14544 = FILL_AREA_STYLE('',(#14545));
#14545 = FILL_AREA_STYLE_COLOUR('',#13196);
#14546 = STYLED_ITEM('color',(#14547),#8274);
#14547 = PRESENTATION_STYLE_ASSIGNMENT((#14548));
#14548 = SURFACE_STYLE_USAGE(.BOTH.,#14549);
#14549 = SURFACE_SIDE_STYLE('',(#14550));
#14550 = SURFACE_STYLE_FILL_AREA(#14551);
#14551 = FILL_AREA_STYLE('',(#14552));
#14552 = FILL_AREA_STYLE_COLOUR('',#13196);
#14553 = STYLED_ITEM('color',(#14554),#8291);
#14554 = PRESENTATION_STYLE_ASSIGNMENT((#14555));
#14555 = SURFACE_STYLE_USAGE(.BOTH.,#14556);
#14556 = SURFACE_SIDE_STYLE('',(#14557));
#14557 = SURFACE_STYLE_FILL_AREA(#14558);
#14558 = FILL_AREA_STYLE('',(#14559));
#14559 = FILL_AREA_STYLE_COLOUR('',#13196);
#14560 = STYLED_ITEM('color',(#14561),#8303);
#14561 = PRESENTATION_STYLE_ASSIGNMENT((#14562));
#14562 = SURFACE_STYLE_USAGE(.BOTH.,#14563);
#14563 = SURFACE_SIDE_STYLE('',(#14564));
#14564 = SURFACE_STYLE_FILL_AREA(#14565);
#14565 = FILL_AREA_STYLE('',(#14566));
#14566 = FILL_AREA_STYLE_COLOUR('',#13196);
#14567 = STYLED_ITEM('color',(#14568),#8320);
#14568 = PRESENTATION_STYLE_ASSIGNMENT((#14569));
#14569 = SURFACE_STYLE_USAGE(.BOTH.,#14570);
#14570 = SURFACE_SIDE_STYLE('',(#14571));
#14571 = SURFACE_STYLE_FILL_AREA(#14572);
#14572 = FILL_AREA_STYLE('',(#14573));
#14573 = FILL_AREA_STYLE_COLOUR('',#13196);
#14574 = STYLED_ITEM('color',(#14575),#8332);
#14575 = PRESENTATION_STYLE_ASSIGNMENT((#14576));
#14576 = SURFACE_STYLE_USAGE(.BOTH.,#14577);
#14577 = SURFACE_SIDE_STYLE('',(#14578));
#14578 = SURFACE_STYLE_FILL_AREA(#14579);
#14579 = FILL_AREA_STYLE('',(#14580));
#14580 = FILL_AREA_STYLE_COLOUR('',#13196);
#14581 = STYLED_ITEM('color',(#14582),#8349);
#14582 = PRESENTATION_STYLE_ASSIGNMENT((#14583));
#14583 = SURFACE_STYLE_USAGE(.BOTH.,#14584);
#14584 = SURFACE_SIDE_STYLE('',(#14585));
#14585 = SURFACE_STYLE_FILL_AREA(#14586);
#14586 = FILL_AREA_STYLE('',(#14587));
#14587 = FILL_AREA_STYLE_COLOUR('',#13196);
#14588 = STYLED_ITEM('color',(#14589),#8361);
#14589 = PRESENTATION_STYLE_ASSIGNMENT((#14590));
#14590 = SURFACE_STYLE_USAGE(.BOTH.,#14591);
#14591 = SURFACE_SIDE_STYLE('',(#14592));
#14592 = SURFACE_STYLE_FILL_AREA(#14593);
#14593 = FILL_AREA_STYLE('',(#14594));
#14594 = FILL_AREA_STYLE_COLOUR('',#13196);
#14595 = STYLED_ITEM('color',(#14596),#8378);
#14596 = PRESENTATION_STYLE_ASSIGNMENT((#14597));
#14597 = SURFACE_STYLE_USAGE(.BOTH.,#14598);
#14598 = SURFACE_SIDE_STYLE('',(#14599));
#14599 = SURFACE_STYLE_FILL_AREA(#14600);
#14600 = FILL_AREA_STYLE('',(#14601));
#14601 = FILL_AREA_STYLE_COLOUR('',#13196);
#14602 = STYLED_ITEM('color',(#14603),#8390);
#14603 = PRESENTATION_STYLE_ASSIGNMENT((#14604));
#14604 = SURFACE_STYLE_USAGE(.BOTH.,#14605);
#14605 = SURFACE_SIDE_STYLE('',(#14606));
#14606 = SURFACE_STYLE_FILL_AREA(#14607);
#14607 = FILL_AREA_STYLE('',(#14608));
#14608 = FILL_AREA_STYLE_COLOUR('',#13196);
#14609 = STYLED_ITEM('color',(#14610),#8407);
#14610 = PRESENTATION_STYLE_ASSIGNMENT((#14611));
#14611 = SURFACE_STYLE_USAGE(.BOTH.,#14612);
#14612 = SURFACE_SIDE_STYLE('',(#14613));
#14613 = SURFACE_STYLE_FILL_AREA(#14614);
#14614 = FILL_AREA_STYLE('',(#14615));
#14615 = FILL_AREA_STYLE_COLOUR('',#13196);
#14616 = STYLED_ITEM('color',(#14617),#8419);
#14617 = PRESENTATION_STYLE_ASSIGNMENT((#14618));
#14618 = SURFACE_STYLE_USAGE(.BOTH.,#14619);
#14619 = SURFACE_SIDE_STYLE('',(#14620));
#14620 = SURFACE_STYLE_FILL_AREA(#14621);
#14621 = FILL_AREA_STYLE('',(#14622));
#14622 = FILL_AREA_STYLE_COLOUR('',#13196);
#14623 = STYLED_ITEM('color',(#14624),#8436);
#14624 = PRESENTATION_STYLE_ASSIGNMENT((#14625));
#14625 = SURFACE_STYLE_USAGE(.BOTH.,#14626);
#14626 = SURFACE_SIDE_STYLE('',(#14627));
#14627 = SURFACE_STYLE_FILL_AREA(#14628);
#14628 = FILL_AREA_STYLE('',(#14629));
#14629 = FILL_AREA_STYLE_COLOUR('',#13196);
#14630 = STYLED_ITEM('color',(#14631),#8448);
#14631 = PRESENTATION_STYLE_ASSIGNMENT((#14632));
#14632 = SURFACE_STYLE_USAGE(.BOTH.,#14633);
#14633 = SURFACE_SIDE_STYLE('',(#14634));
#14634 = SURFACE_STYLE_FILL_AREA(#14635);
#14635 = FILL_AREA_STYLE('',(#14636));
#14636 = FILL_AREA_STYLE_COLOUR('',#13196);
#14637 = STYLED_ITEM('color',(#14638),#8465);
#14638 = PRESENTATION_STYLE_ASSIGNMENT((#14639));
#14639 = SURFACE_STYLE_USAGE(.BOTH.,#14640);
#14640 = SURFACE_SIDE_STYLE('',(#14641));
#14641 = SURFACE_STYLE_FILL_AREA(#14642);
#14642 = FILL_AREA_STYLE('',(#14643));
#14643 = FILL_AREA_STYLE_COLOUR('',#13196);
#14644 = STYLED_ITEM('color',(#14645),#8477);
#14645 = PRESENTATION_STYLE_ASSIGNMENT((#14646));
#14646 = SURFACE_STYLE_USAGE(.BOTH.,#14647);
#14647 = SURFACE_SIDE_STYLE('',(#14648));
#14648 = SURFACE_STYLE_FILL_AREA(#14649);
#14649 = FILL_AREA_STYLE('',(#14650));
#14650 = FILL_AREA_STYLE_COLOUR('',#13196);
#14651 = STYLED_ITEM('color',(#14652),#8494);
#14652 = PRESENTATION_STYLE_ASSIGNMENT((#14653));
#14653 = SURFACE_STYLE_USAGE(.BOTH.,#14654);
#14654 = SURFACE_SIDE_STYLE('',(#14655));
#14655 = SURFACE_STYLE_FILL_AREA(#14656);
#14656 = FILL_AREA_STYLE('',(#14657));
#14657 = FILL_AREA_STYLE_COLOUR('',#13196);
#14658 = STYLED_ITEM('color',(#14659),#8506);
#14659 = PRESENTATION_STYLE_ASSIGNMENT((#14660));
#14660 = SURFACE_STYLE_USAGE(.BOTH.,#14661);
#14661 = SURFACE_SIDE_STYLE('',(#14662));
#14662 = SURFACE_STYLE_FILL_AREA(#14663);
#14663 = FILL_AREA_STYLE('',(#14664));
#14664 = FILL_AREA_STYLE_COLOUR('',#13196);
#14665 = STYLED_ITEM('color',(#14666),#8519);
#14666 = PRESENTATION_STYLE_ASSIGNMENT((#14667));
#14667 = SURFACE_STYLE_USAGE(.BOTH.,#14668);
#14668 = SURFACE_SIDE_STYLE('',(#14669));
#14669 = SURFACE_STYLE_FILL_AREA(#14670);
#14670 = FILL_AREA_STYLE('',(#14671));
#14671 = FILL_AREA_STYLE_COLOUR('',#13732);
#14672 = STYLED_ITEM('color',(#14673),#8544);
#14673 = PRESENTATION_STYLE_ASSIGNMENT((#14674));
#14674 = SURFACE_STYLE_USAGE(.BOTH.,#14675);
#14675 = SURFACE_SIDE_STYLE('',(#14676));
#14676 = SURFACE_STYLE_FILL_AREA(#14677);
#14677 = FILL_AREA_STYLE('',(#14678));
#14678 = FILL_AREA_STYLE_COLOUR('',#13732);
#14679 = MECHANICAL_DESIGN_GEOMETRIC_PRESENTATION_REPRESENTATION('',(
    #14680),#13177);
#14680 = STYLED_ITEM('color',(#14681),#12562);
#14681 = PRESENTATION_STYLE_ASSIGNMENT((#14682));
#14682 = SURFACE_STYLE_USAGE(.BOTH.,#14683);
#14683 = SURFACE_SIDE_STYLE('',(#14684));
#14684 = SURFACE_STYLE_FILL_AREA(#14685);
#14685 = FILL_AREA_STYLE('',(#14686));
#14686 = FILL_AREA_STYLE_COLOUR('',#14687);
#14687 = COLOUR_RGB('',0.313304153717,0.484529207832,0.410020903123);
#14688 = MECHANICAL_DESIGN_GEOMETRIC_PRESENTATION_REPRESENTATION('',(
    #14689,#14696,#14703,#14710,#14717,#14724,#14731,#14738,#14745,
    #14752,#14759,#14766,#14773,#14780,#14787,#14794,#14801,#14808,
    #14815,#14822,#14829,#14836,#14843,#14850,#14857,#14864,#14871,
    #14878,#14885,#14892,#14899,#14906,#14913,#14920,#14927,#14934,
    #14941,#14948,#14955,#14962,#14969,#14976,#14983,#14990,#14997,
    #15004,#15011,#15018,#15025,#15032,#15039,#15046,#15053,#15060,
    #15067,#15074,#15081,#15088,#15095,#15102,#15109,#15116,#15123,
    #15130,#15137,#15144,#15151,#15158),#12518);
#14689 = STYLED_ITEM('color',(#14690),#10325);
#14690 = PRESENTATION_STYLE_ASSIGNMENT((#14691));
#14691 = SURFACE_STYLE_USAGE(.BOTH.,#14692);
#14692 = SURFACE_SIDE_STYLE('',(#14693));
#14693 = SURFACE_STYLE_FILL_AREA(#14694);
#14694 = FILL_AREA_STYLE('',(#14695));
#14695 = FILL_AREA_STYLE_COLOUR('',#13196);
#14696 = STYLED_ITEM('color',(#14697),#10366);
#14697 = PRESENTATION_STYLE_ASSIGNMENT((#14698));
#14698 = SURFACE_STYLE_USAGE(.BOTH.,#14699);
#14699 = SURFACE_SIDE_STYLE('',(#14700));
#14700 = SURFACE_STYLE_FILL_AREA(#14701);
#14701 = FILL_AREA_STYLE('',(#14702));
#14702 = FILL_AREA_STYLE_COLOUR('',#13196);
#14703 = STYLED_ITEM('color',(#14704),#10413);
#14704 = PRESENTATION_STYLE_ASSIGNMENT((#14705));
#14705 = SURFACE_STYLE_USAGE(.BOTH.,#14706);
#14706 = SURFACE_SIDE_STYLE('',(#14707));
#14707 = SURFACE_STYLE_FILL_AREA(#14708);
#14708 = FILL_AREA_STYLE('',(#14709));
#14709 = FILL_AREA_STYLE_COLOUR('',#13196);
#14710 = STYLED_ITEM('color',(#14711),#10438);
#14711 = PRESENTATION_STYLE_ASSIGNMENT((#14712));
#14712 = SURFACE_STYLE_USAGE(.BOTH.,#14713);
#14713 = SURFACE_SIDE_STYLE('',(#14714));
#14714 = SURFACE_STYLE_FILL_AREA(#14715);
#14715 = FILL_AREA_STYLE('',(#14716));
#14716 = FILL_AREA_STYLE_COLOUR('',#13196);
#14717 = STYLED_ITEM('color',(#14718),#10478);
#14718 = PRESENTATION_STYLE_ASSIGNMENT((#14719));
#14719 = SURFACE_STYLE_USAGE(.BOTH.,#14720);
#14720 = SURFACE_SIDE_STYLE('',(#14721));
#14721 = SURFACE_STYLE_FILL_AREA(#14722);
#14722 = FILL_AREA_STYLE('',(#14723));
#14723 = FILL_AREA_STYLE_COLOUR('',#13196);
#14724 = STYLED_ITEM('color',(#14725),#10495);
#14725 = PRESENTATION_STYLE_ASSIGNMENT((#14726));
#14726 = SURFACE_STYLE_USAGE(.BOTH.,#14727);
#14727 = SURFACE_SIDE_STYLE('',(#14728));
#14728 = SURFACE_STYLE_FILL_AREA(#14729);
#14729 = FILL_AREA_STYLE('',(#14730));
#14730 = FILL_AREA_STYLE_COLOUR('',#13416);
#14731 = STYLED_ITEM('color',(#14732),#10841);
#14732 = PRESENTATION_STYLE_ASSIGNMENT((#14733));
#14733 = SURFACE_STYLE_USAGE(.BOTH.,#14734);
#14734 = SURFACE_SIDE_STYLE('',(#14735));
#14735 = SURFACE_STYLE_FILL_AREA(#14736);
#14736 = FILL_AREA_STYLE('',(#14737));
#14737 = FILL_AREA_STYLE_COLOUR('',#13416);
#14738 = STYLED_ITEM('color',(#14739),#10973);
#14739 = PRESENTATION_STYLE_ASSIGNMENT((#14740));
#14740 = SURFACE_STYLE_USAGE(.BOTH.,#14741);
#14741 = SURFACE_SIDE_STYLE('',(#14742));
#14742 = SURFACE_STYLE_FILL_AREA(#14743);
#14743 = FILL_AREA_STYLE('',(#14744));
#14744 = FILL_AREA_STYLE_COLOUR('',#13196);
#14745 = STYLED_ITEM('color',(#14746),#10985);
#14746 = PRESENTATION_STYLE_ASSIGNMENT((#14747));
#14747 = SURFACE_STYLE_USAGE(.BOTH.,#14748);
#14748 = SURFACE_SIDE_STYLE('',(#14749));
#14749 = SURFACE_STYLE_FILL_AREA(#14750);
#14750 = FILL_AREA_STYLE('',(#14751));
#14751 = FILL_AREA_STYLE_COLOUR('',#13416);
#14752 = STYLED_ITEM('color',(#14753),#11009);
#14753 = PRESENTATION_STYLE_ASSIGNMENT((#14754));
#14754 = SURFACE_STYLE_USAGE(.BOTH.,#14755);
#14755 = SURFACE_SIDE_STYLE('',(#14756));
#14756 = SURFACE_STYLE_FILL_AREA(#14757);
#14757 = FILL_AREA_STYLE('',(#14758));
#14758 = FILL_AREA_STYLE_COLOUR('',#13416);
#14759 = STYLED_ITEM('color',(#14760),#11148);
#14760 = PRESENTATION_STYLE_ASSIGNMENT((#14761));
#14761 = SURFACE_STYLE_USAGE(.BOTH.,#14762);
#14762 = SURFACE_SIDE_STYLE('',(#14763));
#14763 = SURFACE_STYLE_FILL_AREA(#14764);
#14764 = FILL_AREA_STYLE('',(#14765));
#14765 = FILL_AREA_STYLE_COLOUR('',#13196);
#14766 = STYLED_ITEM('color',(#14767),#11188);
#14767 = PRESENTATION_STYLE_ASSIGNMENT((#14768));
#14768 = SURFACE_STYLE_USAGE(.BOTH.,#14769);
#14769 = SURFACE_SIDE_STYLE('',(#14770));
#14770 = SURFACE_STYLE_FILL_AREA(#14771);
#14771 = FILL_AREA_STYLE('',(#14772));
#14772 = FILL_AREA_STYLE_COLOUR('',#13196);
#14773 = STYLED_ITEM('color',(#14774),#11213);
#14774 = PRESENTATION_STYLE_ASSIGNMENT((#14775));
#14775 = SURFACE_STYLE_USAGE(.BOTH.,#14776);
#14776 = SURFACE_SIDE_STYLE('',(#14777));
#14777 = SURFACE_STYLE_FILL_AREA(#14778);
#14778 = FILL_AREA_STYLE('',(#14779));
#14779 = FILL_AREA_STYLE_COLOUR('',#13196);
#14780 = STYLED_ITEM('color',(#14781),#11246);
#14781 = PRESENTATION_STYLE_ASSIGNMENT((#14782));
#14782 = SURFACE_STYLE_USAGE(.BOTH.,#14783);
#14783 = SURFACE_SIDE_STYLE('',(#14784));
#14784 = SURFACE_STYLE_FILL_AREA(#14785);
#14785 = FILL_AREA_STYLE('',(#14786));
#14786 = FILL_AREA_STYLE_COLOUR('',#13196);
#14787 = STYLED_ITEM('color',(#14788),#11286);
#14788 = PRESENTATION_STYLE_ASSIGNMENT((#14789));
#14789 = SURFACE_STYLE_USAGE(.BOTH.,#14790);
#14790 = SURFACE_SIDE_STYLE('',(#14791));
#14791 = SURFACE_STYLE_FILL_AREA(#14792);
#14792 = FILL_AREA_STYLE('',(#14793));
#14793 = FILL_AREA_STYLE_COLOUR('',#13196);
#14794 = STYLED_ITEM('color',(#14795),#11311);
#14795 = PRESENTATION_STYLE_ASSIGNMENT((#14796));
#14796 = SURFACE_STYLE_USAGE(.BOTH.,#14797);
#14797 = SURFACE_SIDE_STYLE('',(#14798));
#14798 = SURFACE_STYLE_FILL_AREA(#14799);
#14799 = FILL_AREA_STYLE('',(#14800));
#14800 = FILL_AREA_STYLE_COLOUR('',#13196);
#14801 = STYLED_ITEM('color',(#14802),#11351);
#14802 = PRESENTATION_STYLE_ASSIGNMENT((#14803));
#14803 = SURFACE_STYLE_USAGE(.BOTH.,#14804);
#14804 = SURFACE_SIDE_STYLE('',(#14805));
#14805 = SURFACE_STYLE_FILL_AREA(#14806);
#14806 = FILL_AREA_STYLE('',(#14807));
#14807 = FILL_AREA_STYLE_COLOUR('',#13196);
#14808 = STYLED_ITEM('color',(#14809),#11384);
#14809 = PRESENTATION_STYLE_ASSIGNMENT((#14810));
#14810 = SURFACE_STYLE_USAGE(.BOTH.,#14811);
#14811 = SURFACE_SIDE_STYLE('',(#14812));
#14812 = SURFACE_STYLE_FILL_AREA(#14813);
#14813 = FILL_AREA_STYLE('',(#14814));
#14814 = FILL_AREA_STYLE_COLOUR('',#13196);
#14815 = STYLED_ITEM('color',(#14816),#11409);
#14816 = PRESENTATION_STYLE_ASSIGNMENT((#14817));
#14817 = SURFACE_STYLE_USAGE(.BOTH.,#14818);
#14818 = SURFACE_SIDE_STYLE('',(#14819));
#14819 = SURFACE_STYLE_FILL_AREA(#14820);
#14820 = FILL_AREA_STYLE('',(#14821));
#14821 = FILL_AREA_STYLE_COLOUR('',#13196);
#14822 = STYLED_ITEM('color',(#14823),#11442);
#14823 = PRESENTATION_STYLE_ASSIGNMENT((#14824));
#14824 = SURFACE_STYLE_USAGE(.BOTH.,#14825);
#14825 = SURFACE_SIDE_STYLE('',(#14826));
#14826 = SURFACE_STYLE_FILL_AREA(#14827);
#14827 = FILL_AREA_STYLE('',(#14828));
#14828 = FILL_AREA_STYLE_COLOUR('',#13196);
#14829 = STYLED_ITEM('color',(#14830),#11482);
#14830 = PRESENTATION_STYLE_ASSIGNMENT((#14831));
#14831 = SURFACE_STYLE_USAGE(.BOTH.,#14832);
#14832 = SURFACE_SIDE_STYLE('',(#14833));
#14833 = SURFACE_STYLE_FILL_AREA(#14834);
#14834 = FILL_AREA_STYLE('',(#14835));
#14835 = FILL_AREA_STYLE_COLOUR('',#13196);
#14836 = STYLED_ITEM('color',(#14837),#11507);
#14837 = PRESENTATION_STYLE_ASSIGNMENT((#14838));
#14838 = SURFACE_STYLE_USAGE(.BOTH.,#14839);
#14839 = SURFACE_SIDE_STYLE('',(#14840));
#14840 = SURFACE_STYLE_FILL_AREA(#14841);
#14841 = FILL_AREA_STYLE('',(#14842));
#14842 = FILL_AREA_STYLE_COLOUR('',#13196);
#14843 = STYLED_ITEM('color',(#14844),#11547);
#14844 = PRESENTATION_STYLE_ASSIGNMENT((#14845));
#14845 = SURFACE_STYLE_USAGE(.BOTH.,#14846);
#14846 = SURFACE_SIDE_STYLE('',(#14847));
#14847 = SURFACE_STYLE_FILL_AREA(#14848);
#14848 = FILL_AREA_STYLE('',(#14849));
#14849 = FILL_AREA_STYLE_COLOUR('',#13196);
#14850 = STYLED_ITEM('color',(#14851),#11580);
#14851 = PRESENTATION_STYLE_ASSIGNMENT((#14852));
#14852 = SURFACE_STYLE_USAGE(.BOTH.,#14853);
#14853 = SURFACE_SIDE_STYLE('',(#14854));
#14854 = SURFACE_STYLE_FILL_AREA(#14855);
#14855 = FILL_AREA_STYLE('',(#14856));
#14856 = FILL_AREA_STYLE_COLOUR('',#13196);
#14857 = STYLED_ITEM('color',(#14858),#11605);
#14858 = PRESENTATION_STYLE_ASSIGNMENT((#14859));
#14859 = SURFACE_STYLE_USAGE(.BOTH.,#14860);
#14860 = SURFACE_SIDE_STYLE('',(#14861));
#14861 = SURFACE_STYLE_FILL_AREA(#14862);
#14862 = FILL_AREA_STYLE('',(#14863));
#14863 = FILL_AREA_STYLE_COLOUR('',#13196);
#14864 = STYLED_ITEM('color',(#14865),#11638);
#14865 = PRESENTATION_STYLE_ASSIGNMENT((#14866));
#14866 = SURFACE_STYLE_USAGE(.BOTH.,#14867);
#14867 = SURFACE_SIDE_STYLE('',(#14868));
#14868 = SURFACE_STYLE_FILL_AREA(#14869);
#14869 = FILL_AREA_STYLE('',(#14870));
#14870 = FILL_AREA_STYLE_COLOUR('',#13196);
#14871 = STYLED_ITEM('color',(#14872),#11678);
#14872 = PRESENTATION_STYLE_ASSIGNMENT((#14873));
#14873 = SURFACE_STYLE_USAGE(.BOTH.,#14874);
#14874 = SURFACE_SIDE_STYLE('',(#14875));
#14875 = SURFACE_STYLE_FILL_AREA(#14876);
#14876 = FILL_AREA_STYLE('',(#14877));
#14877 = FILL_AREA_STYLE_COLOUR('',#13196);
#14878 = STYLED_ITEM('color',(#14879),#11703);
#14879 = PRESENTATION_STYLE_ASSIGNMENT((#14880));
#14880 = SURFACE_STYLE_USAGE(.BOTH.,#14881);
#14881 = SURFACE_SIDE_STYLE('',(#14882));
#14882 = SURFACE_STYLE_FILL_AREA(#14883);
#14883 = FILL_AREA_STYLE('',(#14884));
#14884 = FILL_AREA_STYLE_COLOUR('',#13196);
#14885 = STYLED_ITEM('color',(#14886),#11743);
#14886 = PRESENTATION_STYLE_ASSIGNMENT((#14887));
#14887 = SURFACE_STYLE_USAGE(.BOTH.,#14888);
#14888 = SURFACE_SIDE_STYLE('',(#14889));
#14889 = SURFACE_STYLE_FILL_AREA(#14890);
#14890 = FILL_AREA_STYLE('',(#14891));
#14891 = FILL_AREA_STYLE_COLOUR('',#13196);
#14892 = STYLED_ITEM('color',(#14893),#11776);
#14893 = PRESENTATION_STYLE_ASSIGNMENT((#14894));
#14894 = SURFACE_STYLE_USAGE(.BOTH.,#14895);
#14895 = SURFACE_SIDE_STYLE('',(#14896));
#14896 = SURFACE_STYLE_FILL_AREA(#14897);
#14897 = FILL_AREA_STYLE('',(#14898));
#14898 = FILL_AREA_STYLE_COLOUR('',#13196);
#14899 = STYLED_ITEM('color',(#14900),#11801);
#14900 = PRESENTATION_STYLE_ASSIGNMENT((#14901));
#14901 = SURFACE_STYLE_USAGE(.BOTH.,#14902);
#14902 = SURFACE_SIDE_STYLE('',(#14903));
#14903 = SURFACE_STYLE_FILL_AREA(#14904);
#14904 = FILL_AREA_STYLE('',(#14905));
#14905 = FILL_AREA_STYLE_COLOUR('',#13196);
#14906 = STYLED_ITEM('color',(#14907),#11834);
#14907 = PRESENTATION_STYLE_ASSIGNMENT((#14908));
#14908 = SURFACE_STYLE_USAGE(.BOTH.,#14909);
#14909 = SURFACE_SIDE_STYLE('',(#14910));
#14910 = SURFACE_STYLE_FILL_AREA(#14911);
#14911 = FILL_AREA_STYLE('',(#14912));
#14912 = FILL_AREA_STYLE_COLOUR('',#13196);
#14913 = STYLED_ITEM('color',(#14914),#11874);
#14914 = PRESENTATION_STYLE_ASSIGNMENT((#14915));
#14915 = SURFACE_STYLE_USAGE(.BOTH.,#14916);
#14916 = SURFACE_SIDE_STYLE('',(#14917));
#14917 = SURFACE_STYLE_FILL_AREA(#14918);
#14918 = FILL_AREA_STYLE('',(#14919));
#14919 = FILL_AREA_STYLE_COLOUR('',#13196);
#14920 = STYLED_ITEM('color',(#14921),#11899);
#14921 = PRESENTATION_STYLE_ASSIGNMENT((#14922));
#14922 = SURFACE_STYLE_USAGE(.BOTH.,#14923);
#14923 = SURFACE_SIDE_STYLE('',(#14924));
#14924 = SURFACE_STYLE_FILL_AREA(#14925);
#14925 = FILL_AREA_STYLE('',(#14926));
#14926 = FILL_AREA_STYLE_COLOUR('',#13196);
#14927 = STYLED_ITEM('color',(#14928),#11939);
#14928 = PRESENTATION_STYLE_ASSIGNMENT((#14929));
#14929 = SURFACE_STYLE_USAGE(.BOTH.,#14930);
#14930 = SURFACE_SIDE_STYLE('',(#14931));
#14931 = SURFACE_STYLE_FILL_AREA(#14932);
#14932 = FILL_AREA_STYLE('',(#14933));
#14933 = FILL_AREA_STYLE_COLOUR('',#13196);
#14934 = STYLED_ITEM('color',(#14935),#11972);
#14935 = PRESENTATION_STYLE_ASSIGNMENT((#14936));
#14936 = SURFACE_STYLE_USAGE(.BOTH.,#14937);
#14937 = SURFACE_SIDE_STYLE('',(#14938));
#14938 = SURFACE_STYLE_FILL_AREA(#14939);
#14939 = FILL_AREA_STYLE('',(#14940));
#14940 = FILL_AREA_STYLE_COLOUR('',#13196);
#14941 = STYLED_ITEM('color',(#14942),#11997);
#14942 = PRESENTATION_STYLE_ASSIGNMENT((#14943));
#14943 = SURFACE_STYLE_USAGE(.BOTH.,#14944);
#14944 = SURFACE_SIDE_STYLE('',(#14945));
#14945 = SURFACE_STYLE_FILL_AREA(#14946);
#14946 = FILL_AREA_STYLE('',(#14947));
#14947 = FILL_AREA_STYLE_COLOUR('',#13196);
#14948 = STYLED_ITEM('color',(#14949),#12030);
#14949 = PRESENTATION_STYLE_ASSIGNMENT((#14950));
#14950 = SURFACE_STYLE_USAGE(.BOTH.,#14951);
#14951 = SURFACE_SIDE_STYLE('',(#14952));
#14952 = SURFACE_STYLE_FILL_AREA(#14953);
#14953 = FILL_AREA_STYLE('',(#14954));
#14954 = FILL_AREA_STYLE_COLOUR('',#13416);
#14955 = STYLED_ITEM('color',(#14956),#12047);
#14956 = PRESENTATION_STYLE_ASSIGNMENT((#14957));
#14957 = SURFACE_STYLE_USAGE(.BOTH.,#14958);
#14958 = SURFACE_SIDE_STYLE('',(#14959));
#14959 = SURFACE_STYLE_FILL_AREA(#14960);
#14960 = FILL_AREA_STYLE('',(#14961));
#14961 = FILL_AREA_STYLE_COLOUR('',#13416);
#14962 = STYLED_ITEM('color',(#14963),#12070);
#14963 = PRESENTATION_STYLE_ASSIGNMENT((#14964));
#14964 = SURFACE_STYLE_USAGE(.BOTH.,#14965);
#14965 = SURFACE_SIDE_STYLE('',(#14966));
#14966 = SURFACE_STYLE_FILL_AREA(#14967);
#14967 = FILL_AREA_STYLE('',(#14968));
#14968 = FILL_AREA_STYLE_COLOUR('',#13196);
#14969 = STYLED_ITEM('color',(#14970),#12087);
#14970 = PRESENTATION_STYLE_ASSIGNMENT((#14971));
#14971 = SURFACE_STYLE_USAGE(.BOTH.,#14972);
#14972 = SURFACE_SIDE_STYLE('',(#14973));
#14973 = SURFACE_STYLE_FILL_AREA(#14974);
#14974 = FILL_AREA_STYLE('',(#14975));
#14975 = FILL_AREA_STYLE_COLOUR('',#13196);
#14976 = STYLED_ITEM('color',(#14977),#12104);
#14977 = PRESENTATION_STYLE_ASSIGNMENT((#14978));
#14978 = SURFACE_STYLE_USAGE(.BOTH.,#14979);
#14979 = SURFACE_SIDE_STYLE('',(#14980));
#14980 = SURFACE_STYLE_FILL_AREA(#14981);
#14981 = FILL_AREA_STYLE('',(#14982));
#14982 = FILL_AREA_STYLE_COLOUR('',#13196);
#14983 = STYLED_ITEM('color',(#14984),#12121);
#14984 = PRESENTATION_STYLE_ASSIGNMENT((#14985));
#14985 = SURFACE_STYLE_USAGE(.BOTH.,#14986);
#14986 = SURFACE_SIDE_STYLE('',(#14987));
#14987 = SURFACE_STYLE_FILL_AREA(#14988);
#14988 = FILL_AREA_STYLE('',(#14989));
#14989 = FILL_AREA_STYLE_COLOUR('',#13196);
#14990 = STYLED_ITEM('color',(#14991),#12138);
#14991 = PRESENTATION_STYLE_ASSIGNMENT((#14992));
#14992 = SURFACE_STYLE_USAGE(.BOTH.,#14993);
#14993 = SURFACE_SIDE_STYLE('',(#14994));
#14994 = SURFACE_STYLE_FILL_AREA(#14995);
#14995 = FILL_AREA_STYLE('',(#14996));
#14996 = FILL_AREA_STYLE_COLOUR('',#13196);
#14997 = STYLED_ITEM('color',(#14998),#12155);
#14998 = PRESENTATION_STYLE_ASSIGNMENT((#14999));
#14999 = SURFACE_STYLE_USAGE(.BOTH.,#15000);
#15000 = SURFACE_SIDE_STYLE('',(#15001));
#15001 = SURFACE_STYLE_FILL_AREA(#15002);
#15002 = FILL_AREA_STYLE('',(#15003));
#15003 = FILL_AREA_STYLE_COLOUR('',#13196);
#15004 = STYLED_ITEM('color',(#15005),#12172);
#15005 = PRESENTATION_STYLE_ASSIGNMENT((#15006));
#15006 = SURFACE_STYLE_USAGE(.BOTH.,#15007);
#15007 = SURFACE_SIDE_STYLE('',(#15008));
#15008 = SURFACE_STYLE_FILL_AREA(#15009);
#15009 = FILL_AREA_STYLE('',(#15010));
#15010 = FILL_AREA_STYLE_COLOUR('',#13196);
#15011 = STYLED_ITEM('color',(#15012),#12189);
#15012 = PRESENTATION_STYLE_ASSIGNMENT((#15013));
#15013 = SURFACE_STYLE_USAGE(.BOTH.,#15014);
#15014 = SURFACE_SIDE_STYLE('',(#15015));
#15015 = SURFACE_STYLE_FILL_AREA(#15016);
#15016 = FILL_AREA_STYLE('',(#15017));
#15017 = FILL_AREA_STYLE_COLOUR('',#13196);
#15018 = STYLED_ITEM('color',(#15019),#12206);
#15019 = PRESENTATION_STYLE_ASSIGNMENT((#15020));
#15020 = SURFACE_STYLE_USAGE(.BOTH.,#15021);
#15021 = SURFACE_SIDE_STYLE('',(#15022));
#15022 = SURFACE_STYLE_FILL_AREA(#15023);
#15023 = FILL_AREA_STYLE('',(#15024));
#15024 = FILL_AREA_STYLE_COLOUR('',#13196);
#15025 = STYLED_ITEM('color',(#15026),#12223);
#15026 = PRESENTATION_STYLE_ASSIGNMENT((#15027));
#15027 = SURFACE_STYLE_USAGE(.BOTH.,#15028);
#15028 = SURFACE_SIDE_STYLE('',(#15029));
#15029 = SURFACE_STYLE_FILL_AREA(#15030);
#15030 = FILL_AREA_STYLE('',(#15031));
#15031 = FILL_AREA_STYLE_COLOUR('',#13196);
#15032 = STYLED_ITEM('color',(#15033),#12240);
#15033 = PRESENTATION_STYLE_ASSIGNMENT((#15034));
#15034 = SURFACE_STYLE_USAGE(.BOTH.,#15035);
#15035 = SURFACE_SIDE_STYLE('',(#15036));
#15036 = SURFACE_STYLE_FILL_AREA(#15037);
#15037 = FILL_AREA_STYLE('',(#15038));
#15038 = FILL_AREA_STYLE_COLOUR('',#13196);
#15039 = STYLED_ITEM('color',(#15040),#12252);
#15040 = PRESENTATION_STYLE_ASSIGNMENT((#15041));
#15041 = SURFACE_STYLE_USAGE(.BOTH.,#15042);
#15042 = SURFACE_SIDE_STYLE('',(#15043));
#15043 = SURFACE_STYLE_FILL_AREA(#15044);
#15044 = FILL_AREA_STYLE('',(#15045));
#15045 = FILL_AREA_STYLE_COLOUR('',#13196);
#15046 = STYLED_ITEM('color',(#15047),#12269);
#15047 = PRESENTATION_STYLE_ASSIGNMENT((#15048));
#15048 = SURFACE_STYLE_USAGE(.BOTH.,#15049);
#15049 = SURFACE_SIDE_STYLE('',(#15050));
#15050 = SURFACE_STYLE_FILL_AREA(#15051);
#15051 = FILL_AREA_STYLE('',(#15052));
#15052 = FILL_AREA_STYLE_COLOUR('',#13196);
#15053 = STYLED_ITEM('color',(#15054),#12281);
#15054 = PRESENTATION_STYLE_ASSIGNMENT((#15055));
#15055 = SURFACE_STYLE_USAGE(.BOTH.,#15056);
#15056 = SURFACE_SIDE_STYLE('',(#15057));
#15057 = SURFACE_STYLE_FILL_AREA(#15058);
#15058 = FILL_AREA_STYLE('',(#15059));
#15059 = FILL_AREA_STYLE_COLOUR('',#13196);
#15060 = STYLED_ITEM('color',(#15061),#12298);
#15061 = PRESENTATION_STYLE_ASSIGNMENT((#15062));
#15062 = SURFACE_STYLE_USAGE(.BOTH.,#15063);
#15063 = SURFACE_SIDE_STYLE('',(#15064));
#15064 = SURFACE_STYLE_FILL_AREA(#15065);
#15065 = FILL_AREA_STYLE('',(#15066));
#15066 = FILL_AREA_STYLE_COLOUR('',#13196);
#15067 = STYLED_ITEM('color',(#15068),#12310);
#15068 = PRESENTATION_STYLE_ASSIGNMENT((#15069));
#15069 = SURFACE_STYLE_USAGE(.BOTH.,#15070);
#15070 = SURFACE_SIDE_STYLE('',(#15071));
#15071 = SURFACE_STYLE_FILL_AREA(#15072);
#15072 = FILL_AREA_STYLE('',(#15073));
#15073 = FILL_AREA_STYLE_COLOUR('',#13196);
#15074 = STYLED_ITEM('color',(#15075),#12327);
#15075 = PRESENTATION_STYLE_ASSIGNMENT((#15076));
#15076 = SURFACE_STYLE_USAGE(.BOTH.,#15077);
#15077 = SURFACE_SIDE_STYLE('',(#15078));
#15078 = SURFACE_STYLE_FILL_AREA(#15079);
#15079 = FILL_AREA_STYLE('',(#15080));
#15080 = FILL_AREA_STYLE_COLOUR('',#13196);
#15081 = STYLED_ITEM('color',(#15082),#12339);
#15082 = PRESENTATION_STYLE_ASSIGNMENT((#15083));
#15083 = SURFACE_STYLE_USAGE(.BOTH.,#15084);
#15084 = SURFACE_SIDE_STYLE('',(#15085));
#15085 = SURFACE_STYLE_FILL_AREA(#15086);
#15086 = FILL_AREA_STYLE('',(#15087));
#15087 = FILL_AREA_STYLE_COLOUR('',#13196);
#15088 = STYLED_ITEM('color',(#15089),#12356);
#15089 = PRESENTATION_STYLE_ASSIGNMENT((#15090));
#15090 = SURFACE_STYLE_USAGE(.BOTH.,#15091);
#15091 = SURFACE_SIDE_STYLE('',(#15092));
#15092 = SURFACE_STYLE_FILL_AREA(#15093);
#15093 = FILL_AREA_STYLE('',(#15094));
#15094 = FILL_AREA_STYLE_COLOUR('',#13196);
#15095 = STYLED_ITEM('color',(#15096),#12368);
#15096 = PRESENTATION_STYLE_ASSIGNMENT((#15097));
#15097 = SURFACE_STYLE_USAGE(.BOTH.,#15098);
#15098 = SURFACE_SIDE_STYLE('',(#15099));
#15099 = SURFACE_STYLE_FILL_AREA(#15100);
#15100 = FILL_AREA_STYLE('',(#15101));
#15101 = FILL_AREA_STYLE_COLOUR('',#13196);
#15102 = STYLED_ITEM('color',(#15103),#12385);
#15103 = PRESENTATION_STYLE_ASSIGNMENT((#15104));
#15104 = SURFACE_STYLE_USAGE(.BOTH.,#15105);
#15105 = SURFACE_SIDE_STYLE('',(#15106));
#15106 = SURFACE_STYLE_FILL_AREA(#15107);
#15107 = FILL_AREA_STYLE('',(#15108));
#15108 = FILL_AREA_STYLE_COLOUR('',#13196);
#15109 = STYLED_ITEM('color',(#15110),#12397);
#15110 = PRESENTATION_STYLE_ASSIGNMENT((#15111));
#15111 = SURFACE_STYLE_USAGE(.BOTH.,#15112);
#15112 = SURFACE_SIDE_STYLE('',(#15113));
#15113 = SURFACE_STYLE_FILL_AREA(#15114);
#15114 = FILL_AREA_STYLE('',(#15115));
#15115 = FILL_AREA_STYLE_COLOUR('',#13196);
#15116 = STYLED_ITEM('color',(#15117),#12414);
#15117 = PRESENTATION_STYLE_ASSIGNMENT((#15118));
#15118 = SURFACE_STYLE_USAGE(.BOTH.,#15119);
#15119 = SURFACE_SIDE_STYLE('',(#15120));
#15120 = SURFACE_STYLE_FILL_AREA(#15121);
#15121 = FILL_AREA_STYLE('',(#15122));
#15122 = FILL_AREA_STYLE_COLOUR('',#13196);
#15123 = STYLED_ITEM('color',(#15124),#12426);
#15124 = PRESENTATION_STYLE_ASSIGNMENT((#15125));
#15125 = SURFACE_STYLE_USAGE(.BOTH.,#15126);
#15126 = SURFACE_SIDE_STYLE('',(#15127));
#15127 = SURFACE_STYLE_FILL_AREA(#15128);
#15128 = FILL_AREA_STYLE('',(#15129));
#15129 = FILL_AREA_STYLE_COLOUR('',#13196);
#15130 = STYLED_ITEM('color',(#15131),#12443);
#15131 = PRESENTATION_STYLE_ASSIGNMENT((#15132));
#15132 = SURFACE_STYLE_USAGE(.BOTH.,#15133);
#15133 = SURFACE_SIDE_STYLE('',(#15134));
#15134 = SURFACE_STYLE_FILL_AREA(#15135);
#15135 = FILL_AREA_STYLE('',(#15136));
#15136 = FILL_AREA_STYLE_COLOUR('',#13196);
#15137 = STYLED_ITEM('color',(#15138),#12455);
#15138 = PRESENTATION_STYLE_ASSIGNMENT((#15139));
#15139 = SURFACE_STYLE_USAGE(.BOTH.,#15140);
#15140 = SURFACE_SIDE_STYLE('',(#15141));
#15141 = SURFACE_STYLE_FILL_AREA(#15142);
#15142 = FILL_AREA_STYLE('',(#15143));
#15143 = FILL_AREA_STYLE_COLOUR('',#13196);
#15144 = STYLED_ITEM('color',(#15145),#12472);
#15145 = PRESENTATION_STYLE_ASSIGNMENT((#15146));
#15146 = SURFACE_STYLE_USAGE(.BOTH.,#15147);
#15147 = SURFACE_SIDE_STYLE('',(#15148));
#15148 = SURFACE_STYLE_FILL_AREA(#15149);
#15149 = FILL_AREA_STYLE('',(#15150));
#15150 = FILL_AREA_STYLE_COLOUR('',#13196);
#15151 = STYLED_ITEM('color',(#15152),#12484);
#15152 = PRESENTATION_STYLE_ASSIGNMENT((#15153));
#15153 = SURFACE_STYLE_USAGE(.BOTH.,#15154);
#15154 = SURFACE_SIDE_STYLE('',(#15155));
#15155 = SURFACE_STYLE_FILL_AREA(#15156);
#15156 = FILL_AREA_STYLE('',(#15157));
#15157 = FILL_AREA_STYLE_COLOUR('',#13732);
#15158 = STYLED_ITEM('color',(#15159),#12509);
#15159 = PRESENTATION_STYLE_ASSIGNMENT((#15160));
#15160 = SURFACE_STYLE_USAGE(.BOTH.,#15161);
#15161 = SURFACE_SIDE_STYLE('',(#15162));
#15162 = SURFACE_STYLE_FILL_AREA(#15163);
#15163 = FILL_AREA_STYLE('',(#15164));
#15164 = FILL_AREA_STYLE_COLOUR('',#13732);
#15165 = MECHANICAL_DESIGN_GEOMETRIC_PRESENTATION_REPRESENTATION('',(
    #15166,#15173,#15180,#15187,#15194,#15201,#15208,#15215,#15223,
    #15230,#15237,#15244,#15251,#15258,#15266,#15273,#15280,#15287,
    #15294,#15301,#15308,#15315,#15322,#15329,#15336,#15343),#9385);
#15166 = STYLED_ITEM('color',(#15167),#8597);
#15167 = PRESENTATION_STYLE_ASSIGNMENT((#15168));
#15168 = SURFACE_STYLE_USAGE(.BOTH.,#15169);
#15169 = SURFACE_SIDE_STYLE('',(#15170));
#15170 = SURFACE_STYLE_FILL_AREA(#15171);
#15171 = FILL_AREA_STYLE('',(#15172));
#15172 = FILL_AREA_STYLE_COLOUR('',#13196);
#15173 = STYLED_ITEM('color',(#15174),#8637);
#15174 = PRESENTATION_STYLE_ASSIGNMENT((#15175));
#15175 = SURFACE_STYLE_USAGE(.BOTH.,#15176);
#15176 = SURFACE_SIDE_STYLE('',(#15177));
#15177 = SURFACE_STYLE_FILL_AREA(#15178);
#15178 = FILL_AREA_STYLE('',(#15179));
#15179 = FILL_AREA_STYLE_COLOUR('',#13196);
#15180 = STYLED_ITEM('color',(#15181),#8720);
#15181 = PRESENTATION_STYLE_ASSIGNMENT((#15182));
#15182 = SURFACE_STYLE_USAGE(.BOTH.,#15183);
#15183 = SURFACE_SIDE_STYLE('',(#15184));
#15184 = SURFACE_STYLE_FILL_AREA(#15185);
#15185 = FILL_AREA_STYLE('',(#15186));
#15186 = FILL_AREA_STYLE_COLOUR('',#13196);
#15187 = STYLED_ITEM('color',(#15188),#8745);
#15188 = PRESENTATION_STYLE_ASSIGNMENT((#15189));
#15189 = SURFACE_STYLE_USAGE(.BOTH.,#15190);
#15190 = SURFACE_SIDE_STYLE('',(#15191));
#15191 = SURFACE_STYLE_FILL_AREA(#15192);
#15192 = FILL_AREA_STYLE('',(#15193));
#15193 = FILL_AREA_STYLE_COLOUR('',#13196);
#15194 = STYLED_ITEM('color',(#15195),#8770);
#15195 = PRESENTATION_STYLE_ASSIGNMENT((#15196));
#15196 = SURFACE_STYLE_USAGE(.BOTH.,#15197);
#15197 = SURFACE_SIDE_STYLE('',(#15198));
#15198 = SURFACE_STYLE_FILL_AREA(#15199);
#15199 = FILL_AREA_STYLE('',(#15200));
#15200 = FILL_AREA_STYLE_COLOUR('',#13196);
#15201 = STYLED_ITEM('color',(#15202),#8837);
#15202 = PRESENTATION_STYLE_ASSIGNMENT((#15203));
#15203 = SURFACE_STYLE_USAGE(.BOTH.,#15204);
#15204 = SURFACE_SIDE_STYLE('',(#15205));
#15205 = SURFACE_STYLE_FILL_AREA(#15206);
#15206 = FILL_AREA_STYLE('',(#15207));
#15207 = FILL_AREA_STYLE_COLOUR('',#13196);
#15208 = STYLED_ITEM('color',(#15209),#8854);
#15209 = PRESENTATION_STYLE_ASSIGNMENT((#15210));
#15210 = SURFACE_STYLE_USAGE(.BOTH.,#15211);
#15211 = SURFACE_SIDE_STYLE('',(#15212));
#15212 = SURFACE_STYLE_FILL_AREA(#15213);
#15213 = FILL_AREA_STYLE('',(#15214));
#15214 = FILL_AREA_STYLE_COLOUR('',#13196);
#15215 = STYLED_ITEM('color',(#15216),#8871);
#15216 = PRESENTATION_STYLE_ASSIGNMENT((#15217));
#15217 = SURFACE_STYLE_USAGE(.BOTH.,#15218);
#15218 = SURFACE_SIDE_STYLE('',(#15219));
#15219 = SURFACE_STYLE_FILL_AREA(#15220);
#15220 = FILL_AREA_STYLE('',(#15221));
#15221 = FILL_AREA_STYLE_COLOUR('',#15222);
#15222 = COLOUR_RGB('',0.894999966383,0.890999961016,0.813000030345);
#15223 = STYLED_ITEM('color',(#15224),#8920);
#15224 = PRESENTATION_STYLE_ASSIGNMENT((#15225));
#15225 = SURFACE_STYLE_USAGE(.BOTH.,#15226);
#15226 = SURFACE_SIDE_STYLE('',(#15227));
#15227 = SURFACE_STYLE_FILL_AREA(#15228);
#15228 = FILL_AREA_STYLE('',(#15229));
#15229 = FILL_AREA_STYLE_COLOUR('',#13196);
#15230 = STYLED_ITEM('color',(#15231),#8937);
#15231 = PRESENTATION_STYLE_ASSIGNMENT((#15232));
#15232 = SURFACE_STYLE_USAGE(.BOTH.,#15233);
#15233 = SURFACE_SIDE_STYLE('',(#15234));
#15234 = SURFACE_STYLE_FILL_AREA(#15235);
#15235 = FILL_AREA_STYLE('',(#15236));
#15236 = FILL_AREA_STYLE_COLOUR('',#13196);
#15237 = STYLED_ITEM('color',(#15238),#8954);
#15238 = PRESENTATION_STYLE_ASSIGNMENT((#15239));
#15239 = SURFACE_STYLE_USAGE(.BOTH.,#15240);
#15240 = SURFACE_SIDE_STYLE('',(#15241));
#15241 = SURFACE_STYLE_FILL_AREA(#15242);
#15242 = FILL_AREA_STYLE('',(#15243));
#15243 = FILL_AREA_STYLE_COLOUR('',#15222);
#15244 = STYLED_ITEM('color',(#15245),#9003);
#15245 = PRESENTATION_STYLE_ASSIGNMENT((#15246));
#15246 = SURFACE_STYLE_USAGE(.BOTH.,#15247);
#15247 = SURFACE_SIDE_STYLE('',(#15248));
#15248 = SURFACE_STYLE_FILL_AREA(#15249);
#15249 = FILL_AREA_STYLE('',(#15250));
#15250 = FILL_AREA_STYLE_COLOUR('',#15222);
#15251 = STYLED_ITEM('color',(#15252),#9020);
#15252 = PRESENTATION_STYLE_ASSIGNMENT((#15253));
#15253 = SURFACE_STYLE_USAGE(.BOTH.,#15254);
#15254 = SURFACE_SIDE_STYLE('',(#15255));
#15255 = SURFACE_STYLE_FILL_AREA(#15256);
#15256 = FILL_AREA_STYLE('',(#15257));
#15257 = FILL_AREA_STYLE_COLOUR('',#13196);
#15258 = STYLED_ITEM('color',(#15259),#9089);
#15259 = PRESENTATION_STYLE_ASSIGNMENT((#15260));
#15260 = SURFACE_STYLE_USAGE(.BOTH.,#15261);
#15261 = SURFACE_SIDE_STYLE('',(#15262));
#15262 = SURFACE_STYLE_FILL_AREA(#15263);
#15263 = FILL_AREA_STYLE('',(#15264));
#15264 = FILL_AREA_STYLE_COLOUR('',#15265);
#15265 = COLOUR_RGB('',8.200000279077E-02,8.600000121357E-02,
  9.399999706163E-02);
#15266 = STYLED_ITEM('color',(#15267),#9120);
#15267 = PRESENTATION_STYLE_ASSIGNMENT((#15268));
#15268 = SURFACE_STYLE_USAGE(.BOTH.,#15269);
#15269 = SURFACE_SIDE_STYLE('',(#15270));
#15270 = SURFACE_STYLE_FILL_AREA(#15271);
#15271 = FILL_AREA_STYLE('',(#15272));
#15272 = FILL_AREA_STYLE_COLOUR('',#15265);
#15273 = STYLED_ITEM('color',(#15274),#9144);
#15274 = PRESENTATION_STYLE_ASSIGNMENT((#15275));
#15275 = SURFACE_STYLE_USAGE(.BOTH.,#15276);
#15276 = SURFACE_SIDE_STYLE('',(#15277));
#15277 = SURFACE_STYLE_FILL_AREA(#15278);
#15278 = FILL_AREA_STYLE('',(#15279));
#15279 = FILL_AREA_STYLE_COLOUR('',#13196);
#15280 = STYLED_ITEM('color',(#15281),#9213);
#15281 = PRESENTATION_STYLE_ASSIGNMENT((#15282));
#15282 = SURFACE_STYLE_USAGE(.BOTH.,#15283);
#15283 = SURFACE_SIDE_STYLE('',(#15284));
#15284 = SURFACE_STYLE_FILL_AREA(#15285);
#15285 = FILL_AREA_STYLE('',(#15286));
#15286 = FILL_AREA_STYLE_COLOUR('',#15265);
#15287 = STYLED_ITEM('color',(#15288),#9237);
#15288 = PRESENTATION_STYLE_ASSIGNMENT((#15289));
#15289 = SURFACE_STYLE_USAGE(.BOTH.,#15290);
#15290 = SURFACE_SIDE_STYLE('',(#15291));
#15291 = SURFACE_STYLE_FILL_AREA(#15292);
#15292 = FILL_AREA_STYLE('',(#15293));
#15293 = FILL_AREA_STYLE_COLOUR('',#13196);
#15294 = STYLED_ITEM('color',(#15295),#9254);
#15295 = PRESENTATION_STYLE_ASSIGNMENT((#15296));
#15296 = SURFACE_STYLE_USAGE(.BOTH.,#15297);
#15297 = SURFACE_SIDE_STYLE('',(#15298));
#15298 = SURFACE_STYLE_FILL_AREA(#15299);
#15299 = FILL_AREA_STYLE('',(#15300));
#15300 = FILL_AREA_STYLE_COLOUR('',#13196);
#15301 = STYLED_ITEM('color',(#15302),#9271);
#15302 = PRESENTATION_STYLE_ASSIGNMENT((#15303));
#15303 = SURFACE_STYLE_USAGE(.BOTH.,#15304);
#15304 = SURFACE_SIDE_STYLE('',(#15305));
#15305 = SURFACE_STYLE_FILL_AREA(#15306);
#15306 = FILL_AREA_STYLE('',(#15307));
#15307 = FILL_AREA_STYLE_COLOUR('',#13196);
#15308 = STYLED_ITEM('color',(#15309),#9288);
#15309 = PRESENTATION_STYLE_ASSIGNMENT((#15310));
#15310 = SURFACE_STYLE_USAGE(.BOTH.,#15311);
#15311 = SURFACE_SIDE_STYLE('',(#15312));
#15312 = SURFACE_STYLE_FILL_AREA(#15313);
#15313 = FILL_AREA_STYLE('',(#15314));
#15314 = FILL_AREA_STYLE_COLOUR('',#13196);
#15315 = STYLED_ITEM('color',(#15316),#9305);
#15316 = PRESENTATION_STYLE_ASSIGNMENT((#15317));
#15317 = SURFACE_STYLE_USAGE(.BOTH.,#15318);
#15318 = SURFACE_SIDE_STYLE('',(#15319));
#15319 = SURFACE_STYLE_FILL_AREA(#15320);
#15320 = FILL_AREA_STYLE('',(#15321));
#15321 = FILL_AREA_STYLE_COLOUR('',#13196);
#15322 = STYLED_ITEM('color',(#15323),#9322);
#15323 = PRESENTATION_STYLE_ASSIGNMENT((#15324));
#15324 = SURFACE_STYLE_USAGE(.BOTH.,#15325);
#15325 = SURFACE_SIDE_STYLE('',(#15326));
#15326 = SURFACE_STYLE_FILL_AREA(#15327);
#15327 = FILL_AREA_STYLE('',(#15328));
#15328 = FILL_AREA_STYLE_COLOUR('',#13196);
#15329 = STYLED_ITEM('color',(#15330),#9339);
#15330 = PRESENTATION_STYLE_ASSIGNMENT((#15331));
#15331 = SURFACE_STYLE_USAGE(.BOTH.,#15332);
#15332 = SURFACE_SIDE_STYLE('',(#15333));
#15333 = SURFACE_STYLE_FILL_AREA(#15334);
#15334 = FILL_AREA_STYLE('',(#15335));
#15335 = FILL_AREA_STYLE_COLOUR('',#13196);
#15336 = STYLED_ITEM('color',(#15337),#9356);
#15337 = PRESENTATION_STYLE_ASSIGNMENT((#15338));
#15338 = SURFACE_STYLE_USAGE(.BOTH.,#15339);
#15339 = SURFACE_SIDE_STYLE('',(#15340));
#15340 = SURFACE_STYLE_FILL_AREA(#15341);
#15341 = FILL_AREA_STYLE('',(#15342));
#15342 = FILL_AREA_STYLE_COLOUR('',#15265);
#15343 = STYLED_ITEM('color',(#15344),#9373);
#15344 = PRESENTATION_STYLE_ASSIGNMENT((#15345));
#15345 = SURFACE_STYLE_USAGE(.BOTH.,#15346);
#15346 = SURFACE_SIDE_STYLE('',(#15347));
#15347 = SURFACE_STYLE_FILL_AREA(#15348);
#15348 = FILL_AREA_STYLE('',(#15349));
#15349 = FILL_AREA_STYLE_COLOUR('',#15265);
#15350 = MECHANICAL_DESIGN_GEOMETRIC_PRESENTATION_REPRESENTATION('',(
    #15351,#15358,#15365,#15372,#15379,#15386,#15393,#15400,#15408,
    #15415,#15422,#15429,#15436,#15443,#15450,#15457,#15464,#15471,
    #15478,#15485,#15492,#15499,#15506,#15513,#15520,#15527,#15534,
    #15541,#15548,#15555,#15562,#15569,#15576,#15583,#15590,#15597,
    #15605,#15612,#15619,#15626,#15633,#15640,#15647,#15654,#15661,
    #15668,#15675,#15682,#15689,#15696),#4141);
#15351 = STYLED_ITEM('color',(#15352),#2620);
#15352 = PRESENTATION_STYLE_ASSIGNMENT((#15353));
#15353 = SURFACE_STYLE_USAGE(.BOTH.,#15354);
#15354 = SURFACE_SIDE_STYLE('',(#15355));
#15355 = SURFACE_STYLE_FILL_AREA(#15356);
#15356 = FILL_AREA_STYLE('',(#15357));
#15357 = FILL_AREA_STYLE_COLOUR('',#15222);
#15358 = STYLED_ITEM('color',(#15359),#2660);
#15359 = PRESENTATION_STYLE_ASSIGNMENT((#15360));
#15360 = SURFACE_STYLE_USAGE(.BOTH.,#15361);
#15361 = SURFACE_SIDE_STYLE('',(#15362));
#15362 = SURFACE_STYLE_FILL_AREA(#15363);
#15363 = FILL_AREA_STYLE('',(#15364));
#15364 = FILL_AREA_STYLE_COLOUR('',#15222);
#15365 = STYLED_ITEM('color',(#15366),#2707);
#15366 = PRESENTATION_STYLE_ASSIGNMENT((#15367));
#15367 = SURFACE_STYLE_USAGE(.BOTH.,#15368);
#15368 = SURFACE_SIDE_STYLE('',(#15369));
#15369 = SURFACE_STYLE_FILL_AREA(#15370);
#15370 = FILL_AREA_STYLE('',(#15371));
#15371 = FILL_AREA_STYLE_COLOUR('',#15222);
#15372 = STYLED_ITEM('color',(#15373),#2786);
#15373 = PRESENTATION_STYLE_ASSIGNMENT((#15374));
#15374 = SURFACE_STYLE_USAGE(.BOTH.,#15375);
#15375 = SURFACE_SIDE_STYLE('',(#15376));
#15376 = SURFACE_STYLE_FILL_AREA(#15377);
#15377 = FILL_AREA_STYLE('',(#15378));
#15378 = FILL_AREA_STYLE_COLOUR('',#15222);
#15379 = STYLED_ITEM('color',(#15380),#2810);
#15380 = PRESENTATION_STYLE_ASSIGNMENT((#15381));
#15381 = SURFACE_STYLE_USAGE(.BOTH.,#15382);
#15382 = SURFACE_SIDE_STYLE('',(#15383));
#15383 = SURFACE_STYLE_FILL_AREA(#15384);
#15384 = FILL_AREA_STYLE('',(#15385));
#15385 = FILL_AREA_STYLE_COLOUR('',#15222);
#15386 = STYLED_ITEM('color',(#15387),#2850);
#15387 = PRESENTATION_STYLE_ASSIGNMENT((#15388));
#15388 = SURFACE_STYLE_USAGE(.BOTH.,#15389);
#15389 = SURFACE_SIDE_STYLE('',(#15390));
#15390 = SURFACE_STYLE_FILL_AREA(#15391);
#15391 = FILL_AREA_STYLE('',(#15392));
#15392 = FILL_AREA_STYLE_COLOUR('',#15222);
#15393 = STYLED_ITEM('color',(#15394),#2881);
#15394 = PRESENTATION_STYLE_ASSIGNMENT((#15395));
#15395 = SURFACE_STYLE_USAGE(.BOTH.,#15396);
#15396 = SURFACE_SIDE_STYLE('',(#15397));
#15397 = SURFACE_STYLE_FILL_AREA(#15398);
#15398 = FILL_AREA_STYLE('',(#15399));
#15399 = FILL_AREA_STYLE_COLOUR('',#15222);
#15400 = STYLED_ITEM('color',(#15401),#2898);
#15401 = PRESENTATION_STYLE_ASSIGNMENT((#15402));
#15402 = SURFACE_STYLE_USAGE(.BOTH.,#15403);
#15403 = SURFACE_SIDE_STYLE('',(#15404));
#15404 = SURFACE_STYLE_FILL_AREA(#15405);
#15405 = FILL_AREA_STYLE('',(#15406));
#15406 = FILL_AREA_STYLE_COLOUR('',#15407);
#15407 = COLOUR_RGB('',0.859000020776,0.737999965183,0.495999988746);
#15408 = STYLED_ITEM('color',(#15409),#2931);
#15409 = PRESENTATION_STYLE_ASSIGNMENT((#15410));
#15410 = SURFACE_STYLE_USAGE(.BOTH.,#15411);
#15411 = SURFACE_SIDE_STYLE('',(#15412));
#15412 = SURFACE_STYLE_FILL_AREA(#15413);
#15413 = FILL_AREA_STYLE('',(#15414));
#15414 = FILL_AREA_STYLE_COLOUR('',#15222);
#15415 = STYLED_ITEM('color',(#15416),#2955);
#15416 = PRESENTATION_STYLE_ASSIGNMENT((#15417));
#15417 = SURFACE_STYLE_USAGE(.BOTH.,#15418);
#15418 = SURFACE_SIDE_STYLE('',(#15419));
#15419 = SURFACE_STYLE_FILL_AREA(#15420);
#15420 = FILL_AREA_STYLE('',(#15421));
#15421 = FILL_AREA_STYLE_COLOUR('',#15407);
#15422 = STYLED_ITEM('color',(#15423),#3022);
#15423 = PRESENTATION_STYLE_ASSIGNMENT((#15424));
#15424 = SURFACE_STYLE_USAGE(.BOTH.,#15425);
#15425 = SURFACE_SIDE_STYLE('',(#15426));
#15426 = SURFACE_STYLE_FILL_AREA(#15427);
#15427 = FILL_AREA_STYLE('',(#15428));
#15428 = FILL_AREA_STYLE_COLOUR('',#15222);
#15429 = STYLED_ITEM('color',(#15430),#3143);
#15430 = PRESENTATION_STYLE_ASSIGNMENT((#15431));
#15431 = SURFACE_STYLE_USAGE(.BOTH.,#15432);
#15432 = SURFACE_SIDE_STYLE('',(#15433));
#15433 = SURFACE_STYLE_FILL_AREA(#15434);
#15434 = FILL_AREA_STYLE('',(#15435));
#15435 = FILL_AREA_STYLE_COLOUR('',#15407);
#15436 = STYLED_ITEM('color',(#15437),#3210);
#15437 = PRESENTATION_STYLE_ASSIGNMENT((#15438));
#15438 = SURFACE_STYLE_USAGE(.BOTH.,#15439);
#15439 = SURFACE_SIDE_STYLE('',(#15440));
#15440 = SURFACE_STYLE_FILL_AREA(#15441);
#15441 = FILL_AREA_STYLE('',(#15442));
#15442 = FILL_AREA_STYLE_COLOUR('',#15222);
#15443 = STYLED_ITEM('color',(#15444),#3234);
#15444 = PRESENTATION_STYLE_ASSIGNMENT((#15445));
#15445 = SURFACE_STYLE_USAGE(.BOTH.,#15446);
#15446 = SURFACE_SIDE_STYLE('',(#15447));
#15447 = SURFACE_STYLE_FILL_AREA(#15448);
#15448 = FILL_AREA_STYLE('',(#15449));
#15449 = FILL_AREA_STYLE_COLOUR('',#15222);
#15450 = STYLED_ITEM('color',(#15451),#3265);
#15451 = PRESENTATION_STYLE_ASSIGNMENT((#15452));
#15452 = SURFACE_STYLE_USAGE(.BOTH.,#15453);
#15453 = SURFACE_SIDE_STYLE('',(#15454));
#15454 = SURFACE_STYLE_FILL_AREA(#15455);
#15455 = FILL_AREA_STYLE('',(#15456));
#15456 = FILL_AREA_STYLE_COLOUR('',#15407);
#15457 = STYLED_ITEM('color',(#15458),#3298);
#15458 = PRESENTATION_STYLE_ASSIGNMENT((#15459));
#15459 = SURFACE_STYLE_USAGE(.BOTH.,#15460);
#15460 = SURFACE_SIDE_STYLE('',(#15461));
#15461 = SURFACE_STYLE_FILL_AREA(#15462);
#15462 = FILL_AREA_STYLE('',(#15463));
#15463 = FILL_AREA_STYLE_COLOUR('',#15222);
#15464 = STYLED_ITEM('color',(#15465),#3354);
#15465 = PRESENTATION_STYLE_ASSIGNMENT((#15466));
#15466 = SURFACE_STYLE_USAGE(.BOTH.,#15467);
#15467 = SURFACE_SIDE_STYLE('',(#15468));
#15468 = SURFACE_STYLE_FILL_AREA(#15469);
#15469 = FILL_AREA_STYLE('',(#15470));
#15470 = FILL_AREA_STYLE_COLOUR('',#15407);
#15471 = STYLED_ITEM('color',(#15472),#3378);
#15472 = PRESENTATION_STYLE_ASSIGNMENT((#15473));
#15473 = SURFACE_STYLE_USAGE(.BOTH.,#15474);
#15474 = SURFACE_SIDE_STYLE('',(#15475));
#15475 = SURFACE_STYLE_FILL_AREA(#15476);
#15476 = FILL_AREA_STYLE('',(#15477));
#15477 = FILL_AREA_STYLE_COLOUR('',#15407);
#15478 = STYLED_ITEM('color',(#15479),#3402);
#15479 = PRESENTATION_STYLE_ASSIGNMENT((#15480));
#15480 = SURFACE_STYLE_USAGE(.BOTH.,#15481);
#15481 = SURFACE_SIDE_STYLE('',(#15482));
#15482 = SURFACE_STYLE_FILL_AREA(#15483);
#15483 = FILL_AREA_STYLE('',(#15484));
#15484 = FILL_AREA_STYLE_COLOUR('',#15407);
#15485 = STYLED_ITEM('color',(#15486),#3426);
#15486 = PRESENTATION_STYLE_ASSIGNMENT((#15487));
#15487 = SURFACE_STYLE_USAGE(.BOTH.,#15488);
#15488 = SURFACE_SIDE_STYLE('',(#15489));
#15489 = SURFACE_STYLE_FILL_AREA(#15490);
#15490 = FILL_AREA_STYLE('',(#15491));
#15491 = FILL_AREA_STYLE_COLOUR('',#15407);
#15492 = STYLED_ITEM('color',(#15493),#3459);
#15493 = PRESENTATION_STYLE_ASSIGNMENT((#15494));
#15494 = SURFACE_STYLE_USAGE(.BOTH.,#15495);
#15495 = SURFACE_SIDE_STYLE('',(#15496));
#15496 = SURFACE_STYLE_FILL_AREA(#15497);
#15497 = FILL_AREA_STYLE('',(#15498));
#15498 = FILL_AREA_STYLE_COLOUR('',#15407);
#15499 = STYLED_ITEM('color',(#15500),#3471);
#15500 = PRESENTATION_STYLE_ASSIGNMENT((#15501));
#15501 = SURFACE_STYLE_USAGE(.BOTH.,#15502);
#15502 = SURFACE_SIDE_STYLE('',(#15503));
#15503 = SURFACE_STYLE_FILL_AREA(#15504);
#15504 = FILL_AREA_STYLE('',(#15505));
#15505 = FILL_AREA_STYLE_COLOUR('',#15407);
#15506 = STYLED_ITEM('color',(#15507),#3534);
#15507 = PRESENTATION_STYLE_ASSIGNMENT((#15508));
#15508 = SURFACE_STYLE_USAGE(.BOTH.,#15509);
#15509 = SURFACE_SIDE_STYLE('',(#15510));
#15510 = SURFACE_STYLE_FILL_AREA(#15511);
#15511 = FILL_AREA_STYLE('',(#15512));
#15512 = FILL_AREA_STYLE_COLOUR('',#15407);
#15513 = STYLED_ITEM('color',(#15514),#3559);
#15514 = PRESENTATION_STYLE_ASSIGNMENT((#15515));
#15515 = SURFACE_STYLE_USAGE(.BOTH.,#15516);
#15516 = SURFACE_SIDE_STYLE('',(#15517));
#15517 = SURFACE_STYLE_FILL_AREA(#15518);
#15518 = FILL_AREA_STYLE('',(#15519));
#15519 = FILL_AREA_STYLE_COLOUR('',#15407);
#15520 = STYLED_ITEM('color',(#15521),#3576);
#15521 = PRESENTATION_STYLE_ASSIGNMENT((#15522));
#15522 = SURFACE_STYLE_USAGE(.BOTH.,#15523);
#15523 = SURFACE_SIDE_STYLE('',(#15524));
#15524 = SURFACE_STYLE_FILL_AREA(#15525);
#15525 = FILL_AREA_STYLE('',(#15526));
#15526 = FILL_AREA_STYLE_COLOUR('',#15407);
#15527 = STYLED_ITEM('color',(#15528),#3600);
#15528 = PRESENTATION_STYLE_ASSIGNMENT((#15529));
#15529 = SURFACE_STYLE_USAGE(.BOTH.,#15530);
#15530 = SURFACE_SIDE_STYLE('',(#15531));
#15531 = SURFACE_STYLE_FILL_AREA(#15532);
#15532 = FILL_AREA_STYLE('',(#15533));
#15533 = FILL_AREA_STYLE_COLOUR('',#15407);
#15534 = STYLED_ITEM('color',(#15535),#3618);
#15535 = PRESENTATION_STYLE_ASSIGNMENT((#15536));
#15536 = SURFACE_STYLE_USAGE(.BOTH.,#15537);
#15537 = SURFACE_SIDE_STYLE('',(#15538));
#15538 = SURFACE_STYLE_FILL_AREA(#15539);
#15539 = FILL_AREA_STYLE('',(#15540));
#15540 = FILL_AREA_STYLE_COLOUR('',#15407);
#15541 = STYLED_ITEM('color',(#15542),#3636);
#15542 = PRESENTATION_STYLE_ASSIGNMENT((#15543));
#15543 = SURFACE_STYLE_USAGE(.BOTH.,#15544);
#15544 = SURFACE_SIDE_STYLE('',(#15545));
#15545 = SURFACE_STYLE_FILL_AREA(#15546);
#15546 = FILL_AREA_STYLE('',(#15547));
#15547 = FILL_AREA_STYLE_COLOUR('',#15407);
#15548 = STYLED_ITEM('color',(#15549),#3654);
#15549 = PRESENTATION_STYLE_ASSIGNMENT((#15550));
#15550 = SURFACE_STYLE_USAGE(.BOTH.,#15551);
#15551 = SURFACE_SIDE_STYLE('',(#15552));
#15552 = SURFACE_STYLE_FILL_AREA(#15553);
#15553 = FILL_AREA_STYLE('',(#15554));
#15554 = FILL_AREA_STYLE_COLOUR('',#15407);
#15555 = STYLED_ITEM('color',(#15556),#3671);
#15556 = PRESENTATION_STYLE_ASSIGNMENT((#15557));
#15557 = SURFACE_STYLE_USAGE(.BOTH.,#15558);
#15558 = SURFACE_SIDE_STYLE('',(#15559));
#15559 = SURFACE_STYLE_FILL_AREA(#15560);
#15560 = FILL_AREA_STYLE('',(#15561));
#15561 = FILL_AREA_STYLE_COLOUR('',#15407);
#15562 = STYLED_ITEM('color',(#15563),#3688);
#15563 = PRESENTATION_STYLE_ASSIGNMENT((#15564));
#15564 = SURFACE_STYLE_USAGE(.BOTH.,#15565);
#15565 = SURFACE_SIDE_STYLE('',(#15566));
#15566 = SURFACE_STYLE_FILL_AREA(#15567);
#15567 = FILL_AREA_STYLE('',(#15568));
#15568 = FILL_AREA_STYLE_COLOUR('',#15407);
#15569 = STYLED_ITEM('color',(#15570),#3719);
#15570 = PRESENTATION_STYLE_ASSIGNMENT((#15571));
#15571 = SURFACE_STYLE_USAGE(.BOTH.,#15572);
#15572 = SURFACE_SIDE_STYLE('',(#15573));
#15573 = SURFACE_STYLE_FILL_AREA(#15574);
#15574 = FILL_AREA_STYLE('',(#15575));
#15575 = FILL_AREA_STYLE_COLOUR('',#15407);
#15576 = STYLED_ITEM('color',(#15577),#3744);
#15577 = PRESENTATION_STYLE_ASSIGNMENT((#15578));
#15578 = SURFACE_STYLE_USAGE(.BOTH.,#15579);
#15579 = SURFACE_SIDE_STYLE('',(#15580));
#15580 = SURFACE_STYLE_FILL_AREA(#15581);
#15581 = FILL_AREA_STYLE('',(#15582));
#15582 = FILL_AREA_STYLE_COLOUR('',#15407);
#15583 = STYLED_ITEM('color',(#15584),#3769);
#15584 = PRESENTATION_STYLE_ASSIGNMENT((#15585));
#15585 = SURFACE_STYLE_USAGE(.BOTH.,#15586);
#15586 = SURFACE_SIDE_STYLE('',(#15587));
#15587 = SURFACE_STYLE_FILL_AREA(#15588);
#15588 = FILL_AREA_STYLE('',(#15589));
#15589 = FILL_AREA_STYLE_COLOUR('',#15407);
#15590 = STYLED_ITEM('color',(#15591),#3793);
#15591 = PRESENTATION_STYLE_ASSIGNMENT((#15592));
#15592 = SURFACE_STYLE_USAGE(.BOTH.,#15593);
#15593 = SURFACE_SIDE_STYLE('',(#15594));
#15594 = SURFACE_STYLE_FILL_AREA(#15595);
#15595 = FILL_AREA_STYLE('',(#15596));
#15596 = FILL_AREA_STYLE_COLOUR('',#15407);
#15597 = STYLED_ITEM('color',(#15598),#3810);
#15598 = PRESENTATION_STYLE_ASSIGNMENT((#15599));
#15599 = SURFACE_STYLE_USAGE(.BOTH.,#15600);
#15600 = SURFACE_SIDE_STYLE('',(#15601));
#15601 = SURFACE_STYLE_FILL_AREA(#15602);
#15602 = FILL_AREA_STYLE('',(#15603));
#15603 = FILL_AREA_STYLE_COLOUR('',#15604);
#15604 = COLOUR_RGB('',0.340000006699,0.68000001254,0.444999988852);
#15605 = STYLED_ITEM('color',(#15606),#3841);
#15606 = PRESENTATION_STYLE_ASSIGNMENT((#15607));
#15607 = SURFACE_STYLE_USAGE(.BOTH.,#15608);
#15608 = SURFACE_SIDE_STYLE('',(#15609));
#15609 = SURFACE_STYLE_FILL_AREA(#15610);
#15610 = FILL_AREA_STYLE('',(#15611));
#15611 = FILL_AREA_STYLE_COLOUR('',#15604);
#15612 = STYLED_ITEM('color',(#15613),#3865);
#15613 = PRESENTATION_STYLE_ASSIGNMENT((#15614));
#15614 = SURFACE_STYLE_USAGE(.BOTH.,#15615);
#15615 = SURFACE_SIDE_STYLE('',(#15616));
#15616 = SURFACE_STYLE_FILL_AREA(#15617);
#15617 = FILL_AREA_STYLE('',(#15618));
#15618 = FILL_AREA_STYLE_COLOUR('',#15604);
#15619 = STYLED_ITEM('color',(#15620),#3882);
#15620 = PRESENTATION_STYLE_ASSIGNMENT((#15621));
#15621 = SURFACE_STYLE_USAGE(.BOTH.,#15622);
#15622 = SURFACE_SIDE_STYLE('',(#15623));
#15623 = SURFACE_STYLE_FILL_AREA(#15624);
#15624 = FILL_AREA_STYLE('',(#15625));
#15625 = FILL_AREA_STYLE_COLOUR('',#15407);
#15626 = STYLED_ITEM('color',(#15627),#3910);
#15627 = PRESENTATION_STYLE_ASSIGNMENT((#15628));
#15628 = SURFACE_STYLE_USAGE(.BOTH.,#15629);
#15629 = SURFACE_SIDE_STYLE('',(#15630));
#15630 = SURFACE_STYLE_FILL_AREA(#15631);
#15631 = FILL_AREA_STYLE('',(#15632));
#15632 = FILL_AREA_STYLE_COLOUR('',#15407);
#15633 = STYLED_ITEM('color',(#15634),#3935);
#15634 = PRESENTATION_STYLE_ASSIGNMENT((#15635));
#15635 = SURFACE_STYLE_USAGE(.BOTH.,#15636);
#15636 = SURFACE_SIDE_STYLE('',(#15637));
#15637 = SURFACE_STYLE_FILL_AREA(#15638);
#15638 = FILL_AREA_STYLE('',(#15639));
#15639 = FILL_AREA_STYLE_COLOUR('',#15407);
#15640 = STYLED_ITEM('color',(#15641),#3959);
#15641 = PRESENTATION_STYLE_ASSIGNMENT((#15642));
#15642 = SURFACE_STYLE_USAGE(.BOTH.,#15643);
#15643 = SURFACE_SIDE_STYLE('',(#15644));
#15644 = SURFACE_STYLE_FILL_AREA(#15645);
#15645 = FILL_AREA_STYLE('',(#15646));
#15646 = FILL_AREA_STYLE_COLOUR('',#15407);
#15647 = STYLED_ITEM('color',(#15648),#3984);
#15648 = PRESENTATION_STYLE_ASSIGNMENT((#15649));
#15649 = SURFACE_STYLE_USAGE(.BOTH.,#15650);
#15650 = SURFACE_SIDE_STYLE('',(#15651));
#15651 = SURFACE_STYLE_FILL_AREA(#15652);
#15652 = FILL_AREA_STYLE('',(#15653));
#15653 = FILL_AREA_STYLE_COLOUR('',#15407);
#15654 = STYLED_ITEM('color',(#15655),#4031);
#15655 = PRESENTATION_STYLE_ASSIGNMENT((#15656));
#15656 = SURFACE_STYLE_USAGE(.BOTH.,#15657);
#15657 = SURFACE_SIDE_STYLE('',(#15658));
#15658 = SURFACE_STYLE_FILL_AREA(#15659);
#15659 = FILL_AREA_STYLE('',(#15660));
#15660 = FILL_AREA_STYLE_COLOUR('',#15407);
#15661 = STYLED_ITEM('color',(#15662),#4048);
#15662 = PRESENTATION_STYLE_ASSIGNMENT((#15663));
#15663 = SURFACE_STYLE_USAGE(.BOTH.,#15664);
#15664 = SURFACE_SIDE_STYLE('',(#15665));
#15665 = SURFACE_STYLE_FILL_AREA(#15666);
#15666 = FILL_AREA_STYLE('',(#15667));
#15667 = FILL_AREA_STYLE_COLOUR('',#15407);
#15668 = STYLED_ITEM('color',(#15669),#4060);
#15669 = PRESENTATION_STYLE_ASSIGNMENT((#15670));
#15670 = SURFACE_STYLE_USAGE(.BOTH.,#15671);
#15671 = SURFACE_SIDE_STYLE('',(#15672));
#15672 = SURFACE_STYLE_FILL_AREA(#15673);
#15673 = FILL_AREA_STYLE('',(#15674));
#15674 = FILL_AREA_STYLE_COLOUR('',#15407);
#15675 = STYLED_ITEM('color',(#15676),#4082);
#15676 = PRESENTATION_STYLE_ASSIGNMENT((#15677));
#15677 = SURFACE_STYLE_USAGE(.BOTH.,#15678);
#15678 = SURFACE_SIDE_STYLE('',(#15679));
#15679 = SURFACE_STYLE_FILL_AREA(#15680);
#15680 = FILL_AREA_STYLE('',(#15681));
#15681 = FILL_AREA_STYLE_COLOUR('',#15407);
#15682 = STYLED_ITEM('color',(#15683),#4094);
#15683 = PRESENTATION_STYLE_ASSIGNMENT((#15684));
#15684 = SURFACE_STYLE_USAGE(.BOTH.,#15685);
#15685 = SURFACE_SIDE_STYLE('',(#15686));
#15686 = SURFACE_STYLE_FILL_AREA(#15687);
#15687 = FILL_AREA_STYLE('',(#15688));
#15688 = FILL_AREA_STYLE_COLOUR('',#15407);
#15689 = STYLED_ITEM('color',(#15690),#4112);
#15690 = PRESENTATION_STYLE_ASSIGNMENT((#15691));
#15691 = SURFACE_STYLE_USAGE(.BOTH.,#15692);
#15692 = SURFACE_SIDE_STYLE('',(#15693));
#15693 = SURFACE_STYLE_FILL_AREA(#15694);
#15694 = FILL_AREA_STYLE('',(#15695));
#15695 = FILL_AREA_STYLE_COLOUR('',#15407);
#15696 = STYLED_ITEM('color',(#15697),#4130);
#15697 = PRESENTATION_STYLE_ASSIGNMENT((#15698));
#15698 = SURFACE_STYLE_USAGE(.BOTH.,#15699);
#15699 = SURFACE_SIDE_STYLE('',(#15700));
#15700 = SURFACE_STYLE_FILL_AREA(#15701);
#15701 = FILL_AREA_STYLE('',(#15702));
#15702 = FILL_AREA_STYLE_COLOUR('',#15604);
#15703 = MECHANICAL_DESIGN_GEOMETRIC_PRESENTATION_REPRESENTATION('',(
    #15704,#15711,#15718,#15725,#15732,#15739,#15746,#15753,#15760,
    #15767,#15774,#15781,#15788,#15795,#15802,#15809,#15816,#15823,
    #15830,#15837,#15844,#15851,#15858,#15865,#15872,#15879,#15886,
    #15893),#10281);
#15704 = STYLED_ITEM('color',(#15705),#9429);
#15705 = PRESENTATION_STYLE_ASSIGNMENT((#15706));
#15706 = SURFACE_STYLE_USAGE(.BOTH.,#15707);
#15707 = SURFACE_SIDE_STYLE('',(#15708));
#15708 = SURFACE_STYLE_FILL_AREA(#15709);
#15709 = FILL_AREA_STYLE('',(#15710));
#15710 = FILL_AREA_STYLE_COLOUR('',#13196);
#15711 = STYLED_ITEM('color',(#15712),#9505);
#15712 = PRESENTATION_STYLE_ASSIGNMENT((#15713));
#15713 = SURFACE_STYLE_USAGE(.BOTH.,#15714);
#15714 = SURFACE_SIDE_STYLE('',(#15715));
#15715 = SURFACE_STYLE_FILL_AREA(#15716);
#15716 = FILL_AREA_STYLE('',(#15717));
#15717 = FILL_AREA_STYLE_COLOUR('',#13196);
#15718 = STYLED_ITEM('color',(#15719),#9536);
#15719 = PRESENTATION_STYLE_ASSIGNMENT((#15720));
#15720 = SURFACE_STYLE_USAGE(.BOTH.,#15721);
#15721 = SURFACE_SIDE_STYLE('',(#15722));
#15722 = SURFACE_STYLE_FILL_AREA(#15723);
#15723 = FILL_AREA_STYLE('',(#15724));
#15724 = FILL_AREA_STYLE_COLOUR('',#13196);
#15725 = STYLED_ITEM('color',(#15726),#9561);
#15726 = PRESENTATION_STYLE_ASSIGNMENT((#15727));
#15727 = SURFACE_STYLE_USAGE(.BOTH.,#15728);
#15728 = SURFACE_SIDE_STYLE('',(#15729));
#15729 = SURFACE_STYLE_FILL_AREA(#15730);
#15730 = FILL_AREA_STYLE('',(#15731));
#15731 = FILL_AREA_STYLE_COLOUR('',#13196);
#15732 = STYLED_ITEM('color',(#15733),#9586);
#15733 = PRESENTATION_STYLE_ASSIGNMENT((#15734));
#15734 = SURFACE_STYLE_USAGE(.BOTH.,#15735);
#15735 = SURFACE_SIDE_STYLE('',(#15736));
#15736 = SURFACE_STYLE_FILL_AREA(#15737);
#15737 = FILL_AREA_STYLE('',(#15738));
#15738 = FILL_AREA_STYLE_COLOUR('',#13196);
#15739 = STYLED_ITEM('color',(#15740),#9610);
#15740 = PRESENTATION_STYLE_ASSIGNMENT((#15741));
#15741 = SURFACE_STYLE_USAGE(.BOTH.,#15742);
#15742 = SURFACE_SIDE_STYLE('',(#15743));
#15743 = SURFACE_STYLE_FILL_AREA(#15744);
#15744 = FILL_AREA_STYLE('',(#15745));
#15745 = FILL_AREA_STYLE_COLOUR('',#13196);
#15746 = STYLED_ITEM('color',(#15747),#9634);
#15747 = PRESENTATION_STYLE_ASSIGNMENT((#15748));
#15748 = SURFACE_STYLE_USAGE(.BOTH.,#15749);
#15749 = SURFACE_SIDE_STYLE('',(#15750));
#15750 = SURFACE_STYLE_FILL_AREA(#15751);
#15751 = FILL_AREA_STYLE('',(#15752));
#15752 = FILL_AREA_STYLE_COLOUR('',#13196);
#15753 = STYLED_ITEM('color',(#15754),#9659);
#15754 = PRESENTATION_STYLE_ASSIGNMENT((#15755));
#15755 = SURFACE_STYLE_USAGE(.BOTH.,#15756);
#15756 = SURFACE_SIDE_STYLE('',(#15757));
#15757 = SURFACE_STYLE_FILL_AREA(#15758);
#15758 = FILL_AREA_STYLE('',(#15759));
#15759 = FILL_AREA_STYLE_COLOUR('',#13196);
#15760 = STYLED_ITEM('color',(#15761),#9684);
#15761 = PRESENTATION_STYLE_ASSIGNMENT((#15762));
#15762 = SURFACE_STYLE_USAGE(.BOTH.,#15763);
#15763 = SURFACE_SIDE_STYLE('',(#15764));
#15764 = SURFACE_STYLE_FILL_AREA(#15765);
#15765 = FILL_AREA_STYLE('',(#15766));
#15766 = FILL_AREA_STYLE_COLOUR('',#13196);
#15767 = STYLED_ITEM('color',(#15768),#9701);
#15768 = PRESENTATION_STYLE_ASSIGNMENT((#15769));
#15769 = SURFACE_STYLE_USAGE(.BOTH.,#15770);
#15770 = SURFACE_SIDE_STYLE('',(#15771));
#15771 = SURFACE_STYLE_FILL_AREA(#15772);
#15772 = FILL_AREA_STYLE('',(#15773));
#15773 = FILL_AREA_STYLE_COLOUR('',#13196);
#15774 = STYLED_ITEM('color',(#15775),#9787);
#15775 = PRESENTATION_STYLE_ASSIGNMENT((#15776));
#15776 = SURFACE_STYLE_USAGE(.BOTH.,#15777);
#15777 = SURFACE_SIDE_STYLE('',(#15778));
#15778 = SURFACE_STYLE_FILL_AREA(#15779);
#15779 = FILL_AREA_STYLE('',(#15780));
#15780 = FILL_AREA_STYLE_COLOUR('',#13267);
#15781 = STYLED_ITEM('color',(#15782),#9819);
#15782 = PRESENTATION_STYLE_ASSIGNMENT((#15783));
#15783 = SURFACE_STYLE_USAGE(.BOTH.,#15784);
#15784 = SURFACE_SIDE_STYLE('',(#15785));
#15785 = SURFACE_STYLE_FILL_AREA(#15786);
#15786 = FILL_AREA_STYLE('',(#15787));
#15787 = FILL_AREA_STYLE_COLOUR('',#13267);
#15788 = STYLED_ITEM('color',(#15789),#9843);
#15789 = PRESENTATION_STYLE_ASSIGNMENT((#15790));
#15790 = SURFACE_STYLE_USAGE(.BOTH.,#15791);
#15791 = SURFACE_SIDE_STYLE('',(#15792));
#15792 = SURFACE_STYLE_FILL_AREA(#15793);
#15793 = FILL_AREA_STYLE('',(#15794));
#15794 = FILL_AREA_STYLE_COLOUR('',#13267);
#15795 = STYLED_ITEM('color',(#15796),#9868);
#15796 = PRESENTATION_STYLE_ASSIGNMENT((#15797));
#15797 = SURFACE_STYLE_USAGE(.BOTH.,#15798);
#15798 = SURFACE_SIDE_STYLE('',(#15799));
#15799 = SURFACE_STYLE_FILL_AREA(#15800);
#15800 = FILL_AREA_STYLE('',(#15801));
#15801 = FILL_AREA_STYLE_COLOUR('',#13267);
#15802 = STYLED_ITEM('color',(#15803),#9892);
#15803 = PRESENTATION_STYLE_ASSIGNMENT((#15804));
#15804 = SURFACE_STYLE_USAGE(.BOTH.,#15805);
#15805 = SURFACE_SIDE_STYLE('',(#15806));
#15806 = SURFACE_STYLE_FILL_AREA(#15807);
#15807 = FILL_AREA_STYLE('',(#15808));
#15808 = FILL_AREA_STYLE_COLOUR('',#13267);
#15809 = STYLED_ITEM('color',(#15810),#9917);
#15810 = PRESENTATION_STYLE_ASSIGNMENT((#15811));
#15811 = SURFACE_STYLE_USAGE(.BOTH.,#15812);
#15812 = SURFACE_SIDE_STYLE('',(#15813));
#15813 = SURFACE_STYLE_FILL_AREA(#15814);
#15814 = FILL_AREA_STYLE('',(#15815));
#15815 = FILL_AREA_STYLE_COLOUR('',#13267);
#15816 = STYLED_ITEM('color',(#15817),#9941);
#15817 = PRESENTATION_STYLE_ASSIGNMENT((#15818));
#15818 = SURFACE_STYLE_USAGE(.BOTH.,#15819);
#15819 = SURFACE_SIDE_STYLE('',(#15820));
#15820 = SURFACE_STYLE_FILL_AREA(#15821);
#15821 = FILL_AREA_STYLE('',(#15822));
#15822 = FILL_AREA_STYLE_COLOUR('',#13267);
#15823 = STYLED_ITEM('color',(#15824),#9966);
#15824 = PRESENTATION_STYLE_ASSIGNMENT((#15825));
#15825 = SURFACE_STYLE_USAGE(.BOTH.,#15826);
#15826 = SURFACE_SIDE_STYLE('',(#15827));
#15827 = SURFACE_STYLE_FILL_AREA(#15828);
#15828 = FILL_AREA_STYLE('',(#15829));
#15829 = FILL_AREA_STYLE_COLOUR('',#13267);
#15830 = STYLED_ITEM('color',(#15831),#9983);
#15831 = PRESENTATION_STYLE_ASSIGNMENT((#15832));
#15832 = SURFACE_STYLE_USAGE(.BOTH.,#15833);
#15833 = SURFACE_SIDE_STYLE('',(#15834));
#15834 = SURFACE_STYLE_FILL_AREA(#15835);
#15835 = FILL_AREA_STYLE('',(#15836));
#15836 = FILL_AREA_STYLE_COLOUR('',#13196);
#15837 = STYLED_ITEM('color',(#15838),#10069);
#15838 = PRESENTATION_STYLE_ASSIGNMENT((#15839));
#15839 = SURFACE_STYLE_USAGE(.BOTH.,#15840);
#15840 = SURFACE_SIDE_STYLE('',(#15841));
#15841 = SURFACE_STYLE_FILL_AREA(#15842);
#15842 = FILL_AREA_STYLE('',(#15843));
#15843 = FILL_AREA_STYLE_COLOUR('',#13196);
#15844 = STYLED_ITEM('color',(#15845),#10100);
#15845 = PRESENTATION_STYLE_ASSIGNMENT((#15846));
#15846 = SURFACE_STYLE_USAGE(.BOTH.,#15847);
#15847 = SURFACE_SIDE_STYLE('',(#15848));
#15848 = SURFACE_STYLE_FILL_AREA(#15849);
#15849 = FILL_AREA_STYLE('',(#15850));
#15850 = FILL_AREA_STYLE_COLOUR('',#13196);
#15851 = STYLED_ITEM('color',(#15852),#10125);
#15852 = PRESENTATION_STYLE_ASSIGNMENT((#15853));
#15853 = SURFACE_STYLE_USAGE(.BOTH.,#15854);
#15854 = SURFACE_SIDE_STYLE('',(#15855));
#15855 = SURFACE_STYLE_FILL_AREA(#15856);
#15856 = FILL_AREA_STYLE('',(#15857));
#15857 = FILL_AREA_STYLE_COLOUR('',#13196);
#15858 = STYLED_ITEM('color',(#15859),#10150);
#15859 = PRESENTATION_STYLE_ASSIGNMENT((#15860));
#15860 = SURFACE_STYLE_USAGE(.BOTH.,#15861);
#15861 = SURFACE_SIDE_STYLE('',(#15862));
#15862 = SURFACE_STYLE_FILL_AREA(#15863);
#15863 = FILL_AREA_STYLE('',(#15864));
#15864 = FILL_AREA_STYLE_COLOUR('',#13196);
#15865 = STYLED_ITEM('color',(#15866),#10174);
#15866 = PRESENTATION_STYLE_ASSIGNMENT((#15867));
#15867 = SURFACE_STYLE_USAGE(.BOTH.,#15868);
#15868 = SURFACE_SIDE_STYLE('',(#15869));
#15869 = SURFACE_STYLE_FILL_AREA(#15870);
#15870 = FILL_AREA_STYLE('',(#15871));
#15871 = FILL_AREA_STYLE_COLOUR('',#13196);
#15872 = STYLED_ITEM('color',(#15873),#10198);
#15873 = PRESENTATION_STYLE_ASSIGNMENT((#15874));
#15874 = SURFACE_STYLE_USAGE(.BOTH.,#15875);
#15875 = SURFACE_SIDE_STYLE('',(#15876));
#15876 = SURFACE_STYLE_FILL_AREA(#15877);
#15877 = FILL_AREA_STYLE('',(#15878));
#15878 = FILL_AREA_STYLE_COLOUR('',#13196);
#15879 = STYLED_ITEM('color',(#15880),#10223);
#15880 = PRESENTATION_STYLE_ASSIGNMENT((#15881));
#15881 = SURFACE_STYLE_USAGE(.BOTH.,#15882);
#15882 = SURFACE_SIDE_STYLE('',(#15883));
#15883 = SURFACE_STYLE_FILL_AREA(#15884);
#15884 = FILL_AREA_STYLE('',(#15885));
#15885 = FILL_AREA_STYLE_COLOUR('',#13196);
#15886 = STYLED_ITEM('color',(#15887),#10248);
#15887 = PRESENTATION_STYLE_ASSIGNMENT((#15888));
#15888 = SURFACE_STYLE_USAGE(.BOTH.,#15889);
#15889 = SURFACE_SIDE_STYLE('',(#15890));
#15890 = SURFACE_STYLE_FILL_AREA(#15891);
#15891 = FILL_AREA_STYLE('',(#15892));
#15892 = FILL_AREA_STYLE_COLOUR('',#13196);
#15893 = STYLED_ITEM('color',(#15894),#10265);
#15894 = PRESENTATION_STYLE_ASSIGNMENT((#15895));
#15895 = SURFACE_STYLE_USAGE(.BOTH.,#15896);
#15896 = SURFACE_SIDE_STYLE('',(#15897));
#15897 = SURFACE_STYLE_FILL_AREA(#15898);
#15898 = FILL_AREA_STYLE('',(#15899));
#15899 = FILL_AREA_STYLE_COLOUR('',#13196);
ENDSEC;
END-ISO-10303-21;
